player_id,date_unix,value
1,2009-04-22,0.0
6,2010-08-01,0.0
8,2010-01-01,0.0
10,2016-06-30,0.0
11,2009-03-18,0.0
16,2009-02-09,0.0
17,2006-06-30,0.0
18,2005-12-31,0.0
27,2006-06-30,0.0
46,2011-06-16,0.0
49,2012-03-13,0.0
51,2013-07-22,0.0
53,2012-09-22,0.0
62,2013-02-22,0.0
65,2018-03-31,0.0
71,2015-11-19,0.0
88,2007-06-19,0.0
97,2018-11-25,0.0
109,2014-08-09,0.0
132,2017-12-19,0.0
138,2011-10-10,0.0
152,2006-01-17,0.0
154,2009-02-04,0.0
177,2014-06-30,0.0
180,2009-06-30,0.0
183,2007-07-26,0.0
185,2011-03-03,0.0
199,2006-09-03,0.0
202,2009-09-01,0.0
204,2006-06-30,0.0
205,2018-02-17,0.0
208,2008-09-10,0.0
214,2012-09-21,0.0
215,2025-05-12,250000.0
232,2006-06-30,0.0
235,2010-02-03,0.0
247,2004-11-18,0.0
258,2015-06-30,0.0
271,2013-01-11,0.0
301,2009-01-27,0.0
343,2009-09-15,0.0
372,2009-06-30,0.0
398,2015-06-30,0.0
423,2010-04-01,0.0
436,2008-07-01,0.0
440,2008-07-01,0.0
469,2008-07-01,0.0
486,2005-06-30,0.0
488,2017-07-16,0.0
495,2014-06-30,0.0
518,2007-09-23,0.0
528,2013-02-26,0.0
534,2007-06-19,0.0
537,2018-12-31,0.0
540,2011-06-29,0.0
549,2009-03-28,0.0
551,2012-08-13,0.0
556,2016-02-05,0.0
561,2006-06-30,0.0
565,2011-07-18,0.0
571,2008-09-02,0.0
574,2011-06-29,0.0
598,2016-03-28,0.0
605,2012-09-18,0.0
656,2006-01-31,0.0
677,2008-04-23,0.0
705,2008-07-01,0.0
711,2014-08-09,0.0
719,2010-06-30,0.0
752,2012-06-13,0.0
755,2014-06-30,0.0
761,2010-07-09,0.0
766,2008-08-29,0.0
770,2006-06-30,0.0
804,2011-09-05,0.0
831,2015-06-30,0.0
838,2010-07-22,0.0
853,2009-09-27,0.0
886,2015-06-30,0.0
902,2012-10-15,0.0
903,2016-07-19,0.0
908,2007-09-03,0.0
914,2008-07-01,0.0
918,2012-01-27,0.0
919,2011-02-04,0.0
954,2013-12-29,0.0
979,2008-09-03,0.0
1036,2013-06-30,0.0
1055,2008-07-01,0.0
1075,2015-07-14,0.0
1083,2017-01-29,0.0
1094,2019-12-31,0.0
1095,2016-06-30,0.0
1125,2007-06-19,0.0
1154,2014-05-11,0.0
1204,2010-11-01,0.0
1246,2015-07-03,0.0
1262,2014-01-03,0.0
1299,2007-07-27,0.0
1314,2020-06-30,0.0
1331,2016-06-30,0.0
1358,2011-07-28,0.0
1373,2016-06-30,0.0
1379,2012-01-30,0.0
1396,2012-08-24,0.0
1414,2012-02-07,0.0
1416,2011-12-28,0.0
1419,2010-08-02,0.0
1427,2012-08-27,0.0
1433,2005-06-27,0.0
1474,2014-09-16,0.0
1519,2013-06-30,0.0
1533,2007-09-05,0.0
1552,2010-07-01,0.0
1572,2015-07-02,0.0
1573,2013-09-03,0.0
1610,2016-12-31,0.0
1622,2010-06-30,0.0
1667,2020-08-17,0.0
1695,2013-07-02,0.0
1745,2011-02-27,0.0
1770,2015-06-30,0.0
1776,2010-06-10,0.0
1782,2018-07-14,0.0
1856,2016-02-29,0.0
1880,2015-06-30,0.0
1919,2014-08-09,0.0
1978,2013-09-12,0.0
2050,2021-06-30,0.0
2077,2014-08-09,0.0
2219,2017-06-30,0.0
2293,2022-06-30,0.0
2344,2016-11-30,0.0
2345,2018-06-30,0.0
2360,2006-10-31,0.0
2487,2007-06-19,0.0
2519,2009-11-04,0.0
2623,2016-06-30,0.0
2710,2010-01-10,0.0
2758,2007-11-18,0.0
2807,2010-07-05,0.0
2865,2020-08-11,0.0
2867,2011-11-17,0.0
2874,2016-06-30,0.0
2887,2014-06-30,0.0
2895,2016-06-30,0.0
2989,2025-06-11,50000.0
2999,2014-10-27,0.0
3007,2011-01-20,0.0
3063,2011-07-13,0.0
3098,2014-07-31,0.0
3106,2018-04-26,0.0
3114,2015-06-30,0.0
3118,2013-07-31,0.0
3127,2017-10-27,0.0
3149,2014-06-30,0.0
3153,2010-11-18,0.0
3154,2005-11-06,0.0
3158,2011-04-06,0.0
3160,2018-10-06,0.0
3175,2008-09-17,0.0
3177,2006-12-31,0.0
3183,2011-06-29,0.0
3189,2011-03-15,0.0
3190,2018-06-30,0.0
3191,2010-07-01,0.0
3198,2011-06-30,0.0
3210,2008-10-12,0.0
3219,2016-08-03,0.0
3235,2015-06-30,0.0
3243,2012-03-08,0.0
3246,2013-07-14,0.0
3252,2012-03-31,0.0
3263,2018-06-30,0.0
3266,2017-06-30,0.0
3286,2008-04-26,0.0
3303,2011-10-14,0.0
3307,2008-04-10,0.0
3316,2010-05-17,0.0
3320,2007-12-11,0.0
3326,2013-10-11,0.0
3331,2011-07-03,0.0
3354,2015-01-12,0.0
3358,2012-09-26,0.0
3359,2010-09-07,0.0
3367,2012-12-31,0.0
3372,2013-01-17,0.0
3403,2011-02-02,0.0
3405,2018-06-30,0.0
3411,2015-07-14,0.0
3412,2011-06-27,0.0
3417,2018-06-30,0.0
3424,2005-06-30,0.0
3442,2007-06-19,0.0
3455,2023-06-30,0.0
3470,2011-06-29,0.0
3476,2015-06-30,0.0
3488,2012-07-01,0.0
7,2014-01-29,0.0
14,2009-12-19,0.0
19,2011-06-30,0.0
33,2009-08-15,0.0
35,2011-06-29,0.0
36,2008-07-01,0.0
42,2012-07-23,0.0
43,2010-07-01,0.0
45,2012-10-18,0.0
50,2006-06-30,0.0
67,2011-06-29,0.0
69,2016-06-30,0.0
75,2010-07-01,0.0
94,2009-10-29,0.0
160,2010-09-20,0.0
162,2013-06-30,0.0
165,2005-06-30,0.0
168,2005-08-11,0.0
184,2008-06-30,0.0
195,2011-07-06,0.0
201,2013-09-01,0.0
223,2012-09-04,0.0
230,2009-06-30,0.0
248,2009-07-20,0.0
250,2006-12-31,0.0
254,2007-09-16,0.0
272,2013-04-20,0.0
294,2012-07-01,0.0
306,2016-06-30,0.0
313,2010-01-07,0.0
346,2009-06-03,0.0
368,2010-07-01,0.0
388,2007-09-08,0.0
404,2014-01-23,0.0
408,2016-06-30,0.0
439,2013-07-22,0.0
447,2014-12-15,0.0
468,2009-07-16,0.0
475,2009-06-30,0.0
480,2007-10-08,0.0
482,2008-04-10,0.0
485,2006-10-13,0.0
512,2014-02-17,0.0
516,2012-01-18,0.0
517,2019-06-30,0.0
546,2007-10-19,0.0
557,2013-06-30,0.0
573,2008-07-14,0.0
582,2012-07-01,0.0
590,2008-07-01,0.0
601,2010-11-29,0.0
618,2011-06-29,0.0
635,2010-07-26,0.0
649,2013-07-21,0.0
663,2014-08-09,0.0
665,2013-02-06,0.0
674,2016-09-10,0.0
691,2015-06-30,0.0
695,2011-06-29,0.0
698,2013-06-30,0.0
703,2008-06-28,0.0
704,2007-11-04,0.0
728,2009-05-27,0.0
750,2010-07-01,0.0
763,2012-11-10,0.0
773,2014-08-09,0.0
774,2011-01-19,0.0
777,2013-06-30,0.0
799,2007-08-23,0.0
805,2017-03-06,0.0
806,2010-11-25,0.0
879,2004-12-16,0.0
910,2013-05-09,0.0
985,2012-07-07,0.0
996,2009-08-31,0.0
1039,2014-08-09,0.0
1051,2013-07-24,0.0
1054,2013-11-10,0.0
1056,2009-03-10,0.0
1076,2011-03-24,0.0
1112,2010-01-16,0.0
1159,2010-07-27,0.0
1161,2014-08-09,0.0
1195,2009-10-17,0.0
1257,2021-06-30,0.0
1261,2009-07-06,0.0
1264,2014-04-24,0.0
1274,2008-09-12,0.0
1277,2017-06-30,0.0
1278,2018-06-30,0.0
1279,2010-06-30,0.0
1318,2014-06-30,0.0
1320,2019-06-30,0.0
1323,2015-03-05,0.0
1329,2015-06-30,0.0
1343,2010-08-19,0.0
1368,2017-06-30,0.0
1372,2014-06-30,0.0
1401,2012-07-01,0.0
1403,2008-04-10,0.0
1464,2020-06-30,0.0
1467,2019-07-14,0.0
1557,2014-06-30,0.0
1561,2011-04-16,0.0
1582,2013-09-15,0.0
1587,2015-10-04,0.0
1599,2019-04-27,0.0
1678,2013-06-30,0.0
1717,2016-06-30,0.0
1762,2017-08-03,0.0
1896,2020-01-02,0.0
1897,2012-10-28,0.0
1944,2018-06-30,0.0
1956,2013-07-10,0.0
1967,2010-02-27,0.0
2017,2013-06-30,0.0
2054,2014-06-30,0.0
2129,2007-06-19,0.0
2150,2016-06-30,0.0
2211,2013-09-12,0.0
2214,2015-06-30,0.0
2222,2012-12-28,0.0
2232,2017-06-30,0.0
2296,2010-07-01,0.0
2346,2011-06-29,0.0
2394,2009-12-02,0.0
2482,2007-06-17,0.0
2504,2009-06-07,0.0
2514,2019-12-31,0.0
2608,2017-10-12,0.0
2641,2014-06-30,0.0
2649,2017-06-30,0.0
2681,2012-07-01,0.0
2699,2015-01-02,0.0
2806,2006-06-30,0.0
2857,2023-12-31,0.0
2878,2018-02-09,0.0
2880,2015-12-31,0.0
2899,2013-06-30,0.0
2904,2018-06-30,0.0
2925,2018-06-30,0.0
2956,2014-06-30,0.0
2963,2017-06-30,0.0
3004,2010-07-22,0.0
3074,2013-09-27,0.0
3097,2006-06-03,0.0
3103,2013-12-09,0.0
3107,2004-10-22,0.0
3112,2013-07-26,0.0
3131,2014-08-09,0.0
3133,2012-09-30,0.0
3143,2012-07-01,0.0
3170,2015-06-30,0.0
3171,2013-01-30,0.0
3179,2018-03-28,0.0
3185,2012-10-31,0.0
3194,2014-08-05,0.0
3202,2017-08-09,0.0
3217,2009-11-10,0.0
3220,2016-06-12,0.0
3223,2009-07-04,0.0
3224,2016-06-30,0.0
3250,2006-02-21,0.0
3270,2015-11-25,0.0
3272,2009-09-08,0.0
3273,2016-06-30,0.0
3277,2008-12-07,0.0
3287,2015-06-30,0.0
3336,2011-06-29,0.0
3353,2008-06-30,0.0
3357,2016-06-30,0.0
3392,2008-07-01,0.0
3399,2011-09-22,0.0
3432,2019-01-31,0.0
3446,2009-06-30,0.0
3447,2015-12-31,0.0
3454,2013-04-23,0.0
3456,2014-01-31,0.0
3459,2010-07-22,0.0
3473,2017-07-23,0.0
3483,2013-12-18,0.0
3485,2008-08-23,0.0
3490,2013-06-30,0.0
3495,2014-06-30,0.0
3503,2009-05-15,0.0
3504,2008-06-30,0.0
13,2007-02-19,0.0
26,2018-06-04,0.0
34,2011-07-01,0.0
38,2006-01-31,0.0
44,2007-06-30,0.0
48,2013-06-30,0.0
59,2012-07-29,0.0
63,2012-06-30,0.0
66,2008-08-05,0.0
72,2012-03-08,0.0
91,2009-02-01,0.0
92,2012-12-31,0.0
101,2008-08-10,0.0
112,2011-08-07,0.0
122,2010-07-01,0.0
133,2009-06-04,0.0
171,2007-02-12,0.0
190,2011-01-01,0.0
206,2008-07-01,0.0
209,2008-07-01,0.0
210,2006-06-30,0.0
227,2011-06-29,0.0
239,2011-06-29,0.0
264,2018-07-05,0.0
276,2013-12-31,0.0
304,2009-09-05,0.0
317,2013-06-30,0.0
332,2017-06-30,0.0
336,2012-02-22,0.0
337,2007-01-16,0.0
339,2009-06-30,0.0
342,2019-06-30,0.0
367,2012-12-31,0.0
369,2009-06-30,0.0
411,2014-08-09,0.0
433,2012-12-22,0.0
441,2006-01-02,0.0
450,2010-07-01,0.0
462,2011-08-22,0.0
465,2009-06-30,0.0
481,2012-07-01,0.0
483,2013-07-10,0.0
493,2006-06-30,0.0
524,2013-07-15,0.0
536,2012-01-18,0.0
567,2009-06-30,0.0
568,2016-06-30,0.0
585,2008-07-26,0.0
599,2012-09-10,0.0
622,2008-07-01,0.0
654,2008-03-03,0.0
662,2015-01-26,0.0
683,2008-05-22,0.0
684,2014-07-31,0.0
685,2013-06-30,0.0
690,2013-06-30,0.0
720,2012-06-29,0.0
722,2007-05-22,0.0
746,2015-06-30,0.0
760,2011-06-29,0.0
780,2006-07-29,0.0
800,2013-08-06,0.0
823,2016-06-30,0.0
865,2009-06-30,0.0
890,2012-06-03,0.0
892,2014-06-30,0.0
921,2012-07-01,0.0
952,2013-06-30,0.0
957,2005-10-31,0.0
1077,2014-06-30,0.0
1081,2017-07-01,0.0
1103,2016-06-30,0.0
1118,2008-07-01,0.0
1197,2012-10-14,0.0
1239,2014-06-30,0.0
1244,2006-06-30,0.0
1260,2014-12-31,0.0
1271,2023-06-30,0.0
1276,2009-06-30,0.0
1330,2009-01-31,0.0
1335,2014-03-19,0.0
1336,2013-06-30,0.0
1369,2017-05-15,0.0
1382,2010-12-31,0.0
1393,2009-12-27,0.0
1426,2016-10-10,0.0
1443,2015-12-07,0.0
1534,2012-01-22,0.0
1546,2008-11-16,0.0
1565,2020-01-27,0.0
1568,2014-12-31,0.0
1578,2011-07-31,0.0
1586,2021-06-30,0.0
1589,2012-03-02,0.0
1600,2010-06-04,0.0
1630,2007-06-30,0.0
1665,2004-10-03,600000.0
1682,2014-02-04,0.0
1716,2013-06-30,0.0
1722,2013-06-30,0.0
1746,2016-06-30,0.0
1749,2015-12-09,0.0
1778,2015-08-12,0.0
1812,2016-07-25,0.0
1820,2008-11-16,0.0
1926,2011-12-13,0.0
1974,2008-02-03,0.0
2052,2004-12-16,0.0
2141,2004-10-25,0.0
2146,2011-02-12,0.0
2154,2022-06-30,0.0
2234,2009-11-15,0.0
2295,2014-06-30,0.0
2306,2015-06-30,0.0
2386,2015-06-30,0.0
2421,2020-06-30,0.0
2453,2022-05-31,0.0
2685,2015-06-30,0.0
2703,2014-12-31,0.0
2712,2016-06-30,0.0
2773,2014-06-30,0.0
2805,2016-12-26,0.0
2871,2014-08-09,0.0
2888,2011-08-18,0.0
2898,2011-03-13,0.0
2900,2011-08-29,0.0
2953,2013-09-02,0.0
2970,2014-08-09,0.0
2995,2009-06-09,9000000.0
2997,2023-10-24,0.0
3008,2009-05-18,0.0
3038,2011-06-30,0.0
3082,2012-07-11,0.0
3091,2013-06-30,0.0
3135,2009-12-21,0.0
3139,2013-06-30,0.0
3140,2011-02-14,0.0
3144,2018-06-30,0.0
3157,2012-08-29,0.0
3163,2017-02-01,0.0
3167,2010-01-29,0.0
3176,2016-09-25,0.0
3182,2019-08-17,0.0
3200,2012-03-19,0.0
3206,2011-08-04,0.0
3207,2014-12-31,0.0
3216,2020-07-02,0.0
3221,2013-09-11,0.0
3231,2006-06-30,0.0
3233,2013-11-02,0.0
3238,2008-11-12,0.0
3247,2009-10-17,0.0
3259,2015-12-31,0.0
3280,2013-06-30,0.0
3285,2013-12-29,0.0
3289,2007-09-10,0.0
3296,2017-11-23,0.0
3299,2014-06-30,0.0
3305,2011-03-02,0.0
3306,2019-03-21,0.0
3308,2018-06-30,0.0
3313,2020-02-08,0.0
3321,2019-06-30,0.0
3322,2019-06-30,0.0
3328,2009-10-19,0.0
3329,2016-05-15,0.0
3333,2025-05-29,1000000.0
3335,2011-08-22,0.0
3356,2016-06-30,0.0
3360,2012-07-19,0.0
3363,2008-09-10,0.0
3364,2007-02-12,0.0
3365,2016-12-31,0.0
3366,2017-12-16,0.0
3374,2012-09-19,0.0
3389,2008-04-10,0.0
3391,2020-12-31,0.0
3397,2013-06-30,0.0
3404,2013-06-30,0.0
3406,2014-08-09,0.0
3407,2012-07-01,0.0
3410,2012-12-03,0.0
3416,2012-09-18,0.0
3418,2011-04-07,0.0
3422,2012-09-18,0.0
3428,2013-09-04,0.0
3430,2012-07-01,0.0
3445,2022-04-17,0.0
3462,2015-07-13,0.0
4,2007-02-12,0.0
5,2010-09-13,0.0
12,2006-06-30,0.0
24,2012-08-11,0.0
29,2011-09-17,0.0
30,2007-02-12,0.0
31,2009-06-30,0.0
32,2009-07-07,0.0
37,2007-09-05,0.0
40,2011-10-04,0.0
52,2013-06-30,0.0
68,2018-06-30,0.0
73,2009-06-11,0.0
77,2016-12-31,0.0
89,2017-11-28,0.0
95,2011-01-09,0.0
107,2016-12-31,0.0
145,2009-04-27,0.0
150,2008-07-01,0.0
153,2008-09-07,0.0
164,2005-06-30,0.0
170,2008-08-29,0.0
174,2007-10-24,0.0
176,2010-07-14,0.0
182,2009-08-09,0.0
192,2007-06-19,0.0
196,2008-07-01,0.0
213,2008-12-31,0.0
216,2008-01-10,0.0
217,2007-06-19,0.0
222,2009-06-30,0.0
229,2013-09-12,0.0
243,2013-09-20,0.0
246,2011-08-16,0.0
277,2016-06-30,0.0
281,2011-06-29,0.0
299,2013-06-30,0.0
305,2012-07-22,0.0
318,2010-02-05,0.0
322,2012-07-01,0.0
352,2009-12-31,0.0
354,2014-12-31,0.0
362,2015-06-30,0.0
400,2013-03-27,0.0
401,2013-06-30,0.0
446,2012-08-24,0.0
464,2007-08-04,0.0
500,2010-12-29,0.0
522,2014-03-06,0.0
529,2007-05-21,0.0
532,2020-07-06,0.0
533,2012-01-25,0.0
542,2010-07-13,0.0
580,2013-02-22,0.0
581,2007-02-12,0.0
583,2013-07-01,0.0
586,2011-04-21,0.0
587,2011-08-26,0.0
596,2010-07-01,0.0
597,2019-12-31,0.0
604,2014-12-31,0.0
610,2006-06-30,0.0
613,2019-06-30,0.0
627,2014-08-09,0.0
629,2010-04-05,0.0
632,2009-06-30,0.0
670,2014-08-09,0.0
687,2014-06-30,0.0
701,2015-06-30,0.0
712,2010-12-13,0.0
714,2013-06-30,0.0
735,2017-06-30,0.0
765,2011-08-15,0.0
768,2010-12-17,0.0
769,2009-03-10,0.0
776,2012-01-30,0.0
778,2007-03-20,0.0
782,2008-06-30,0.0
791,2012-06-30,0.0
821,2010-07-26,0.0
833,2010-01-28,0.0
839,2013-02-16,0.0
898,2009-10-14,0.0
933,2018-03-05,0.0
953,2017-03-24,0.0
958,2010-07-15,0.0
1023,2011-06-29,0.0
1025,2013-12-27,0.0
1061,2007-03-08,0.0
1080,2014-08-09,0.0
1108,2004-12-12,0.0
1115,2011-06-30,0.0
1126,2019-06-30,0.0
1139,2015-12-31,0.0
1150,2017-06-30,0.0
1157,2010-09-07,0.0
1165,2012-06-30,0.0
1166,2009-01-27,0.0
1170,2011-07-19,0.0
1199,2011-08-04,0.0
1253,2012-07-01,0.0
1255,2012-10-22,0.0
1298,2007-06-24,0.0
1301,2014-06-30,0.0
1327,2017-06-30,0.0
1338,2017-06-30,0.0
1362,2009-06-30,0.0
1363,2017-06-30,0.0
1364,2010-07-12,0.0
1370,2011-01-23,0.0
1371,2005-12-11,0.0
1381,2015-01-14,0.0
1386,2022-06-30,0.0
1397,2013-06-30,0.0
1400,2011-06-09,0.0
1415,2009-09-23,0.0
1422,2012-06-30,0.0
1423,2016-06-30,0.0
1428,2014-11-02,0.0
1432,2013-04-09,0.0
1457,2011-02-09,0.0
1470,2012-04-03,0.0
1496,2015-06-30,0.0
1517,2010-07-01,0.0
1563,2016-06-30,0.0
1564,2008-12-13,0.0
1571,2013-06-30,0.0
1574,2015-08-12,0.0
1613,2017-06-30,0.0
1626,2010-09-20,0.0
1666,2013-07-22,0.0
1720,2014-01-21,0.0
1727,2010-01-10,0.0
1739,2012-06-30,0.0
1742,2014-12-31,0.0
1743,2016-06-30,0.0
1791,2018-06-30,0.0
1792,2018-11-30,0.0
1794,2012-07-04,0.0
1811,2017-01-09,0.0
1836,2008-01-03,0.0
1883,2004-10-20,0.0
1900,2014-01-14,0.0
1969,2008-04-10,0.0
1986,2019-06-30,0.0
2071,2021-06-30,0.0
2074,2014-01-08,0.0
2127,2008-07-01,0.0
2201,2019-01-31,0.0
2244,2008-07-01,0.0
2334,2018-06-30,0.0
2358,2019-01-06,0.0
2450,2012-09-06,0.0
2533,2010-12-31,0.0
2539,2016-11-27,0.0
2540,2010-08-10,0.0
2614,2016-06-30,0.0
2624,2015-06-30,0.0
2684,2011-09-13,0.0
2704,2015-01-20,0.0
2734,2012-07-03,0.0
2889,2012-07-01,0.0
2923,2018-11-04,0.0
2926,2017-11-30,0.0
2986,2015-10-31,0.0
2998,2018-06-30,0.0
3001,2012-07-09,0.0
3002,2013-07-07,0.0
3081,2012-08-15,0.0
3094,2008-02-10,0.0
3109,2016-12-31,0.0
3111,2006-07-09,0.0
3115,2016-06-30,0.0
3117,2011-03-23,0.0
3123,2006-06-30,0.0
3134,2012-08-24,0.0
3137,2011-06-29,0.0
3145,2019-06-30,0.0
3146,2017-06-30,0.0
3150,2007-08-22,0.0
3151,2014-06-29,0.0
3156,2014-10-15,0.0
3159,2024-06-30,0.0
3174,2019-09-22,0.0
3193,2011-06-29,0.0
3195,2018-02-09,0.0
3205,2014-08-09,0.0
3209,2011-06-29,0.0
3218,2010-01-06,0.0
3226,2015-12-31,0.0
3236,2012-09-13,0.0
3241,2014-08-09,0.0
3248,2007-07-08,0.0
3253,2009-04-14,0.0
3255,2008-02-26,0.0
3256,2019-06-30,0.0
3278,2014-12-14,0.0
3284,2012-12-28,0.0
3290,2010-10-18,0.0
3291,2020-08-26,0.0
3293,2008-04-10,0.0
3297,2014-08-09,0.0
3300,2009-03-14,0.0
3302,2012-02-26,0.0
3310,2014-06-30,0.0
3312,2012-02-21,0.0
3315,2013-07-10,0.0
3327,2013-06-30,0.0
3332,2021-01-14,0.0
3337,2010-01-08,0.0
3373,2017-02-02,0.0
3393,2014-12-31,0.0
3394,2007-08-28,0.0
3396,2006-06-11,0.0
3408,2018-05-31,0.0
3415,2008-12-31,0.0
3438,2007-07-02,0.0
3458,2016-06-30,0.0
3460,2012-06-02,0.0
3461,2016-01-06,0.0
3464,2016-06-30,0.0
3472,2008-08-23,0.0
3508,2007-09-10,0.0
3516,2011-06-29,0.0
3531,2019-01-20,0.0
3534,2019-06-30,0.0
3537,2012-06-30,0.0
3539,2020-05-26,0.0
3548,2016-12-28,0.0
3569,2017-06-30,0.0
3576,2007-08-04,0.0
3579,2014-06-30,0.0
3584,2013-07-04,0.0
3609,2016-12-31,0.0
3621,2012-09-18,0.0
3624,2008-07-01,0.0
3643,2008-08-10,0.0
3647,2012-12-31,0.0
3651,2009-09-09,0.0
3661,2015-07-09,0.0
3666,2014-03-20,0.0
3673,2009-12-04,0.0
3676,2015-07-16,0.0
3698,2019-06-30,0.0
3704,2010-06-26,0.0
3723,2013-08-09,0.0
3727,2007-09-02,0.0
3768,2018-06-30,0.0
3771,2017-06-30,0.0
3786,2014-06-06,0.0
3797,2011-06-29,0.0
3805,2008-03-08,0.0
3814,2009-01-08,0.0
3825,2018-07-31,0.0
3851,2019-06-30,0.0
3852,2016-12-27,0.0
3861,2008-07-31,0.0
3866,2015-09-09,0.0
3873,2020-06-30,0.0
3876,2018-11-30,0.0
3879,2010-11-23,0.0
3882,2011-03-24,0.0
3900,2017-04-19,0.0
3906,2013-01-26,0.0
3912,2014-12-31,0.0
3940,2013-10-09,0.0
3946,2013-06-30,0.0
3960,2021-10-27,0.0
3965,2012-08-09,0.0
3975,2018-06-30,0.0
4014,2013-06-30,0.0
4018,2020-09-08,0.0
4039,2018-06-30,0.0
4041,2011-08-04,0.0
4056,2013-09-04,0.0
4070,2020-02-15,0.0
4092,2007-06-24,0.0
4115,2019-02-06,0.0
4116,2009-07-14,0.0
4134,2008-02-02,0.0
4136,2011-03-06,0.0
4158,2016-06-30,0.0
4175,2007-11-18,0.0
4192,2018-11-03,0.0
4196,2018-08-28,0.0
4203,2010-07-02,0.0
4205,2016-12-08,0.0
4217,2021-06-30,0.0
4239,2008-09-30,0.0
4288,2008-04-10,0.0
4311,2023-06-30,0.0
4315,2016-01-31,0.0
4321,2018-02-27,0.0
4327,2015-06-30,0.0
4345,2012-07-01,0.0
4352,2012-03-23,0.0
4361,2015-01-31,0.0
4379,2024-01-31,0.0
4394,2013-04-23,0.0
4570,2014-06-30,0.0
4592,2014-08-09,0.0
4599,2014-04-23,0.0
4605,2015-06-30,0.0
4672,2021-06-30,0.0
4811,2021-06-30,0.0
4823,2012-04-09,0.0
5064,2016-06-30,0.0
5071,2008-10-20,0.0
5169,2016-12-31,0.0
5278,2017-06-30,0.0
5283,2015-01-01,0.0
5286,2016-06-30,0.0
5289,2009-06-11,0.0
5308,2018-06-30,0.0
5317,2014-02-28,0.0
5318,2016-05-19,0.0
5331,2011-06-30,0.0
5347,2010-08-30,0.0
5348,2020-06-30,0.0
5367,2016-03-17,0.0
5390,2011-03-13,0.0
5409,2019-11-30,0.0
5418,2013-06-30,0.0
5426,2010-01-25,0.0
5428,2012-09-18,0.0
5431,2017-06-30,0.0
5437,2013-02-12,0.0
5440,2015-07-01,0.0
5447,2011-09-04,0.0
5449,2013-01-08,0.0
5453,2007-09-13,0.0
5459,2011-01-21,0.0
5516,2017-06-30,0.0
5519,2014-10-30,0.0
5531,2014-07-07,0.0
5559,2007-09-30,0.0
5565,2013-01-23,0.0
5570,2010-01-16,0.0
5592,2015-01-05,0.0
5612,2012-01-06,0.0
5615,2012-09-11,0.0
5617,2011-09-13,0.0
5621,2013-06-18,0.0
5634,2011-06-29,0.0
5643,2010-07-01,0.0
5652,2020-10-09,0.0
5656,2014-08-09,0.0
5664,2013-06-30,0.0
5698,2018-06-30,0.0
5703,2011-11-13,300000.0
5712,2018-01-03,0.0
5721,2013-07-01,0.0
5724,2011-03-14,0.0
5748,2009-10-22,0.0
5753,2011-03-07,0.0
5755,2019-06-30,0.0
5757,2013-03-03,0.0
5762,2013-09-22,0.0
5768,2021-05-06,0.0
5772,2012-07-01,0.0
5778,2012-05-24,0.0
5779,2008-04-12,0.0
5782,2020-08-14,0.0
5785,2014-02-13,0.0
5808,2011-01-05,0.0
5813,2013-06-30,0.0
5828,2015-08-28,0.0
5839,2010-07-24,0.0
5847,2012-09-22,0.0
5851,2012-12-06,0.0
5853,2016-07-25,0.0
5868,2019-06-30,0.0
5880,2017-06-30,0.0
5881,2014-01-19,0.0
5882,2005-12-31,0.0
5888,2011-07-09,0.0
5893,2019-03-20,0.0
5898,2016-06-29,0.0
5900,2009-10-17,0.0
5923,2009-10-15,0.0
5936,2017-12-15,0.0
5938,2016-06-30,0.0
5939,2007-09-05,0.0
5945,2015-06-30,0.0
5947,2020-01-05,0.0
5957,2019-06-30,0.0
5963,2007-09-12,0.0
5966,2018-11-14,0.0
5976,2014-10-22,0.0
5984,2011-12-24,0.0
6004,2018-06-30,0.0
6013,2016-04-22,0.0
6014,2010-01-01,0.0
6018,2013-12-16,0.0
6019,2011-03-27,0.0
6021,2013-01-28,0.0
6022,2014-06-29,0.0
6045,2008-04-10,0.0
6046,2015-06-30,0.0
6100,2014-08-09,0.0
6107,2015-12-31,0.0
6109,2013-12-31,0.0
6131,2017-06-30,0.0
6150,2021-12-31,0.0
6238,2013-07-14,0.0
6245,2011-06-29,0.0
6288,2020-06-30,0.0
6295,2017-06-30,0.0
6417,2019-06-30,0.0
6438,2019-06-30,0.0
6448,2017-06-30,0.0
6506,2012-06-30,0.0
6555,2017-06-30,0.0
6569,2012-01-16,0.0
6585,2023-06-28,0.0
6674,2008-07-01,0.0
6748,2010-07-25,0.0
6764,2018-06-30,0.0
6794,2013-06-30,0.0
6832,2014-06-30,0.0
6833,2013-01-19,0.0
6933,2009-03-14,0.0
7100,2016-06-30,0.0
7105,2012-09-09,0.0
7106,2012-11-14,0.0
7161,2025-06-04,2000000.0
7353,2023-06-28,0.0
7374,2021-05-04,0.0
7430,2014-04-22,0.0
7432,2011-02-26,0.0
7451,2016-06-30,0.0
7468,2014-08-28,0.0
7471,2013-09-04,0.0
7474,2018-06-30,0.0
7499,2015-06-30,0.0
7512,2019-06-30,0.0
7515,2012-09-16,0.0
7519,2017-06-30,0.0
7532,2014-07-07,0.0
7537,2015-09-06,0.0
7539,2007-06-19,0.0
7550,2013-07-14,0.0
7563,2014-08-09,0.0
7573,2007-06-19,0.0
7581,2009-06-30,0.0
7602,2018-06-30,0.0
7607,2019-06-30,0.0
7617,2013-10-27,0.0
7629,2015-07-14,0.0
7633,2013-08-05,0.0
7634,2009-08-31,0.0
7638,2018-05-29,0.0
7642,2018-12-31,0.0
7650,2013-06-30,0.0
7658,2014-06-30,0.0
7669,2016-06-30,0.0
7695,2009-10-09,0.0
7703,2008-01-28,0.0
7712,2007-06-11,0.0
7716,2010-08-11,0.0
7717,2019-02-18,300000.0
7721,2009-10-09,0.0
7724,2009-06-30,0.0
7731,2007-09-05,0.0
7735,2014-06-30,0.0
7743,2008-09-07,0.0
7767,2019-08-25,0.0
7774,2007-06-19,0.0
7782,2017-06-30,0.0
7797,2019-06-30,0.0
7799,2008-08-17,0.0
7804,2016-06-30,0.0
7805,2014-11-30,0.0
7813,2016-01-25,0.0
7814,2015-06-30,0.0
7835,2007-07-19,0.0
7838,2011-06-29,0.0
7841,2017-04-19,0.0
7864,2012-09-18,0.0
7870,2008-01-28,0.0
7871,2015-06-30,0.0
7872,2008-08-09,0.0
7874,2019-06-30,0.0
7878,2015-06-30,0.0
7888,2013-08-02,0.0
7909,2011-09-02,0.0
7915,2010-08-11,0.0
7916,2011-06-30,0.0
7919,2009-10-09,0.0
7921,2013-04-22,0.0
7967,2005-06-30,0.0
7973,2009-03-16,0.0
7976,2010-10-22,0.0
7979,2009-10-09,0.0
7980,2020-01-31,0.0
7983,2017-07-03,0.0
7986,2008-04-10,0.0
7987,2021-12-31,0.0
8004,2007-11-18,0.0
8019,2015-12-31,0.0
8058,2006-06-30,0.0
8068,2019-10-25,0.0
8108,2022-02-23,0.0
8139,2015-06-30,0.0
8163,2018-09-30,0.0
8182,2017-06-30,0.0
8187,2024-09-26,0.0
8207,2013-07-01,0.0
8317,2018-06-12,0.0
8419,2015-10-12,0.0
8421,2023-12-31,0.0
8559,2017-06-30,0.0
8674,2017-08-01,0.0
8690,2019-02-26,0.0
8695,2011-04-06,0.0
8786,2009-03-09,0.0
8885,2019-07-03,0.0
9171,2007-12-31,0.0
9206,2011-06-30,0.0
9210,2012-01-20,0.0
9214,2015-01-05,0.0
9219,2005-10-03,0.0
9239,2014-06-30,0.0
9340,2020-07-31,0.0
9490,2008-04-10,0.0
9508,2017-06-30,0.0
9590,2013-11-17,0.0
9611,2015-12-31,0.0
9620,2014-06-30,0.0
9622,2013-03-08,0.0
9657,2012-03-01,0.0
9659,2018-04-03,0.0
9706,2014-04-06,0.0
9764,2014-06-30,0.0
9819,2020-08-02,0.0
9828,2017-12-31,0.0
9831,2009-08-25,0.0
9863,2011-04-21,0.0
9873,2007-06-19,0.0
9941,2021-06-30,0.0
10006,2009-07-13,0.0
10008,2016-07-28,0.0
10011,2016-06-30,0.0
10045,2012-03-30,0.0
10242,2009-06-30,0.0
10250,2018-06-30,0.0
10372,2013-01-02,0.0
10378,2007-02-19,0.0
10418,2010-07-31,0.0
10435,2011-05-23,0.0
10471,2025-06-05,250000.0
10502,2014-06-30,0.0
10503,2023-06-30,0.0
10885,2019-06-30,0.0
10893,2015-01-17,0.0
11367,2010-07-09,0.0
11653,2010-04-13,0.0
11661,2008-07-31,0.0
11869,2017-06-30,0.0
12031,2016-03-26,0.0
12033,2013-07-25,0.0
12036,2015-06-30,0.0
12060,2013-09-04,0.0
12100,2011-11-27,0.0
12128,2017-06-30,0.0
12249,2025-06-01,750000.0
12275,2016-06-30,0.0
12376,2015-12-31,0.0
12516,2017-12-31,0.0
12563,2022-06-30,0.0
12568,2011-08-16,0.0
12707,2016-01-27,0.0
12709,2015-06-30,0.0
12717,2009-06-30,0.0
12763,2021-06-30,0.0
12770,2011-07-01,0.0
12807,2015-11-22,0.0
12825,2009-12-26,0.0
12864,2021-06-30,0.0
12873,2017-08-10,0.0
12883,2020-05-22,0.0
12906,2019-10-19,0.0
12907,2025-06-01,750000.0
13051,2015-06-30,0.0
13216,2019-07-28,0.0
13225,2013-07-01,0.0
13244,2010-07-04,0.0
13249,2013-07-28,0.0
13257,2011-04-20,0.0
13304,2010-02-12,0.0
13327,2013-08-05,0.0
13331,2013-07-26,0.0
13388,2013-02-26,0.0
13396,2013-06-29,0.0
13400,2013-07-26,0.0
13411,2012-10-31,0.0
13441,2013-06-30,0.0
13445,2014-06-30,0.0
13458,2013-06-30,0.0
13476,2012-07-20,0.0
13480,2012-09-22,0.0
13485,2018-12-31,0.0
13507,2020-07-26,0.0
13515,2013-12-22,0.0
13532,2017-05-11,0.0
13573,2020-07-31,0.0
13575,2014-04-29,0.0
13581,2012-03-30,0.0
13582,2019-08-04,0.0
13610,2011-06-19,0.0
13686,2019-06-30,0.0
13712,2010-01-08,0.0
13726,2013-11-15,0.0
13741,2011-05-15,0.0
13746,2007-11-04,0.0
13763,2019-06-30,0.0
13787,2010-03-02,0.0
13789,2009-06-30,0.0
13878,2015-06-30,0.0
13940,2011-03-13,0.0
13992,2011-04-13,0.0
13993,2016-06-30,0.0
14017,2013-06-30,0.0
14021,2013-12-03,0.0
14023,2012-03-30,0.0
14030,2015-06-30,0.0
14033,2009-05-01,0.0
14040,2015-06-30,0.0
14045,2013-05-29,0.0
14054,2016-02-07,0.0
14066,2021-06-30,0.0
14069,2015-02-24,0.0
14175,2012-09-20,0.0
14195,2021-06-30,0.0
3491,2014-06-26,0.0
3520,2007-06-19,0.0
3540,2019-06-27,0.0
3551,2016-06-30,0.0
3556,2012-09-04,0.0
3557,2007-10-31,0.0
3559,2018-09-19,0.0
3560,2017-06-30,0.0
3565,2013-08-23,0.0
3566,2012-02-05,0.0
3567,2014-09-02,0.0
3573,2014-07-01,0.0
3580,2019-06-30,0.0
3583,2015-12-31,0.0
3589,2013-10-10,0.0
3590,2012-05-31,0.0
3598,2015-05-17,0.0
3599,2015-12-31,0.0
3601,2012-09-18,0.0
3604,2015-12-31,0.0
3620,2016-06-30,0.0
3630,2017-06-30,0.0
3631,2007-06-19,0.0
3638,2017-05-31,0.0
3644,2007-06-19,0.0
3649,2012-05-18,0.0
3654,2011-01-23,0.0
3655,2025-06-29,25000.0
3656,2008-04-10,0.0
3659,2014-12-31,0.0
3660,2020-04-21,0.0
3668,2019-12-31,0.0
3682,2014-08-09,0.0
3693,2012-09-18,0.0
3700,2013-12-30,0.0
3703,2009-06-30,0.0
3705,2006-06-24,0.0
3762,2018-12-31,0.0
3764,2016-10-21,0.0
3775,2014-06-30,0.0
3777,2017-06-30,0.0
3785,2017-06-30,0.0
3787,2008-03-17,0.0
3793,2013-12-31,0.0
3798,2007-09-25,0.0
3807,2015-06-30,0.0
3810,2009-10-17,0.0
3821,2007-07-22,0.0
3822,2016-11-30,0.0
3835,2017-11-30,0.0
3836,2011-09-09,0.0
3841,2007-08-15,0.0
3858,2016-06-30,0.0
3874,2010-09-11,0.0
3902,2011-01-21,0.0
3923,2013-01-28,0.0
3924,2018-11-30,0.0
3926,2013-06-30,0.0
3962,2012-08-17,0.0
3966,2019-07-30,0.0
3978,2013-08-17,0.0
3988,2011-05-12,0.0
3994,2010-07-01,0.0
4010,2017-06-30,0.0
4047,2018-12-31,0.0
4058,2019-06-30,0.0
4062,2011-07-09,0.0
4069,2011-09-13,0.0
4077,2012-09-03,0.0
4080,2013-06-30,0.0
4081,2013-07-09,0.0
4095,2021-10-06,0.0
4098,2018-06-30,0.0
4100,2010-07-22,0.0
4106,2020-06-30,0.0
4111,2014-05-08,0.0
4121,2013-03-08,0.0
4126,2017-06-30,0.0
4127,2008-01-03,0.0
4133,2022-11-30,0.0
4140,2014-12-07,0.0
4146,2015-01-20,0.0
4171,2014-01-15,0.0
4173,2015-07-01,0.0
4176,2023-06-30,0.0
4221,2012-06-30,0.0
4248,2022-12-31,0.0
4276,2022-06-03,0.0
4278,2009-09-17,0.0
4287,2013-09-12,0.0
4298,2016-08-19,0.0
4308,2014-12-15,0.0
4317,2017-06-30,0.0
4329,2013-06-11,0.0
4344,2014-06-30,0.0
4354,2011-06-29,0.0
4479,2011-08-22,0.0
4573,2013-06-30,0.0
4676,2014-06-30,0.0
4750,2020-02-05,0.0
4755,2014-06-30,0.0
4820,2009-06-30,0.0
4879,2015-06-30,0.0
4951,2016-07-15,0.0
4952,2017-11-13,0.0
5001,2019-06-30,0.0
5017,2024-12-31,0.0
5023,2023-08-01,0.0
5059,2022-06-30,0.0
5065,2014-06-30,0.0
5081,2015-06-30,0.0
5174,2009-12-29,0.0
5197,2024-03-28,0.0
5249,2016-06-30,0.0
5281,2014-08-09,0.0
5284,2012-05-10,0.0
5285,2019-07-28,0.0
5292,2011-12-23,0.0
5295,2012-09-22,0.0
5301,2015-06-30,0.0
5303,2020-06-30,0.0
5309,2023-06-11,0.0
5310,2012-09-18,0.0
5313,2013-08-26,0.0
5346,2015-06-30,0.0
5376,2015-06-30,0.0
5391,2009-06-30,0.0
5419,2015-06-30,0.0
5421,2011-10-22,0.0
5423,2016-03-07,0.0
5433,2011-01-21,0.0
5438,2015-06-30,0.0
5451,2018-06-30,0.0
5465,2016-03-31,0.0
5467,2011-01-21,0.0
5472,2010-07-01,0.0
5486,2017-06-30,0.0
5492,2013-04-21,0.0
5509,2018-01-07,0.0
5513,2018-01-17,0.0
5520,2016-05-27,0.0
5528,2016-03-26,0.0
5540,2014-04-08,0.0
5548,2010-07-02,0.0
5562,2013-10-17,0.0
5566,2015-07-01,0.0
5571,2011-09-08,0.0
5572,2009-08-11,0.0
5578,2023-06-30,0.0
5596,2009-12-21,0.0
5597,2022-06-30,0.0
5606,2012-09-05,0.0
5618,2012-09-22,0.0
5622,2016-06-30,0.0
5625,2009-10-13,0.0
5627,2015-07-01,0.0
5639,2015-07-01,0.0
5640,2012-03-03,0.0
5654,2018-07-09,0.0
5672,2019-06-30,0.0
5710,2014-06-30,0.0
5735,2007-11-25,0.0
5745,2010-07-09,0.0
5751,2006-06-30,0.0
5752,2008-07-23,0.0
5754,2007-11-25,0.0
5771,2016-04-13,0.0
5775,2011-06-14,0.0
5787,2008-08-18,0.0
5799,2008-07-01,0.0
5800,2015-12-31,0.0
5846,2011-11-14,0.0
5849,2010-07-01,0.0
14219,2017-06-30,0.0
14221,2022-11-14,0.0
14259,2023-10-29,0.0
14299,2013-06-30,0.0
14334,2018-10-21,0.0
14345,2013-01-02,0.0
14855,2012-02-10,0.0
14911,2013-06-30,0.0
14940,2018-07-17,0.0
14942,2019-06-30,0.0
14950,2013-08-12,0.0
14977,2019-12-31,0.0
15104,2014-06-30,0.0
15164,2024-09-24,0.0
15272,2009-02-19,0.0
15296,2009-10-17,0.0
15306,2015-08-15,0.0
15332,2015-07-06,0.0
15339,2010-10-19,0.0
15381,2017-06-30,0.0
15449,2018-01-23,0.0
15453,2012-02-12,0.0
15460,2011-08-14,0.0
15461,2021-08-04,0.0
15463,2017-06-30,0.0
15493,2011-02-20,0.0
15561,2013-07-18,0.0
15693,2018-06-30,0.0
15695,2013-04-30,0.0
15773,2023-06-30,0.0
15803,2015-06-30,0.0
15819,2013-06-30,0.0
15888,2020-06-30,0.0
15929,2020-07-20,0.0
15930,2023-10-18,0.0
15960,2011-06-15,0.0
15972,2009-12-21,0.0
15974,2017-06-30,0.0
15980,2017-04-19,0.0
15981,2021-06-30,0.0
16126,2015-12-31,0.0
16137,2019-06-30,0.0
16143,2016-06-30,0.0
16162,2017-06-30,0.0
16232,2012-07-30,0.0
16477,2016-04-21,0.0
16498,2020-08-10,0.0
16519,2016-05-03,0.0
16618,2008-01-28,0.0
16629,2010-07-13,0.0
16632,2016-04-20,0.0
16634,2020-08-31,0.0
16726,2019-06-30,0.0
16791,2024-05-23,0.0
16846,2011-07-27,0.0
16848,2023-06-30,0.0
16851,2008-04-10,0.0
16863,2020-06-30,0.0
16902,2020-06-30,0.0
16905,2022-06-30,0.0
16993,2024-09-27,0.0
17127,2023-06-30,0.0
17129,2022-06-30,0.0
17146,2015-06-30,0.0
17155,2014-08-09,0.0
17208,2019-06-30,0.0
17221,2018-12-31,0.0
17222,2020-04-06,0.0
17257,2021-12-02,0.0
17286,2020-02-05,0.0
17350,2019-07-02,0.0
17361,2010-06-30,0.0
17369,2012-06-30,0.0
17396,2019-06-30,0.0
17420,2010-09-07,0.0
17555,2018-06-30,0.0
17663,2022-10-03,0.0
17675,2015-07-01,0.0
17733,2023-06-30,0.0
17880,2021-06-29,0.0
17930,2016-03-22,0.0
17976,2022-10-03,0.0
17997,2005-01-12,800000.0
18093,2019-12-21,0.0
18310,2018-06-30,0.0
18324,2018-06-30,0.0
18412,2014-03-23,0.0
18445,2022-05-07,0.0
18511,2007-02-14,0.0
18531,2017-06-30,0.0
18649,2011-05-11,0.0
18654,2019-07-14,0.0
18664,2011-06-29,0.0
18702,2018-06-30,0.0
18820,2020-06-30,0.0
18840,2015-12-31,0.0
18875,2015-02-26,0.0
18945,2022-10-03,0.0
18971,2021-12-31,0.0
18981,2020-07-31,0.0
19041,2024-06-30,0.0
19059,2020-10-15,0.0
19085,2016-12-31,0.0
19112,2022-12-31,0.0
19124,2017-06-29,0.0
19254,2016-08-17,0.0
19333,2009-06-07,0.0
19368,2022-12-31,0.0
19435,2016-06-30,0.0
19445,2018-06-29,0.0
19446,2019-06-30,0.0
19503,2016-06-30,0.0
19548,2018-06-30,0.0
19641,2016-06-30,0.0
19671,2023-06-29,0.0
19709,2017-06-30,0.0
19712,2017-07-26,0.0
19715,2016-06-30,0.0
19717,2020-01-05,0.0
19718,2014-06-29,0.0
19857,2015-06-30,150000.0
19951,2011-12-26,0.0
19976,2020-06-30,0.0
20005,2023-10-19,0.0
20007,2020-10-15,0.0
20052,2014-06-15,0.0
20081,2020-06-30,0.0
20092,2009-05-13,0.0
20132,2012-06-30,0.0
20137,2025-06-01,100000.0
20220,2018-02-15,0.0
20276,2021-02-09,0.0
20284,2019-06-30,0.0
20551,2017-06-30,0.0
20586,2022-06-30,0.0
20714,2021-06-30,0.0
20726,2017-08-30,0.0
20732,2010-01-21,0.0
20735,2011-06-30,0.0
20741,2013-06-30,0.0
20815,2012-09-16,0.0
20914,2020-11-22,0.0
21042,2024-06-04,0.0
21101,2025-06-16,10000.0
21151,2022-06-30,0.0
21155,2012-08-05,0.0
21157,2017-11-30,0.0
21175,2021-08-03,0.0
21184,2011-07-31,0.0
21188,2021-06-14,0.0
21231,2017-06-30,0.0
21234,2012-06-01,0.0
21317,2012-06-30,0.0
21333,2024-10-16,0.0
21369,2022-09-11,0.0
21408,2012-07-05,0.0
21490,2020-11-10,0.0
21682,2020-08-28,0.0
21686,2012-12-18,0.0
21695,2017-04-30,0.0
21725,2023-12-31,0.0
21752,2020-06-30,0.0
21756,2017-06-30,0.0
21761,2017-06-14,0.0
21788,2011-09-12,0.0
21817,2007-09-05,0.0
21822,2016-06-30,0.0
21853,2012-08-03,0.0
21857,2012-06-18,0.0
21861,2018-08-07,0.0
21971,2013-06-18,0.0
21981,2024-06-30,0.0
21986,2011-12-01,0.0
22053,2016-06-30,0.0
22068,2022-10-20,0.0
22097,2019-10-29,0.0
22106,2010-01-21,0.0
22113,2013-06-30,0.0
22123,2016-06-30,0.0
22132,2017-06-29,0.0
22155,2025-02-26,0.0
22201,2012-02-04,0.0
22225,2008-09-04,0.0
22226,2012-05-18,0.0
22239,2021-12-07,0.0
22248,2012-07-21,0.0
22307,2016-01-25,0.0
22319,2007-08-02,0.0
22328,2023-11-18,0.0
22338,2020-12-31,0.0
22377,2018-12-31,0.0
22379,2018-06-18,0.0
22395,2020-07-07,0.0
22396,2020-07-07,0.0
22409,2010-07-01,0.0
22412,2018-04-28,0.0
22487,2016-12-31,0.0
22491,2022-12-31,0.0
22527,2017-12-31,0.0
22568,2014-08-23,0.0
22572,2007-03-14,0.0
22579,2008-11-17,0.0
22586,2021-06-30,0.0
22592,2011-03-27,0.0
22598,2019-11-13,0.0
22618,2017-06-30,0.0
22628,2024-06-30,0.0
22636,2016-06-30,0.0
22645,2017-06-30,0.0
22662,2024-03-06,0.0
22686,2025-06-18,900000.0
22741,2024-03-18,0.0
22801,2019-12-31,0.0
22811,2024-09-15,0.0
22814,2019-06-30,0.0
22837,2016-06-30,0.0
22860,2025-06-15,100000.0
22977,2012-09-22,0.0
23086,2023-11-12,0.0
23097,2018-12-31,0.0
23170,2008-09-07,0.0
23218,2020-06-30,0.0
23227,2012-10-19,0.0
23287,2014-07-11,0.0
23290,2011-07-11,0.0
23295,2007-06-23,6000000.0
23312,2014-06-30,0.0
23334,2010-01-01,0.0
23338,2023-06-30,0.0
23349,2013-06-21,0.0
23351,2016-06-30,0.0
23833,2010-04-26,0.0
23874,2025-06-09,25000.0
23933,2014-07-01,0.0
23936,2009-10-03,0.0
23946,2016-06-30,0.0
23947,2016-04-17,0.0
23953,2011-10-10,0.0
23959,2021-10-07,0.0
23975,2009-10-03,0.0
23976,2021-10-07,0.0
24292,2022-03-03,0.0
24298,2010-07-25,0.0
24331,2023-03-06,0.0
24333,2016-07-15,0.0
24334,2007-08-15,0.0
24633,2018-12-31,0.0
24862,2018-07-16,0.0
25043,2007-02-12,0.0
25068,2011-04-24,0.0
25113,2018-07-15,0.0
25204,2015-12-22,0.0
25318,2018-06-22,0.0
25323,2015-06-30,0.0
25324,2009-09-07,0.0
25325,2018-12-31,0.0
25366,2019-11-30,0.0
25411,2014-08-21,0.0
25413,2015-07-02,0.0
25441,2020-09-30,0.0
25462,2019-01-20,0.0
25468,2019-06-30,0.0
25484,2011-08-29,0.0
25492,2013-06-30,0.0
25557,2025-05-25,1200000.0
25565,2017-12-31,0.0
25775,2015-02-12,0.0
25785,2023-03-06,0.0
25883,2005-10-10,0.0
25922,2010-09-09,0.0
26063,2017-11-30,0.0
26136,2018-09-30,0.0
26147,2018-09-30,0.0
26153,2025-05-11,50000.0
26267,2025-04-03,250000.0
26373,2014-06-30,0.0
26399,2021-12-14,0.0
26447,2015-12-31,0.0
26633,2020-08-21,0.0
26764,2019-12-31,0.0
26831,2012-03-30,0.0
26854,2021-07-31,0.0
26898,2016-06-30,0.0
27033,2022-06-30,0.0
27245,2021-04-05,0.0
27306,2023-06-30,0.0
27363,2019-12-31,0.0
27391,2013-05-21,0.0
27462,2023-01-08,0.0
27470,2024-09-24,0.0
27471,2023-10-23,0.0
27486,2023-06-30,0.0
27487,2022-06-30,0.0
27505,2019-12-31,0.0
27511,2022-11-15,0.0
27577,2018-08-28,0.0
27585,2020-06-30,0.0
27941,2023-06-30,0.0
27980,2021-12-21,0.0
28003,2025-06-04,18000000.0
28021,2023-06-30,0.0
28025,2015-12-31,0.0
28066,2015-06-30,0.0
28239,2024-03-06,0.0
28313,2015-06-30,0.0
28327,2011-09-21,0.0
28328,2019-06-30,0.0
28670,2013-09-23,0.0
28805,2012-06-30,0.0
28806,2018-06-30,0.0
28828,2017-07-04,0.0
28833,2022-06-23,0.0
28862,2020-05-15,0.0
28868,2015-06-30,0.0
28907,2017-06-30,0.0
28987,2016-06-30,0.0
29035,2018-06-29,0.0
29065,2019-01-21,0.0
29070,2017-04-19,0.0
29090,2014-04-16,0.0
29098,2010-02-14,0.0
29108,2008-01-23,0.0
29120,2009-06-06,0.0
29129,2018-12-31,0.0
29137,2018-09-30,0.0
29156,2015-07-02,0.0
29159,2017-06-30,0.0
29186,2012-10-01,0.0
29237,2016-01-13,0.0
29316,2020-06-30,0.0
29378,2013-06-30,0.0
29423,2020-05-03,0.0
29597,2006-09-03,0.0
29598,2007-05-02,0.0
29604,2024-06-05,0.0
29613,2014-12-31,0.0
29723,2009-02-06,0.0
29962,2024-06-17,0.0
29971,2016-06-30,0.0
29974,2016-06-30,0.0
30095,2014-08-09,0.0
30097,2017-04-19,0.0
30220,2021-04-07,0.0
30563,2014-12-31,0.0
30593,2023-12-31,0.0
30650,2017-01-18,0.0
30666,2024-06-30,0.0
30670,2025-06-08,150000.0
30687,2025-06-04,100000.0
30797,2017-06-30,0.0
30985,2020-06-30,0.0
31005,2022-07-08,0.0
31007,2022-06-30,0.0
31064,2017-06-30,0.0
31101,2019-09-26,0.0
31316,2023-06-30,0.0
31336,2022-11-30,0.0
31599,2025-06-30,0.0
31716,2014-01-28,0.0
31719,2017-06-30,0.0
31720,2022-12-31,0.0
31757,2010-07-02,0.0
31761,2016-03-31,0.0
31835,2022-06-30,0.0
32088,2013-06-25,0.0
32098,2019-07-11,0.0
32112,2019-10-16,0.0
32120,2007-08-26,0.0
32153,2018-06-30,0.0
32233,2015-01-20,0.0
32273,2021-09-03,0.0
3509,2016-03-21,0.0
3511,2007-06-30,0.0
3514,2009-11-18,0.0
3519,2008-03-18,0.0
3535,2013-06-30,0.0
3538,2010-10-13,0.0
3541,2011-02-04,0.0
3543,2010-07-01,0.0
3546,2019-06-30,0.0
3563,2012-08-08,0.0
3578,2009-02-20,0.0
3595,2010-06-30,0.0
3597,2013-06-30,0.0
3600,2012-09-26,0.0
3603,2009-06-30,0.0
3605,2012-05-10,0.0
3612,2017-05-09,0.0
3619,2010-06-30,0.0
3640,2017-08-07,0.0
3641,2010-07-22,0.0
3646,2013-12-01,0.0
3653,2011-06-29,0.0
3667,2007-10-24,0.0
3674,2007-04-09,0.0
3679,2017-07-25,0.0
3695,2017-06-30,0.0
3699,2007-11-12,0.0
3707,2016-12-31,0.0
3711,2012-12-13,0.0
3713,2020-08-31,0.0
3715,2009-07-22,0.0
3738,2011-06-29,0.0
3744,2006-06-06,0.0
3747,2009-04-19,0.0
3781,2014-06-30,0.0
3789,2010-01-07,0.0
3791,2015-02-27,0.0
3792,2010-09-03,0.0
3801,2010-05-16,0.0
3816,2015-06-29,0.0
3817,2018-06-30,0.0
3826,2016-03-07,0.0
3827,2014-02-26,0.0
3840,2010-06-14,0.0
3842,2009-02-18,0.0
3863,2010-08-31,0.0
3868,2014-03-03,0.0
3875,2022-03-23,0.0
3878,2018-06-30,0.0
3884,2006-06-30,0.0
3901,2014-10-01,0.0
3904,2011-07-18,0.0
3919,2007-11-18,0.0
3922,2010-09-07,0.0
3929,2021-06-30,0.0
3933,2009-09-19,0.0
3938,2012-10-30,0.0
3950,2016-07-05,0.0
3954,2013-12-20,0.0
3955,2020-06-30,0.0
3970,2016-03-29,0.0
3995,2019-06-30,0.0
3997,2010-04-12,0.0
4015,2013-08-08,0.0
4038,2010-10-24,0.0
4042,2023-06-30,0.0
4045,2013-07-17,0.0
4052,2014-12-17,0.0
4053,2014-06-30,0.0
4055,2020-07-26,0.0
4064,2008-01-21,0.0
4066,2007-03-21,0.0
4067,2015-06-30,0.0
4072,2019-07-11,0.0
4073,2009-03-12,0.0
4074,2008-05-04,0.0
4075,2017-06-30,0.0
4076,2016-11-01,0.0
4087,2016-01-25,0.0
4094,2016-12-31,0.0
4138,2008-04-10,0.0
4169,2011-06-29,0.0
4188,2022-06-30,0.0
4190,2022-10-04,0.0
4193,2016-06-06,0.0
4208,2017-08-23,0.0
4220,2014-04-24,0.0
4228,2007-07-08,0.0
4230,2008-04-10,0.0
4233,2021-10-22,0.0
4241,2017-06-30,0.0
4250,2007-11-27,0.0
4257,2019-09-06,0.0
4266,2009-12-08,0.0
4267,2020-11-30,0.0
4277,2019-12-15,0.0
4291,2016-04-21,0.0
4294,2011-06-24,0.0
4359,2013-12-13,0.0
4360,2021-07-14,0.0
4371,2019-08-21,0.0
4464,2008-07-01,0.0
4489,2016-02-10,0.0
4513,2014-08-09,0.0
4549,2013-07-01,0.0
4559,2012-08-15,0.0
4594,2010-07-01,0.0
4607,2016-10-01,0.0
4687,2022-02-21,0.0
4692,2018-08-05,0.0
4746,2017-06-30,0.0
4793,2019-06-30,0.0
4796,2018-06-30,0.0
4832,2005-12-06,0.0
4843,2018-06-30,0.0
4911,2014-08-09,0.0
4945,2019-06-30,0.0
5072,2020-06-30,0.0
5302,2008-07-01,0.0
5324,2010-11-27,0.0
5332,2011-07-19,0.0
5338,2018-06-30,0.0
5357,2013-09-03,0.0
5379,2009-03-05,0.0
5404,2020-06-30,0.0
5407,2011-05-13,0.0
5414,2013-06-30,0.0
5422,2016-06-30,0.0
5425,2009-04-24,0.0
5429,2008-08-02,0.0
5443,2011-09-13,0.0
5450,2009-06-30,0.0
5457,2021-06-30,0.0
5485,2013-01-16,0.0
5487,2007-06-19,0.0
5500,2012-09-12,0.0
5507,2015-12-31,0.0
5508,2011-09-13,0.0
5514,2008-08-02,0.0
5527,2012-12-30,0.0
5535,2013-07-23,0.0
5544,2017-06-30,0.0
5550,2011-06-29,0.0
5552,2008-03-22,0.0
5568,2019-06-30,0.0
5569,2010-10-04,0.0
5573,2011-06-29,0.0
5574,2023-06-30,0.0
5575,2011-01-22,0.0
5584,2010-12-13,0.0
5588,2021-06-28,0.0
5593,2016-06-30,0.0
5609,2012-10-24,0.0
5611,2011-05-15,0.0
5613,2010-01-20,0.0
5614,2017-06-30,0.0
5641,2011-12-03,0.0
5649,2010-07-04,0.0
5658,2019-06-30,0.0
5667,2018-01-10,0.0
5677,2013-08-26,0.0
5678,2010-12-25,0.0
5684,2011-06-16,0.0
5689,2013-03-30,0.0
5699,2012-06-22,0.0
5713,2009-08-11,0.0
5731,2013-03-29,0.0
5734,2012-09-18,0.0
5747,2007-05-22,0.0
5750,2010-05-06,0.0
5758,2010-12-09,0.0
5769,2010-07-01,0.0
5790,2019-07-11,0.0
5791,2010-07-01,0.0
5794,2020-12-31,0.0
5796,2015-07-31,0.0
5802,2011-01-07,0.0
5807,2010-07-13,0.0
5812,2013-05-15,0.0
5818,2014-06-30,0.0
5821,2012-07-24,0.0
5825,2019-01-29,0.0
5844,2009-02-27,0.0
5850,2011-07-03,0.0
5852,2022-06-21,0.0
5858,2017-12-31,0.0
5874,2015-12-17,0.0
5876,2013-06-30,0.0
5883,2010-01-05,0.0
5887,2009-03-08,0.0
5889,2016-08-24,0.0
5890,2015-12-14,0.0
5892,2015-02-05,0.0
5894,2014-03-24,0.0
5904,2014-08-09,0.0
5884,2010-01-21,0.0
5896,2018-12-31,0.0
5902,2019-06-30,0.0
5922,2013-06-30,0.0
5925,2014-06-30,0.0
5928,2019-06-30,0.0
5942,2015-02-01,0.0
5951,2009-12-18,0.0
5970,2019-06-30,0.0
5982,2020-05-12,0.0
5991,2013-07-17,0.0
5993,2019-06-30,0.0
6001,2010-08-21,0.0
6002,2012-04-28,0.0
6006,2010-08-09,0.0
6017,2013-03-08,0.0
6020,2022-01-05,0.0
6026,2016-06-30,0.0
6031,2016-06-30,0.0
6033,2023-07-24,0.0
6034,2008-07-14,0.0
6039,2011-04-11,0.0
6051,2010-01-12,0.0
6053,2016-05-31,0.0
6062,2015-09-21,0.0
6063,2012-02-12,0.0
6072,2010-02-08,0.0
6094,2019-06-19,0.0
6097,2015-12-14,0.0
6099,2009-12-21,0.0
6114,2020-06-30,0.0
6149,2007-02-12,0.0
6154,2016-06-29,0.0
6156,2014-01-14,0.0
6170,2020-06-30,0.0
6196,2011-05-23,0.0
6240,2017-06-30,0.0
6274,2016-03-29,0.0
6276,2006-06-30,0.0
6278,2013-06-30,0.0
6279,2010-01-26,0.0
6395,2014-06-30,0.0
6407,2008-07-01,0.0
6419,2017-06-30,0.0
6430,2008-06-30,0.0
6442,2022-08-14,0.0
6443,2013-06-30,0.0
6444,2019-06-30,0.0
6447,2011-04-06,0.0
6530,2013-06-30,0.0
6631,2016-06-30,0.0
6710,2018-06-30,0.0
6722,2015-07-21,0.0
6792,2016-11-22,0.0
6793,2017-06-30,0.0
6802,2011-10-31,0.0
6808,2016-06-29,0.0
6824,2018-06-30,0.0
6839,2016-12-31,0.0
6857,2011-08-28,0.0
6893,2023-10-26,0.0
6974,2013-09-18,0.0
6976,2012-12-31,0.0
6981,2010-07-01,0.0
6982,2011-05-13,0.0
6985,2010-09-01,0.0
7021,2014-06-30,0.0
7101,2021-06-30,0.0
7103,2017-06-30,0.0
7125,2015-12-31,0.0
7259,2012-07-30,0.0
7275,2009-09-17,0.0
7330,2015-06-30,0.0
7338,2010-09-07,0.0
7367,2014-04-16,0.0
7373,2017-04-19,0.0
7452,2009-12-07,0.0
7453,2007-07-10,0.0
7464,2009-09-07,0.0
7466,2008-04-10,0.0
7472,2005-06-30,0.0
7493,2007-05-10,0.0
7521,2009-10-23,0.0
7530,2011-10-31,0.0
7553,2017-08-21,0.0
7556,2005-06-30,0.0
7560,2009-10-09,0.0
7570,2013-12-31,0.0
7611,2016-04-02,0.0
7623,2011-08-07,0.0
7626,2009-09-07,0.0
7636,2013-08-20,0.0
7639,2009-10-09,0.0
7662,2009-09-07,0.0
7680,2012-06-30,0.0
7688,2010-09-29,0.0
7707,2009-10-09,0.0
7711,2008-04-10,0.0
7718,2010-08-11,0.0
7727,2009-11-06,0.0
7728,2009-09-07,0.0
7732,2008-04-10,0.0
7739,2014-08-09,0.0
7741,2011-06-29,0.0
7744,2009-10-09,0.0
7776,2015-11-08,0.0
7780,2008-08-24,0.0
7781,2020-07-20,0.0
7787,2010-01-25,0.0
7791,2007-11-18,0.0
7803,2020-06-29,0.0
7820,2011-08-07,0.0
7825,2025-06-30,0.0
7834,2008-01-28,0.0
7840,2015-11-15,0.0
7853,2011-06-29,0.0
7860,2016-12-31,0.0
7862,2014-04-16,0.0
7863,2013-11-05,0.0
7865,2008-11-17,0.0
7867,2016-01-25,0.0
7868,2011-07-06,0.0
7881,2017-08-21,0.0
7910,2010-09-05,0.0
7911,2009-10-09,0.0
7913,2013-12-07,0.0
7918,2008-01-28,0.0
7920,2016-06-30,0.0
7927,2007-08-26,0.0
7943,2005-02-26,0.0
7945,2017-06-30,0.0
7968,2012-07-01,0.0
7969,2011-04-14,0.0
7974,2009-04-20,0.0
7982,2007-06-12,0.0
7991,2018-07-12,0.0
7993,2012-05-16,0.0
8000,2014-04-16,0.0
8050,2005-12-04,0.0
8054,2012-09-12,0.0
8116,2013-06-30,0.0
8127,2014-01-26,0.0
8131,2008-01-28,0.0
8137,2004-10-06,0.0
8143,2005-06-30,0.0
8186,2022-10-03,0.0
8190,2016-06-30,0.0
8246,2025-06-18,200000.0
8318,2011-10-04,0.0
8322,2008-04-10,0.0
8560,2017-06-30,0.0
8669,2015-01-15,0.0
8730,2021-06-30,0.0
8733,2023-06-30,0.0
8735,2014-01-20,0.0
8806,2023-06-30,0.0
8978,2016-06-30,0.0
9089,2015-06-30,0.0
9215,2010-08-20,0.0
9217,2018-02-07,0.0
9422,2023-06-30,0.0
9499,2016-06-30,0.0
9543,2017-12-31,0.0
9594,2020-08-16,0.0
9621,2017-06-30,0.0
9650,2014-01-07,0.0
9678,2008-07-01,0.0
9690,2005-06-30,0.0
9824,2020-02-05,0.0
9956,2017-12-31,0.0
9975,2018-11-30,0.0
9980,2013-10-17,0.0
9984,2012-09-02,0.0
9992,2009-07-18,0.0
10024,2013-02-27,0.0
10030,2016-06-30,0.0
10037,2011-06-30,0.0
10058,2023-06-30,0.0
10152,2015-08-31,0.0
10251,2014-12-15,0.0
10375,2024-09-26,0.0
10425,2019-06-30,0.0
10431,2011-01-21,0.0
10642,2019-01-12,0.0
11268,2022-06-12,0.0
11317,2016-06-30,0.0
11353,2008-07-01,0.0
11492,2014-12-14,250000.0
11641,2015-06-30,0.0
11663,2014-06-30,0.0
11680,2019-06-30,0.0
11714,2008-08-16,0.0
11724,2018-06-30,0.0
12028,2017-06-30,0.0
12063,2014-06-30,0.0
12093,2015-07-01,0.0
12096,2017-06-30,0.0
12103,2008-04-10,0.0
12104,2013-06-30,0.0
12116,2012-09-21,0.0
12124,2023-06-30,0.0
12125,2017-06-30,0.0
12142,2019-09-15,0.0
12351,2018-06-30,0.0
12373,2019-12-28,0.0
12391,2015-06-30,0.0
12401,2017-06-30,0.0
12517,2017-12-31,0.0
12564,2009-10-25,0.0
12572,2011-09-13,0.0
12682,2018-06-30,0.0
12723,2014-04-12,0.0
12814,2019-06-30,0.0
12934,2017-06-30,0.0
13091,2019-12-31,0.0
13121,2022-06-08,0.0
13197,2007-06-30,0.0
13221,2006-06-30,0.0
13240,2017-06-30,0.0
13251,2015-11-16,0.0
13261,2011-08-31,0.0
13277,2009-08-25,0.0
13369,2012-09-19,0.0
13408,2012-09-22,0.0
13412,2018-07-19,0.0
13417,2013-06-30,0.0
13418,2012-02-21,0.0
13440,2011-12-15,0.0
13449,2012-12-24,0.0
13463,2020-07-01,0.0
13465,2023-10-24,0.0
13467,2013-09-30,0.0
13488,2013-06-30,0.0
13502,2012-07-01,0.0
13506,2011-03-08,0.0
13516,2008-04-10,0.0
13520,2023-11-27,0.0
13524,2017-05-16,0.0
13525,2012-09-26,0.0
13530,2007-09-13,0.0
13552,2011-09-28,0.0
13554,2013-08-31,0.0
13558,2008-02-10,0.0
13572,2022-09-14,0.0
13616,2016-02-18,0.0
13640,2016-06-30,0.0
13664,2008-04-10,0.0
13677,2009-06-30,0.0
13683,2018-06-30,0.0
13705,2017-08-16,0.0
13713,2017-06-30,0.0
13717,2013-06-30,0.0
13724,2009-06-30,0.0
13727,2012-03-30,0.0
13777,2010-08-27,0.0
13796,2021-06-30,0.0
13798,2014-06-30,0.0
13809,2010-01-03,0.0
13829,2017-12-31,0.0
13833,2012-01-18,0.0
13844,2016-03-29,0.0
13846,2012-12-07,0.0
13870,2015-07-31,0.0
13872,2022-06-30,0.0
13886,2014-06-30,0.0
13917,2013-09-27,0.0
13966,2014-03-06,0.0
13995,2013-10-17,0.0
14001,2011-06-02,0.0
14007,2013-11-28,0.0
14009,2009-03-03,0.0
14013,2018-02-07,0.0
14037,2013-12-31,0.0
14041,2016-06-30,0.0
14047,2021-05-08,0.0
14060,2018-06-30,0.0
14063,2018-06-30,0.0
5905,2011-08-29,0.0
5909,2009-06-30,0.0
5924,2010-01-20,0.0
5937,2008-07-01,0.0
5958,2017-06-30,0.0
5965,2013-05-11,0.0
5967,2014-06-30,0.0
5974,2018-06-30,0.0
5995,2011-08-04,0.0
5998,2010-01-04,0.0
6007,2015-07-14,0.0
6038,2009-12-22,0.0
6058,2016-06-30,0.0
6060,2015-07-26,0.0
6069,2023-01-31,0.0
6073,2014-11-10,0.0
6074,2011-05-08,0.0
6087,2017-06-30,0.0
6098,2021-12-08,0.0
6106,2014-06-30,0.0
6117,2018-06-30,0.0
6119,2020-01-13,0.0
6148,2012-06-30,0.0
6168,2019-06-30,0.0
6193,2009-10-18,0.0
6194,2013-06-30,0.0
6234,2017-05-17,0.0
6239,2013-06-30,0.0
6256,2012-07-01,0.0
6296,2010-01-26,0.0
6406,2010-01-29,0.0
6426,2020-11-23,0.0
6580,2014-06-29,0.0
6709,2017-02-22,0.0
6717,2014-01-23,0.0
6720,2012-06-30,0.0
6750,2019-06-30,0.0
6803,2018-08-22,0.0
6807,2021-06-30,0.0
6818,2009-03-13,0.0
6838,2021-12-31,0.0
6852,2017-12-25,0.0
6855,2018-10-11,0.0
6873,2017-12-23,0.0
6923,2009-06-12,0.0
6970,2017-06-30,0.0
7093,2022-06-30,0.0
7133,2018-05-06,0.0
7325,2020-06-08,0.0
7349,2014-08-09,0.0
7421,2013-02-28,0.0
7448,2018-06-30,0.0
7482,2011-04-23,0.0
7487,2011-05-29,0.0
7504,2010-08-11,0.0
7506,2011-04-10,0.0
7514,2009-08-05,0.0
7517,2011-06-30,0.0
7518,2012-03-09,0.0
7520,2017-09-07,0.0
7527,2011-05-29,0.0
7540,2007-08-29,0.0
7541,2010-11-30,0.0
7542,2016-06-30,0.0
7544,2012-10-22,0.0
7546,2011-06-29,0.0
7557,2007-09-02,0.0
7559,2007-11-18,0.0
7580,2013-12-31,0.0
7589,2017-08-16,0.0
7593,2018-06-30,0.0
7596,2016-07-25,0.0
7599,2012-10-09,0.0
7600,2024-10-06,0.0
7608,2008-06-12,0.0
7609,2011-02-21,0.0
7614,2012-09-22,0.0
7620,2010-08-11,0.0
7624,2018-06-30,0.0
7640,2010-07-01,0.0
7648,2009-11-06,0.0
7663,2023-06-30,0.0
7671,2015-06-29,0.0
7687,2009-11-06,0.0
7689,2009-03-11,0.0
7720,2020-07-31,0.0
7725,2009-09-07,0.0
7733,2010-09-28,0.0
7736,2011-09-02,0.0
7742,2015-12-31,0.0
7761,2019-07-20,0.0
7763,2014-02-24,0.0
7768,2008-11-17,0.0
7770,2011-06-29,0.0
7775,2007-11-18,0.0
7778,2008-01-28,0.0
7784,2014-02-25,0.0
7790,2008-07-01,0.0
7795,2013-06-30,0.0
7811,2008-05-12,0.0
7821,2017-04-19,0.0
7823,2010-08-19,0.0
7842,2013-07-14,0.0
7843,2013-07-24,0.0
7858,2019-06-30,0.0
7877,2019-06-30,0.0
7899,2015-07-02,0.0
7908,2017-06-14,0.0
7923,2018-08-28,0.0
7924,2016-12-31,0.0
7932,2014-05-02,0.0
7952,2008-01-28,0.0
7971,2024-04-07,0.0
7985,2015-12-14,0.0
7988,2008-01-28,0.0
7989,2016-06-30,0.0
8056,2011-08-28,0.0
8060,2020-07-31,0.0
8132,2018-06-30,0.0
8134,2016-12-31,0.0
8155,2021-06-30,0.0
8171,2021-06-30,0.0
8177,2010-10-20,0.0
8184,2023-01-27,0.0
8204,2012-01-19,0.0
8210,2007-06-14,0.0
8234,2013-07-18,0.0
8325,2007-08-29,0.0
8329,2009-09-07,0.0
8332,2008-01-28,0.0
8517,2013-12-31,0.0
8518,2019-11-14,0.0
8552,2021-12-31,0.0
8558,2013-04-06,0.0
8564,2013-08-26,0.0
8616,2015-06-30,0.0
8734,2012-09-19,0.0
8746,2020-06-30,0.0
8883,2020-06-30,0.0
9203,2017-06-29,0.0
9212,2005-06-30,0.0
9218,2019-06-30,0.0
9220,2011-10-18,0.0
9329,2023-06-19,0.0
9335,2025-06-30,0.0
9488,2012-10-24,0.0
9495,2008-10-12,0.0
9500,2024-06-30,0.0
9591,2010-08-26,0.0
9597,2011-04-06,0.0
9630,2017-04-30,0.0
9697,2016-06-30,0.0
9850,2021-07-06,0.0
9855,2009-01-17,0.0
9879,2013-07-31,0.0
9916,2018-01-07,0.0
9966,2019-06-30,0.0
9967,2023-06-30,0.0
9973,2011-09-13,0.0
9988,2021-08-05,0.0
9990,2011-09-17,0.0
9993,2009-08-29,0.0
9998,2009-06-15,0.0
10027,2017-03-28,0.0
10049,2008-04-10,0.0
10055,2007-06-19,0.0
10143,2024-07-22,0.0
10209,2017-06-30,0.0
10254,2022-12-31,0.0
10255,2022-06-30,0.0
10259,2014-08-09,0.0
10300,2013-06-30,0.0
10405,2012-08-10,0.0
10501,2021-06-30,0.0
10917,2020-06-30,0.0
11479,2009-10-17,0.0
11530,2025-06-17,325000.0
11671,2008-10-04,0.0
12032,2012-11-04,0.0
12066,2007-11-18,0.0
12086,2008-06-12,0.0
12097,2012-01-20,0.0
12105,2013-09-04,0.0
12112,2014-06-30,0.0
12282,2025-06-08,1500000.0
12349,2006-10-18,0.0
12359,2025-05-22,50000.0
12362,2011-05-26,0.0
12384,2021-12-31,0.0
12393,2017-07-26,0.0
12394,2018-06-30,0.0
12396,2010-09-07,0.0
12398,2014-03-11,0.0
12508,2019-03-11,0.0
12515,2016-10-19,0.0
12527,2010-07-01,0.0
12569,2017-06-30,0.0
12607,2007-06-30,0.0
12610,2017-06-30,0.0
12673,2017-06-30,0.0
12691,2020-10-16,0.0
12711,2008-03-08,0.0
12905,2010-07-01,0.0
12924,2016-07-31,0.0
12957,2015-07-01,0.0
12959,2008-02-26,0.0
13021,2019-06-30,0.0
13114,2014-08-10,0.0
13136,2013-09-20,0.0
13143,2011-03-01,0.0
13211,2013-06-30,0.0
13245,2015-06-30,0.0
13266,2012-02-29,0.0
13350,2020-11-05,0.0
13404,2013-12-24,0.0
13409,2019-10-01,0.0
13426,2016-06-30,0.0
13427,2018-06-30,0.0
13436,2013-01-01,0.0
13443,2022-06-30,0.0
13444,2017-01-08,0.0
13457,2015-02-12,0.0
13522,2013-04-23,0.0
13523,2013-04-12,0.0
13533,2012-08-19,0.0
13568,2013-12-27,0.0
13587,2011-10-08,0.0
13590,2012-06-30,0.0
13614,2019-06-30,0.0
13653,2010-06-30,0.0
13749,2017-06-30,0.0
13799,2021-09-19,0.0
13918,2015-06-30,0.0
13997,2016-09-15,0.0
14002,2013-12-05,0.0
14008,2021-06-30,0.0
14011,2017-12-30,0.0
14024,2009-06-30,0.0
14049,2013-06-30,0.0
14052,2015-06-30,0.0
14162,2009-12-30,0.0
14168,2009-12-11,0.0
32950,2021-06-30,0.0
32961,2017-06-30,0.0
32987,2017-06-30,0.0
33079,2012-10-01,0.0
33245,2018-06-30,0.0
33324,2011-05-11,0.0
33327,2018-01-07,0.0
33330,2007-06-30,0.0
33340,2022-08-22,0.0
33454,2010-07-18,0.0
33465,2025-03-13,0.0
33481,2025-04-03,0.0
33484,2018-11-25,0.0
33507,2025-06-30,0.0
33571,2025-06-16,800000.0
33622,2019-06-30,0.0
33676,2019-09-23,0.0
33713,2023-08-17,0.0
33729,2020-06-30,0.0
33757,2018-06-21,0.0
33818,2013-05-22,0.0
33819,2017-07-12,0.0
33820,2015-12-31,0.0
33873,2025-05-29,250000.0
33906,2025-03-13,0.0
33909,2008-07-04,0.0
33910,2014-06-30,0.0
33911,2016-06-30,0.0
33920,2016-04-30,0.0
33943,2016-06-30,0.0
33953,2022-10-04,0.0
34053,2023-10-18,0.0
34116,2023-03-06,0.0
34226,2016-07-19,0.0
34279,2015-06-30,0.0
34283,2025-07-24,0.0
34285,2020-09-03,0.0
34322,2024-06-30,0.0
34334,2025-06-18,75000.0
34335,2011-06-30,0.0
34339,2011-03-08,0.0
34345,2018-02-15,0.0
34378,2015-06-30,0.0
34393,2021-06-30,0.0
34409,2021-11-13,0.0
34453,2025-06-30,0.0
34468,2021-06-30,0.0
34495,2023-03-06,0.0
34558,2017-05-24,0.0
34753,2020-09-04,0.0
34756,2016-06-30,0.0
34787,2023-07-23,0.0
34839,2014-06-30,0.0
35099,2025-06-17,50000.0
35283,2008-10-14,0.0
35390,2021-01-06,0.0
35491,2023-12-18,0.0
35506,2014-06-30,0.0
35521,2011-06-29,0.0
35532,2024-03-06,0.0
35537,2025-01-23,0.0
35554,2015-06-30,0.0
35555,2013-07-31,0.0
35558,2018-06-30,0.0
35587,2020-10-14,0.0
35631,2022-10-03,0.0
35640,2018-06-30,0.0
35730,2022-10-03,0.0
35733,2022-07-03,0.0
35747,2022-06-30,0.0
35761,2019-05-25,0.0
35852,2019-01-31,0.0
35934,2023-02-26,0.0
36182,2023-12-19,0.0
36200,2024-05-26,0.0
36255,2025-06-23,0.0
36348,2022-02-24,0.0
36500,2022-12-31,0.0
36653,2012-06-30,0.0
36802,2023-06-30,0.0
36857,2011-12-31,0.0
36896,2024-03-06,0.0
36902,2022-03-07,0.0
36914,2020-02-08,0.0
37325,2013-05-25,0.0
37367,2022-12-31,0.0
37647,2025-06-05,750000.0
37666,2025-06-29,250000.0
37710,2015-06-30,0.0
37721,2018-06-29,0.0
37787,2023-03-06,0.0
37957,2020-11-22,0.0
37981,2022-05-31,0.0
38073,2025-06-17,150000.0
38074,2016-12-21,0.0
38193,2014-08-09,0.0
38253,2025-06-08,12000000.0
38358,2008-04-10,0.0
38441,2021-04-01,0.0
38536,2023-03-06,0.0
38578,2017-06-30,0.0
38607,2025-06-01,900000.0
38648,2020-12-31,0.0
38649,2023-06-27,0.0
38768,2018-06-30,0.0
38776,2020-06-30,0.0
38811,2018-07-29,0.0
38824,2021-06-30,0.0
38874,2019-08-26,0.0
38893,2017-11-30,0.0
39020,2020-07-30,0.0
39025,2025-06-22,150000.0
39065,2009-09-07,0.0
39073,2019-02-14,0.0
39099,2022-09-25,0.0
39118,2021-10-19,0.0
39209,2016-12-03,0.0
39220,2007-11-18,0.0
39381,2023-01-08,0.0
39471,2025-06-04,100000.0
39514,2023-03-06,0.0
39672,2022-10-03,0.0
39715,2021-06-30,0.0
39728,2025-06-30,0.0
39784,2023-03-06,0.0
39826,2009-09-20,0.0
39828,2025-05-14,100000.0
39831,2021-06-17,0.0
39893,2018-06-30,0.0
39907,2024-06-13,0.0
39910,2021-01-12,0.0
39914,2024-06-30,0.0
39918,2025-06-01,150000.0
39924,2023-10-18,0.0
39929,2021-06-30,0.0
39930,2017-05-30,0.0
39938,2019-01-06,0.0
40034,2025-06-04,200000.0
40064,2023-11-12,0.0
40205,2021-08-18,0.0
40429,2023-12-31,0.0
40430,2015-12-31,0.0
40436,2025-07-06,50000.0
40442,2019-06-30,0.0
40456,2021-06-30,0.0
40478,2025-06-11,150000.0
40605,2025-06-30,0.0
40680,2025-06-04,500000.0
40790,2017-12-31,0.0
40984,2012-09-07,0.0
40995,2022-06-08,0.0
41146,2024-09-24,0.0
41234,2018-07-31,0.0
41319,2020-06-30,0.0
41406,2017-09-23,0.0
41416,2023-08-06,0.0
41458,2025-06-10,150000.0
41912,2024-06-30,0.0
41914,2020-06-04,0.0
41935,2023-06-19,0.0
41978,2025-03-13,0.0
42048,2018-05-05,0.0
42062,2022-10-03,0.0
42072,2025-06-18,300000.0
42079,2025-06-23,25000.0
42178,2023-10-18,0.0
42188,2014-09-30,0.0
42203,2024-06-30,0.0
42205,2025-06-16,4000000.0
42318,2024-06-30,0.0
42412,2025-06-30,0.0
42485,2025-06-01,100000.0
43003,2022-08-15,0.0
43076,2017-06-30,0.0
43193,2024-08-15,0.0
43256,2022-09-04,0.0
43500,2024-07-25,0.0
43716,2023-06-30,0.0
43760,2020-01-20,0.0
43824,2025-06-04,700000.0
43853,2023-06-30,0.0
43907,2025-05-25,400000.0
43939,2013-01-29,0.0
43957,2013-09-21,0.0
43998,2014-04-16,0.0
44009,2022-06-30,0.0
44015,2015-06-30,0.0
44065,2021-06-30,0.0
44069,2025-06-30,0.0
44271,2019-12-31,0.0
44280,2020-03-10,0.0
44290,2016-06-24,0.0
44291,2015-02-25,0.0
44327,2022-09-21,0.0
44368,2025-05-14,10000.0
44371,2021-02-03,0.0
44394,2021-12-31,0.0
44412,2020-07-19,0.0
44421,2024-06-30,0.0
44521,2021-01-25,0.0
44536,2025-06-18,100000.0
44567,2020-03-30,0.0
44675,2023-03-22,0.0
44689,2022-06-30,0.0
44694,2017-06-30,0.0
44709,2019-07-29,0.0
44727,2015-06-30,0.0
44913,2019-04-02,0.0
44983,2024-05-22,0.0
45026,2025-06-16,800000.0
45125,2009-10-07,0.0
45126,2014-06-30,0.0
45146,2025-06-16,500000.0
45149,2017-05-26,0.0
45152,2015-08-04,0.0
45162,2018-06-30,0.0
45256,2025-06-24,50000.0
45276,2020-05-03,0.0
45298,2024-03-06,0.0
45307,2025-06-01,25000.0
45335,2023-06-28,0.0
45446,2020-06-30,0.0
45494,2025-07-15,0.0
45509,2023-06-30,0.0
45548,2019-06-30,0.0
45560,2011-09-05,0.0
45566,2024-03-18,0.0
45581,2025-06-18,25000.0
45601,2025-06-15,50000.0
45615,2020-06-28,0.0
45646,2025-05-15,25000.0
45651,2010-02-01,0.0
45653,2023-03-06,0.0
45671,2025-06-17,1000000.0
45674,2025-06-10,0.0
45679,2015-06-30,0.0
45685,2025-06-10,75000.0
45760,2023-06-30,0.0
45832,2025-08-18,0.0
45889,2020-06-28,0.0
45908,2020-07-07,0.0
46029,2016-07-15,0.0
46162,2024-06-01,0.0
46477,2018-04-04,0.0
46580,2025-06-04,4000000.0
46762,2008-10-03,0.0
46791,2024-03-28,0.0
46894,2024-10-27,0.0
46902,2017-06-30,0.0
46972,2025-05-04,500000.0
47594,2025-05-28,275000.0
47647,2019-06-30,0.0
47652,2020-11-29,0.0
47710,2022-06-30,0.0
47712,2018-09-30,0.0
47722,2022-01-23,0.0
48066,2024-09-26,0.0
48119,2025-06-17,500000.0
48298,2024-06-30,0.0
48637,2013-07-18,0.0
48678,2020-01-11,0.0
48716,2020-06-11,0.0
48756,2019-06-30,0.0
48959,2021-06-30,0.0
49130,2022-11-08,0.0
49144,2022-12-31,0.0
49270,2016-12-31,0.0
49319,2019-06-30,0.0
49499,2025-05-26,3000000.0
49597,2025-06-17,50000.0
49611,2024-09-26,0.0
49655,2017-10-01,0.0
49719,2024-08-25,0.0
49734,2021-06-29,0.0
49755,2023-03-26,0.0
49847,2017-12-31,0.0
49867,2023-03-06,0.0
49872,2020-04-10,0.0
50135,2025-02-04,0.0
50174,2024-03-05,0.0
50202,2023-10-09,0.0
50286,2025-05-26,50000.0
50355,2025-06-03,1000000.0
50362,2022-09-26,0.0
50577,2024-01-06,0.0
50600,2025-06-18,250000.0
51088,2021-12-31,0.0
51106,2021-08-06,0.0
51152,2025-05-26,18000000.0
51186,2020-10-04,0.0
51283,2017-06-30,0.0
51309,2018-06-30,0.0
51356,2025-06-09,50000.0
51397,2011-08-07,0.0
51406,2011-12-25,0.0
51468,2015-06-30,0.0
51477,2022-10-03,0.0
51488,2022-06-30,0.0
51489,2017-06-30,0.0
51520,2018-10-01,0.0
51521,2017-12-28,0.0
51536,2014-06-30,0.0
51559,2019-06-30,0.0
51676,2025-06-18,400000.0
51681,2020-08-23,0.0
51709,2022-06-30,0.0
51726,2025-06-24,25000.0
51730,2025-06-16,50000.0
51745,2021-01-09,0.0
51930,2024-09-26,0.0
52119,2025-05-27,500000.0
52188,2025-06-18,200000.0
52191,2022-06-30,0.0
52209,2025-05-01,125000.0
52312,2022-09-21,0.0
52345,2018-06-30,0.0
52348,2022-12-05,0.0
52428,2025-05-15,10000.0
52432,2017-03-01,0.0
52530,2023-06-30,0.0
52769,2025-05-29,750000.0
52883,2025-06-30,0.0
52929,2023-03-24,0.0
14074,2011-07-15,0.0
14093,2011-04-24,0.0
14178,2019-06-30,0.0
14192,2018-06-30,0.0
14196,2013-07-11,0.0
14247,2012-12-31,0.0
14249,2011-04-24,0.0
14342,2014-11-30,0.0
14534,2019-04-10,0.0
14848,2010-06-30,0.0
14882,2016-06-30,0.0
14955,2017-06-30,0.0
15185,2025-06-05,200000.0
15219,2018-06-30,0.0
15220,2022-06-30,0.0
15243,2017-01-08,0.0
15274,2013-08-15,0.0
15331,2016-12-31,0.0
15334,2013-06-30,0.0
15335,2010-01-21,0.0
15341,2015-06-29,0.0
15342,2016-07-24,0.0
15378,2018-12-31,0.0
15418,2022-10-03,0.0
15445,2018-12-02,0.0
15451,2018-04-04,0.0
15466,2018-06-30,0.0
15468,2023-07-27,0.0
15469,2016-06-30,0.0
15500,2016-07-11,0.0
15501,2008-01-28,0.0
15544,2017-11-30,0.0
15698,2014-07-21,0.0
15708,2016-12-08,0.0
15715,2015-06-30,0.0
15764,2014-06-30,0.0
15793,2007-11-18,0.0
15808,2016-12-31,0.0
15882,2005-12-31,0.0
15910,2016-08-29,0.0
15921,2021-06-30,0.0
15926,2014-12-31,0.0
15951,2023-01-20,0.0
15983,2018-09-30,0.0
15994,2011-06-13,0.0
16011,2014-08-09,0.0
16091,2015-03-01,0.0
16092,2016-06-30,0.0
16107,2021-05-07,0.0
16120,2022-06-07,0.0
16135,2024-11-08,0.0
16148,2009-10-09,0.0
16168,2014-06-30,0.0
16169,2015-06-30,0.0
16205,2007-06-19,0.0
16230,2022-10-03,0.0
16252,2018-09-07,0.0
16311,2024-06-30,0.0
16402,2017-06-30,0.0
16458,2022-06-30,0.0
16476,2010-06-30,0.0
16495,2013-06-30,0.0
16576,2019-10-16,0.0
16579,2014-04-16,0.0
16591,2019-10-29,0.0
16595,2015-06-30,0.0
16620,2014-08-03,0.0
16621,2015-09-06,0.0
16631,2020-11-15,0.0
16633,2024-09-15,0.0
16665,2018-05-05,0.0
16721,2019-06-30,0.0
16747,2010-01-20,0.0
16760,2022-06-30,0.0
16810,2017-06-30,0.0
16852,2012-09-22,0.0
16870,2015-08-31,0.0
16873,2022-06-26,0.0
16874,2012-06-30,0.0
16899,2018-02-15,0.0
16907,2010-01-29,0.0
16911,2025-06-16,500000.0
16922,2023-06-30,0.0
16938,2007-08-02,0.0
16975,2016-06-30,0.0
17130,2017-06-30,0.0
17134,2015-06-30,0.0
17147,2005-03-06,0.0
17153,2014-06-30,0.0
17249,2017-06-30,0.0
17259,2025-06-04,4000000.0
17303,2007-08-12,0.0
17334,2008-06-08,0.0
17348,2021-06-30,0.0
17435,2016-06-30,0.0
17437,2011-07-10,0.0
17441,2014-08-09,0.0
17689,2022-06-30,0.0
17804,2021-06-30,0.0
17890,2018-07-03,0.0
18223,2023-06-30,0.0
18277,2018-06-30,0.0
18299,2013-12-12,0.0
18397,2015-06-30,0.0
18542,2016-06-30,0.0
18733,2020-12-31,0.0
18870,2017-12-30,0.0
18873,2019-06-30,0.0
18918,2025-06-24,50000.0
18922,2025-05-26,7000000.0
18949,2016-09-06,0.0
18958,2018-06-30,0.0
19040,2020-06-30,0.0
19057,2018-06-30,0.0
19089,2020-02-16,0.0
19114,2025-06-30,0.0
19119,2019-06-30,0.0
19136,2018-06-30,0.0
19138,2017-04-19,0.0
19219,2014-01-08,0.0
19292,2014-12-31,0.0
19340,2018-01-02,0.0
19358,2016-11-23,0.0
19436,2010-08-24,0.0
19438,2019-12-11,0.0
19439,2014-12-31,0.0
19447,2020-11-19,0.0
19451,2011-06-30,0.0
19452,2016-06-29,0.0
19485,2013-07-10,0.0
19719,2013-09-23,0.0
19819,2021-12-31,0.0
19948,2023-06-30,0.0
20006,2018-06-30,0.0
20313,2025-06-15,0.0
20378,2015-06-30,0.0
20386,2016-02-16,0.0
20403,2014-12-31,0.0
20417,2017-01-13,0.0
20444,2017-12-21,0.0
20547,2011-05-11,0.0
20584,2019-12-31,0.0
20622,2020-07-31,0.0
20651,2009-06-30,0.0
20675,2015-12-10,0.0
20738,2013-06-21,0.0
20740,2010-09-13,0.0
20749,2013-03-29,0.0
20853,2016-06-30,0.0
20982,2013-10-28,0.0
21010,2014-08-09,0.0
21021,2017-12-31,0.0
21039,2018-06-30,0.0
21178,2016-06-30,0.0
21186,2010-03-01,0.0
21187,2010-06-26,0.0
21233,2017-06-30,0.0
21327,2025-06-18,500000.0
21354,2016-06-30,0.0
21363,2011-11-09,0.0
21590,2017-12-30,0.0
21666,2016-06-30,0.0
21689,2014-03-11,0.0
21716,2008-01-28,0.0
21748,2023-03-06,0.0
21757,2010-01-07,0.0
21760,2008-04-10,0.0
21769,2016-06-30,0.0
21802,2011-07-15,0.0
21813,2014-05-31,0.0
21818,2018-02-15,0.0
21829,2017-09-10,0.0
21848,2015-01-19,0.0
21859,2018-06-30,0.0
21876,2015-08-11,0.0
21889,2013-05-31,0.0
21904,2012-08-22,0.0
21940,2012-09-16,0.0
21955,2013-07-26,0.0
21972,2022-06-30,0.0
21982,2011-04-20,0.0
21993,2019-10-28,0.0
22080,2014-06-30,0.0
22104,2012-07-20,0.0
22130,2021-01-17,0.0
22135,2012-11-30,0.0
22139,2017-06-30,0.0
22140,2020-08-31,0.0
22141,2024-06-30,0.0
22186,2019-06-30,0.0
22205,2024-02-19,0.0
22228,2012-09-04,0.0
22229,2022-06-30,0.0
22230,2017-10-29,0.0
22262,2010-06-25,0.0
22275,2013-06-10,0.0
22389,2014-06-30,0.0
22567,2008-01-28,0.0
22594,2018-03-29,0.0
22601,2020-03-16,0.0
22614,2024-01-15,0.0
22620,2022-10-03,0.0
22629,2013-01-14,0.0
22635,2019-02-16,0.0
22642,2017-06-30,0.0
22715,2008-07-01,0.0
22749,2019-06-30,0.0
22812,2011-10-29,0.0
22839,2013-11-07,0.0
23022,2022-10-03,0.0
23181,2011-08-07,0.0
23194,2013-11-20,0.0
23233,2020-02-16,0.0
23284,2020-01-10,0.0
23294,2015-12-17,0.0
23311,2009-10-09,0.0
23350,2020-03-11,0.0
23352,2011-10-29,0.0
23367,2020-06-13,0.0
23370,2012-07-01,0.0
23443,2022-10-03,0.0
23883,2022-06-30,0.0
23897,2016-06-30,0.0
23901,2012-12-16,0.0
23902,2009-06-30,0.0
23918,2017-06-30,0.0
23924,2014-06-30,0.0
23948,2011-05-15,0.0
23951,2025-09-09,0.0
23952,2019-06-30,0.0
23966,2022-10-03,0.0
23969,2009-06-30,0.0
23974,2023-09-02,0.0
24057,2017-02-13,0.0
24112,2023-11-27,0.0
24114,2012-07-31,0.0
24296,2007-08-27,0.0
24305,2020-07-27,0.0
24314,2018-03-30,0.0
24316,2024-06-30,0.0
24321,2010-07-25,0.0
24465,2024-09-26,0.0
24476,2023-10-18,0.0
24569,2016-02-17,0.0
24634,2020-01-29,0.0
24637,2019-08-10,0.0
25106,2020-06-28,0.0
25110,2016-12-31,0.0
25115,2024-12-31,0.0
25320,2020-03-08,0.0
25321,2008-09-18,0.0
25383,2018-06-30,0.0
25389,2020-04-02,0.0
25412,2021-09-12,0.0
25460,2014-04-16,0.0
25727,2021-09-06,0.0
25742,2021-02-28,0.0
25812,2017-01-30,0.0
25942,2025-06-30,0.0
25976,2019-06-30,0.0
26028,2012-12-31,0.0
26066,2020-07-19,0.0
26101,2018-02-28,0.0
26183,2019-06-30,0.0
26198,2017-08-21,0.0
26199,2023-03-06,0.0
26232,2015-06-30,0.0
26245,2011-04-24,0.0
26263,2021-06-30,0.0
26452,2018-06-30,0.0
26485,2025-06-05,150000.0
26486,2019-06-30,0.0
26669,2024-12-31,0.0
26733,2007-08-26,0.0
26801,2024-08-26,0.0
26851,2006-01-17,0.0
26906,2025-06-16,0.0
27038,2019-01-31,0.0
27305,2020-06-30,0.0
27376,2021-12-31,0.0
27387,2017-06-30,0.0
27394,2023-11-13,0.0
27397,2019-08-12,0.0
27490,2024-06-30,0.0
27492,2014-04-16,0.0
27611,2025-05-22,50000.0
27659,2021-06-30,0.0
27661,2024-12-31,0.0
27686,2013-07-01,0.0
27761,2011-12-31,0.0
27800,2020-08-30,0.0
27806,2012-07-08,0.0
27824,2023-03-06,0.0
27900,2017-06-30,0.0
27992,2025-06-08,4000000.0
28008,2014-07-04,0.0
28010,2019-06-30,0.0
28020,2019-06-30,0.0
28028,2017-12-31,0.0
28029,2018-06-30,0.0
28150,2018-06-30,0.0
28245,2017-12-31,0.0
28252,2024-06-30,0.0
28307,2018-08-05,0.0
28339,2008-07-01,0.0
28396,2025-06-17,1600000.0
28490,2018-09-30,0.0
28511,2019-05-10,0.0
28524,2013-04-12,0.0
28698,2016-10-11,0.0
28705,2019-12-31,0.0
28813,2022-03-07,0.0
28818,2020-06-30,0.0
28835,2022-02-10,0.0
28841,2019-04-14,0.0
28844,2011-07-26,0.0
28857,2023-02-05,0.0
28870,2019-06-17,0.0
28950,2011-12-09,0.0
28957,2025-06-30,0.0
29060,2021-06-30,0.0
29061,2014-06-30,0.0
29073,2019-06-13,0.0
29080,2008-09-12,0.0
29083,2013-01-25,0.0
29086,2021-06-30,0.0
29107,2011-09-08,0.0
29109,2012-06-30,0.0
29112,2013-02-09,0.0
29116,2009-10-09,0.0
29124,2020-05-19,0.0
29131,2010-08-11,0.0
29146,2010-08-11,0.0
29148,2012-07-01,0.0
29155,2014-04-16,0.0
29180,2008-02-04,0.0
29248,2013-07-24,0.0
29291,2016-03-31,0.0
29310,2013-11-13,0.0
29341,2011-03-17,0.0
29356,2018-06-30,0.0
29366,2021-06-30,0.0
29401,2021-06-30,0.0
29430,2018-06-30,0.0
29465,2009-11-13,0.0
29559,2025-05-29,500000.0
29590,2007-06-30,0.0
29596,2014-06-30,0.0
29712,2025-05-29,150000.0
29899,2025-08-11,0.0
30304,2014-04-12,0.0
30308,2020-06-30,0.0
30321,2025-06-08,500000.0
30333,2023-03-31,0.0
30471,2021-06-30,0.0
30572,2013-02-07,0.0
30647,2014-06-30,0.0
30660,2009-11-22,0.0
30701,2015-06-30,0.0
30732,2022-06-30,0.0
30757,2021-06-30,0.0
30759,2024-03-18,0.0
30767,2023-02-23,0.0
30873,2023-07-20,0.0
30929,2020-08-27,0.0
30942,2023-06-30,0.0
31076,2011-05-05,0.0
31155,2016-06-30,0.0
31173,2020-06-30,0.0
31182,2022-12-18,0.0
31208,2018-08-15,0.0
31218,2022-12-31,0.0
31425,2017-11-30,0.0
31514,2022-06-30,0.0
31552,2025-06-17,75000.0
31553,2021-06-30,0.0
31579,2016-03-23,0.0
31642,2023-05-03,0.0
31652,2020-08-25,0.0
31741,2022-06-30,0.0
31753,2019-06-02,0.0
31868,2023-10-24,0.0
31909,2024-07-06,0.0
31952,2022-06-30,0.0
32029,2020-07-26,0.0
32094,2018-02-15,0.0
32095,2020-06-24,0.0
32102,2011-06-15,0.0
32201,2011-01-16,0.0
14360,2008-04-10,0.0
14511,2017-06-30,0.0
14535,2018-09-30,0.0
14551,2017-01-01,0.0
14724,2008-01-28,0.0
14746,2020-06-30,0.0
14856,2014-06-30,0.0
14925,2012-06-30,0.0
14937,2016-06-30,0.0
14949,2018-09-02,0.0
15044,2012-01-02,0.0
15045,2019-06-29,0.0
15094,2018-12-07,0.0
15119,2011-11-16,0.0
15125,2015-06-30,0.0
15275,2018-06-30,0.0
15276,2012-03-20,0.0
15314,2012-12-06,0.0
15416,2011-04-04,0.0
15581,2015-06-30,0.0
15646,2013-02-07,0.0
15725,2017-04-19,0.0
15768,2012-09-22,0.0
15791,2021-06-30,0.0
15799,2025-06-23,200000.0
15801,2017-06-30,0.0
15804,2016-12-31,0.0
15832,2015-12-31,0.0
15881,2019-07-09,0.0
15893,2014-08-09,0.0
15894,2015-06-30,0.0
15916,2015-07-05,0.0
15919,2017-04-09,0.0
15928,2020-07-07,0.0
15952,2019-05-22,0.0
15978,2015-04-10,0.0
15982,2013-06-30,0.0
15988,2010-12-21,0.0
16122,2018-02-01,0.0
16124,2014-09-09,0.0
16132,2017-04-19,0.0
16316,2008-01-28,0.0
16329,2015-06-30,0.0
16408,2022-06-30,0.0
16577,2010-08-11,0.0
16588,2010-03-30,0.0
16614,2009-08-05,0.0
16622,2007-11-18,0.0
16628,2016-06-30,0.0
16635,2021-02-28,0.0
16716,2021-12-31,0.0
16743,2018-06-21,0.0
16746,2020-02-14,0.0
16797,2008-06-09,0.0
16811,2009-07-23,0.0
16830,2017-01-30,0.0
16845,2013-06-30,0.0
16864,2013-10-31,0.0
16872,2016-03-29,0.0
16895,2009-06-30,0.0
16903,2017-06-29,0.0
16918,2019-06-30,0.0
16954,2012-08-21,0.0
16968,2021-03-04,0.0
16989,2015-06-30,0.0
17025,2019-06-30,0.0
17171,2015-06-30,0.0
17175,2014-08-31,0.0
17184,2021-06-30,0.0
17352,2019-06-30,0.0
17682,2013-06-30,0.0
17693,2019-09-09,0.0
17734,2017-09-21,0.0
17879,2013-02-09,1250000.0
17885,2018-06-30,0.0
17965,2025-06-04,1000000.0
18021,2020-06-30,0.0
18227,2024-08-01,0.0
18240,2010-07-01,0.0
18248,2018-06-30,0.0
18298,2016-06-30,0.0
18379,2016-10-11,0.0
18539,2017-06-30,0.0
18673,2021-04-08,0.0
18730,2018-05-21,0.0
18734,2011-09-28,0.0
18825,2016-06-05,0.0
18831,2020-01-19,0.0
18871,2022-01-27,0.0
18894,2015-06-30,0.0
18909,2022-09-06,0.0
18934,2025-06-30,0.0
18935,2020-06-30,0.0
18940,2025-06-01,100000.0
19082,2019-09-07,0.0
19123,2013-06-18,0.0
19194,2022-06-12,0.0
19221,2008-11-08,0.0
19228,2012-12-31,0.0
19285,2011-02-21,0.0
19443,2013-06-30,0.0
19694,2019-06-30,0.0
19695,2017-12-15,0.0
19721,2019-06-30,0.0
19726,2016-01-17,0.0
19736,2024-06-30,0.0
19817,2011-08-29,0.0
19924,2019-07-08,0.0
19979,2021-12-31,0.0
20003,2022-06-30,0.0
20044,2017-06-30,0.0
20346,2023-06-28,0.0
20392,2013-08-12,0.0
20405,2018-04-23,0.0
20585,2014-12-01,0.0
20590,2025-05-14,50000.0
20676,2020-11-01,0.0
20681,2021-10-19,0.0
20727,2010-07-01,0.0
20778,2024-06-30,0.0
20861,2020-05-05,0.0
20917,2012-05-31,0.0
20920,2019-06-30,0.0
20941,2019-10-29,0.0
20969,2020-06-30,0.0
20977,2009-06-30,0.0
21153,2011-03-09,0.0
21282,2016-06-30,0.0
21328,2014-06-30,0.0
21509,2015-06-30,0.0
21556,2023-06-15,0.0
21685,2013-07-14,0.0
21700,2014-06-30,0.0
21726,2022-06-30,0.0
21755,2011-08-29,0.0
21763,2022-09-05,0.0
21780,2022-01-31,0.0
21782,2020-06-30,0.0
21795,2013-06-25,0.0
21797,2012-07-01,0.0
21821,2022-06-30,0.0
21826,2010-07-26,0.0
21830,2013-05-29,0.0
21856,2022-01-20,0.0
21863,2019-02-11,0.0
21867,2011-01-22,0.0
21871,2020-03-02,0.0
21872,2024-06-30,0.0
21874,2016-06-29,0.0
21887,2020-06-30,0.0
21899,2013-06-07,0.0
21905,2022-06-30,0.0
21954,2014-06-30,0.0
22082,2014-06-30,0.0
22087,2011-01-31,0.0
22088,2018-03-31,0.0
22093,2018-02-19,0.0
22108,2014-11-30,0.0
22112,2022-10-03,0.0
22144,2014-04-16,0.0
22149,2021-06-30,0.0
22150,2010-08-13,0.0
22162,2018-05-17,0.0
22172,2010-07-02,0.0
22188,2014-09-28,0.0
22210,2022-02-07,0.0
22217,2020-08-31,0.0
22231,2020-11-16,0.0
22232,2021-12-07,0.0
22235,2012-05-31,0.0
22244,2020-06-22,0.0
22249,2017-06-30,0.0
22268,2019-09-16,0.0
22318,2025-05-18,10000.0
22320,2017-06-30,0.0
22390,2020-07-29,0.0
22398,2010-01-29,0.0
22403,2014-08-14,0.0
22469,2015-08-20,0.0
22577,2016-06-30,0.0
22626,2010-06-30,0.0
22627,2019-01-09,0.0
22631,2007-02-22,0.0
22639,2016-06-30,0.0
22643,2016-03-29,0.0
22673,2023-06-30,0.0
22747,2010-09-26,0.0
22804,2013-05-29,0.0
22805,2024-06-30,0.0
22808,2012-09-03,0.0
22943,2018-12-31,0.0
22948,2022-12-16,0.0
23062,2011-08-07,0.0
23102,2015-09-07,0.0
23114,2010-02-19,0.0
23163,2016-06-30,0.0
23196,2010-08-11,0.0
23197,2023-04-30,0.0
23199,2015-06-30,0.0
23206,2011-03-20,0.0
23220,2017-04-19,0.0
23345,2020-02-28,0.0
23553,2025-06-03,500000.0
23890,2019-06-03,0.0
23892,2023-03-06,0.0
23905,2012-03-31,0.0
23914,2019-02-07,0.0
23931,2014-12-01,0.0
23960,2022-10-03,0.0
23962,2010-09-07,0.0
24062,2017-06-29,0.0
24303,2017-06-30,0.0
24304,2010-09-24,0.0
24320,2010-10-19,0.0
24322,2011-03-27,0.0
24463,2015-06-30,0.0
24480,2024-06-30,0.0
24546,2011-06-30,0.0
24589,2022-06-30,0.0
24635,2020-01-05,0.0
24856,2014-08-20,0.0
24877,2016-06-30,0.0
25089,2011-12-27,0.0
25177,2012-07-01,0.0
25201,2023-10-18,0.0
25248,2019-09-19,0.0
25316,2023-06-30,0.0
25319,2019-06-30,0.0
25414,2015-09-07,0.0
25504,2009-02-01,0.0
25508,2025-06-01,200000.0
25905,2019-12-27,0.0
26056,2018-06-30,0.0
26062,2017-04-20,0.0
26137,2010-03-03,0.0
26150,2009-10-06,0.0
26244,2021-05-31,0.0
26269,2023-12-31,0.0
26328,2019-06-30,0.0
26412,2018-07-26,0.0
26456,2025-01-09,0.0
26460,2025-05-21,10000.0
26727,2021-06-30,0.0
26762,2020-06-27,0.0
26802,2021-09-30,0.0
26817,2018-03-27,0.0
26878,2019-03-17,0.0
26936,2020-06-30,0.0
26987,2011-11-05,0.0
27006,2015-12-08,0.0
27116,2016-06-05,0.0
27239,2018-03-28,0.0
27292,2022-12-31,0.0
27386,2011-05-11,0.0
27389,2025-03-15,0.0
27390,2014-06-30,0.0
27410,2022-10-03,0.0
27424,2011-04-24,0.0
27439,2022-01-31,0.0
27488,2020-06-28,0.0
27493,2025-06-08,100000.0
27519,2015-02-17,0.0
27614,2019-10-28,0.0
27621,2018-12-20,0.0
27664,2012-09-09,0.0
27665,2010-01-10,0.0
27667,2020-06-28,0.0
27668,2012-09-27,0.0
27673,2015-07-02,0.0
27687,2010-08-14,0.0
27701,2012-06-30,0.0
27814,2012-06-29,0.0
28009,2007-06-30,0.0
28014,2012-06-30,0.0
28023,2019-06-04,0.0
28026,2015-06-30,0.0
28140,2025-04-03,400000.0
28260,2017-06-30,0.0
28321,2008-10-12,0.0
28323,2008-07-01,0.0
28336,2019-06-30,0.0
28347,2017-10-29,0.0
28356,2025-06-02,100000.0
28491,2019-01-14,0.0
28537,2014-08-31,0.0
28683,2019-01-10,0.0
28728,2025-07-15,0.0
28809,2019-08-04,0.0
28817,2020-07-31,0.0
28823,2014-06-29,0.0
28825,2020-03-16,0.0
28827,2021-06-30,0.0
28853,2011-06-30,0.0
28855,2019-10-08,0.0
28873,2010-01-04,0.0
28936,2022-09-05,0.0
28973,2024-01-24,0.0
28984,2023-01-26,0.0
29008,2019-05-27,0.0
29016,2018-06-30,0.0
29051,2024-06-13,0.0
29055,2018-06-30,0.0
29056,2019-02-13,0.0
29066,2015-06-30,0.0
29085,2009-09-07,0.0
29100,2014-11-30,0.0
29110,2008-08-05,0.0
29138,2008-05-08,0.0
29147,2012-11-13,0.0
29162,2009-09-07,0.0
29176,2008-09-07,0.0
29178,2021-06-30,0.0
29179,2008-07-25,0.0
29182,2015-07-02,0.0
29241,2025-06-05,700000.0
29287,2015-01-31,0.0
29289,2012-06-22,0.0
29351,2019-10-09,0.0
29364,2025-05-29,600000.0
29419,2022-06-30,0.0
29565,2022-06-30,0.0
29588,2017-06-30,0.0
29594,2023-03-06,0.0
29619,2016-06-30,0.0
29673,2010-01-01,0.0
29865,2018-06-04,0.0
29933,2018-09-17,0.0
30059,2021-06-30,0.0
30433,2017-12-31,0.0
30434,2016-11-15,0.0
30456,2022-12-14,0.0
30616,2012-01-04,0.0
30638,2021-06-30,0.0
30654,2016-06-30,0.0
30735,2013-04-24,0.0
30739,2022-09-26,0.0
30747,2020-06-28,0.0
30749,2021-10-19,0.0
30825,2024-12-31,0.0
30889,2019-12-31,0.0
30891,2015-12-31,0.0
31055,2011-09-08,0.0
31089,2014-06-30,0.0
31095,2021-10-17,0.0
31123,2018-11-29,0.0
31152,2015-03-12,0.0
31159,2020-10-04,0.0
31169,2022-05-31,0.0
31219,2016-03-26,0.0
31292,2022-06-30,0.0
31312,2021-12-31,0.0
31353,2019-06-26,0.0
31393,2014-05-05,0.0
31451,2017-07-31,0.0
31535,2023-06-30,0.0
31649,2017-06-30,0.0
31698,2024-03-06,0.0
31831,2012-01-04,0.0
31883,2017-06-30,0.0
31910,2021-07-19,0.0
32092,2021-06-30,0.0
32644,2016-11-09,0.0
32713,2020-06-30,0.0
32779,2025-06-23,50000.0
32816,2022-06-30,0.0
32887,2016-12-31,0.0
32941,2018-12-31,0.0
33022,2018-06-30,0.0
33078,2023-01-26,0.0
33171,2019-06-30,0.0
33195,2018-12-31,0.0
33326,2008-11-08,0.0
33349,2022-10-03,0.0
33439,2019-12-31,0.0
33448,2022-12-31,0.0
33544,2021-05-11,0.0
33648,2021-06-30,0.0
33718,2022-06-30,0.0
33754,2024-01-21,0.0
33785,2019-06-30,0.0
33829,2025-05-29,100000.0
33924,2015-06-30,0.0
33930,2011-06-29,0.0
33935,2013-05-02,0.0
33950,2020-06-30,0.0
33951,2020-01-31,0.0
34118,2013-04-15,0.0
34130,2025-05-29,200000.0
34136,2016-09-10,0.0
34211,2021-06-30,0.0
34342,2016-04-01,0.0
34344,2025-06-19,50000.0
34361,2015-12-31,0.0
34377,2016-06-30,0.0
34557,2020-08-24,0.0
34559,2020-06-30,0.0
34564,2024-01-28,0.0
34565,2008-01-28,0.0
34779,2017-12-29,0.0
34937,2022-03-22,0.0
35003,2011-08-29,0.0
35203,2015-06-30,0.0
35207,2025-06-04,2000000.0
35208,2022-06-30,0.0
35315,2017-06-29,0.0
35345,2019-06-30,0.0
35362,2011-01-07,0.0
35413,2024-09-23,0.0
35416,2025-06-29,50000.0
35518,2023-07-26,0.0
35519,2016-06-30,0.0
35529,2025-04-03,100000.0
35540,2024-03-18,0.0
35541,2024-06-30,0.0
35547,2022-06-30,0.0
35583,2021-06-24,0.0
35586,2012-08-15,0.0
35600,2019-06-30,0.0
35650,2019-09-07,0.0
35715,2016-12-31,0.0
35719,2024-09-26,0.0
35773,2025-05-26,0.0
35850,2023-03-06,0.0
35865,2025-06-01,250000.0
35872,2025-06-22,100000.0
35939,2021-07-15,0.0
36007,2015-06-30,0.0
36123,2019-06-30,0.0
36139,2025-06-17,2200000.0
36207,2023-06-30,0.0
36293,2023-06-30,0.0
36359,2023-03-06,0.0
36364,2024-08-26,0.0
36591,2014-06-30,0.0
36791,2017-02-28,0.0
36814,2021-01-02,0.0
36861,2019-07-03,0.0
36874,2014-06-30,0.0
37014,2017-06-30,0.0
37140,2016-06-21,0.0
37152,2021-08-18,0.0
37154,2010-09-07,0.0
37156,2010-06-30,0.0
37157,2024-03-18,0.0
37216,2025-06-19,10000.0
37236,2020-07-31,0.0
37304,2023-06-30,0.0
37337,2023-09-30,0.0
37388,2020-02-18,0.0
37397,2024-06-30,0.0
37399,2019-09-25,0.0
37457,2021-06-30,0.0
37516,2016-06-30,0.0
37560,2020-12-31,0.0
37786,2011-06-30,0.0
37810,2012-02-11,0.0
37838,2025-05-22,600000.0
37934,2025-06-19,50000.0
38003,2025-06-08,100000.0
38090,2017-03-22,0.0
38094,2024-11-25,0.0
38099,2009-08-22,0.0
38346,2023-06-30,0.0
38360,2022-08-29,0.0
38383,2021-03-04,0.0
38400,2016-06-30,0.0
38414,2023-06-30,0.0
38415,2022-05-31,0.0
38439,2021-06-30,0.0
38501,2013-02-07,0.0
38590,2011-02-20,0.0
38591,2020-06-30,0.0
38599,2023-06-30,0.0
38601,2022-11-09,0.0
38602,2019-10-29,0.0
38642,2018-03-04,0.0
38763,2020-12-31,0.0
38773,2015-10-31,0.0
38800,2023-08-31,0.0
38803,2022-06-30,0.0
38817,2025-05-28,275000.0
39010,2023-01-09,0.0
39015,2025-06-18,200000.0
39071,2014-08-24,0.0
39090,2021-07-09,0.0
39107,2015-01-12,0.0
39125,2025-06-08,800000.0
39240,2023-06-30,0.0
39247,2024-06-07,0.0
39306,2024-03-14,0.0
39392,2017-06-06,0.0
39679,2024-02-02,0.0
39700,2015-06-30,0.0
39709,2019-05-04,0.0
39783,2020-09-16,0.0
39897,2019-12-31,0.0
39909,2022-11-30,0.0
39912,2021-06-30,0.0
40074,2024-01-05,0.0
40109,2019-06-30,0.0
40123,2019-05-15,0.0
40204,2024-06-30,0.0
40414,2011-09-08,0.0
40423,2024-08-25,0.0
40567,2019-09-29,0.0
40594,2025-09-05,10000.0
40611,2024-06-17,0.0
40612,2023-06-30,0.0
40617,2025-06-29,50000.0
40633,2025-08-20,0.0
40669,2018-06-30,0.0
40928,2016-06-30,0.0
40979,2015-06-30,0.0
41023,2021-06-30,0.0
41073,2020-12-31,0.0
41242,2020-05-31,0.0
41250,2016-06-30,0.0
41261,2020-09-13,0.0
41310,2022-04-23,0.0
41312,2024-06-30,0.0
41328,2021-06-30,0.0
41384,2025-06-16,3000000.0
41507,2021-07-26,0.0
41663,2021-06-30,0.0
41749,2023-09-02,0.0
41937,2011-06-30,0.0
42198,2024-06-30,0.0
42248,2017-12-31,0.0
42345,2019-06-19,0.0
42411,2024-03-05,0.0
42413,2021-06-30,0.0
42466,2020-01-07,0.0
42744,2023-10-31,0.0
42920,2024-09-24,0.0
42936,2023-06-30,0.0
42978,2013-05-05,0.0
43012,2018-12-31,0.0
43206,2023-07-26,0.0
43217,2025-06-30,0.0
43237,2018-06-30,0.0
43257,2019-12-31,0.0
43266,2025-06-17,25000.0
43399,2018-04-10,0.0
43441,2021-09-06,0.0
43458,2019-06-30,0.0
43512,2024-11-13,0.0
43935,2012-09-21,0.0
43942,2020-09-03,0.0
43970,2009-07-04,0.0
43972,2007-08-02,0.0
43975,2014-07-01,0.0
44027,2020-06-28,0.0
44038,2017-04-19,0.0
44045,2023-06-30,0.0
44068,2025-06-02,400000.0
44116,2019-12-14,0.0
44137,2019-12-01,0.0
44227,2024-03-05,0.0
44298,2021-06-30,0.0
44317,2023-10-06,0.0
44397,2013-06-06,0.0
44402,2022-07-18,0.0
44417,2019-12-25,0.0
44420,2023-06-30,0.0
44514,2025-06-30,0.0
44594,2022-09-26,0.0
44662,2023-08-04,0.0
44672,2019-04-05,0.0
44678,2017-06-30,0.0
44681,2011-05-15,0.0
44687,2020-06-30,0.0
44713,2024-07-15,0.0
44716,2019-06-30,0.0
44720,2024-06-30,0.0
44787,2022-10-03,0.0
44793,2017-10-24,0.0
44825,2015-05-06,0.0
44832,2019-04-10,0.0
44834,2025-06-30,0.0
44895,2017-06-30,0.0
44986,2015-06-30,0.0
45105,2009-07-01,0.0
45106,2022-10-03,0.0
45237,2020-07-07,0.0
45254,2017-06-05,0.0
45260,2010-06-30,0.0
45272,2022-08-18,0.0
45279,2015-01-21,0.0
45287,2025-05-28,500000.0
45305,2019-07-03,0.0
45313,2021-06-30,0.0
45314,2024-06-30,0.0
45333,2025-06-16,50000.0
45408,2015-06-30,0.0
45455,2023-03-06,0.0
45516,2025-06-29,25000.0
45565,2022-11-09,0.0
45575,2020-06-23,0.0
45576,2022-10-20,0.0
45587,2017-06-30,0.0
45592,2021-07-05,0.0
45652,2021-06-30,0.0
45654,2011-03-15,0.0
45683,2025-06-30,0.0
45717,2025-05-29,50000.0
45775,2017-12-31,0.0
45792,2020-04-21,0.0
45846,2025-04-03,50000.0
45882,2024-09-24,0.0
46083,2025-05-22,700000.0
46180,2024-09-24,0.0
46215,2019-06-30,0.0
46413,2025-06-08,5000000.0
46591,2023-03-06,0.0
46716,2022-10-03,0.0
46728,2023-07-26,0.0
46897,2023-06-19,0.0
47065,2021-06-30,0.0
47313,2012-12-06,0.0
47543,2023-12-31,0.0
47544,2023-06-30,0.0
47587,2024-06-30,0.0
47592,2025-06-05,300000.0
47648,2023-03-06,0.0
47661,2010-08-29,0.0
47666,2013-09-01,0.0
47982,2014-06-30,0.0
48164,2025-06-11,150000.0
48740,2024-06-30,0.0
48805,2025-06-23,75000.0
48867,2023-03-06,0.0
48870,2025-06-15,200000.0
48930,2018-12-31,0.0
48931,2019-03-07,0.0
48946,2011-06-15,0.0
49101,2019-06-30,0.0
49327,2024-06-27,0.0
49409,2023-09-07,0.0
49501,2025-06-17,100000.0
49698,2012-10-25,0.0
49723,2025-06-04,350000.0
49730,2025-06-18,300000.0
49804,2020-06-09,0.0
50057,2025-05-26,600000.0
50142,2020-11-11,0.0
50201,2025-06-04,2000000.0
50303,2025-05-26,10000.0
50935,2025-05-25,325000.0
51046,2025-05-25,300000.0
51053,2025-06-30,0.0
51226,2024-12-31,0.0
51363,2010-08-11,0.0
51369,2017-05-30,0.0
51408,2025-06-24,25000.0
51474,2024-06-30,0.0
51480,2014-04-16,0.0
51545,2014-06-29,0.0
51550,2023-06-28,0.0
51572,2014-03-08,0.0
51573,2014-07-11,0.0
51583,2017-07-13,0.0
51587,2025-06-24,100000.0
51683,2010-10-25,0.0
51710,2023-08-31,0.0
51714,2012-09-06,0.0
51716,2023-12-31,0.0
51718,2012-10-01,0.0
51853,2016-06-30,0.0
52006,2025-04-03,50000.0
52027,2018-11-04,0.0
52111,2023-10-24,0.0
52161,2021-09-06,0.0
52246,2021-12-31,0.0
52311,2016-12-31,0.0
52317,2018-06-30,0.0
52328,2023-12-31,0.0
52469,2022-06-30,0.0
52513,2023-12-31,0.0
52576,2024-11-14,0.0
52619,2017-06-30,0.0
52647,2024-04-21,0.0
52744,2022-06-30,0.0
52746,2023-04-20,0.0
52791,2025-06-30,0.0
52850,2019-11-07,0.0
52853,2018-04-30,0.0
52891,2021-07-26,0.0
52893,2024-03-28,0.0
52910,2015-12-31,0.0
52920,2025-04-03,200000.0
52999,2025-03-13,0.0
53011,2019-11-30,0.0
53033,2016-12-31,0.0
32522,2022-06-30,0.0
32542,2024-06-30,0.0
32617,2019-07-25,0.0
32622,2023-09-29,0.0
32899,2024-12-31,0.0
33026,2011-09-28,0.0
33042,2021-10-04,0.0
33210,2025-05-27,75000.0
33218,2025-06-30,0.0
33343,2021-06-30,0.0
33357,2023-01-10,0.0
33447,2019-01-27,0.0
33491,2018-06-30,0.0
33630,2012-12-07,0.0
33706,2024-12-07,0.0
33781,2025-06-02,150000.0
33783,2020-06-03,0.0
33786,2016-11-04,0.0
33833,2017-09-14,0.0
33866,2021-05-10,0.0
33914,2019-06-30,0.0
33915,2007-06-24,0.0
33918,2012-07-04,0.0
33923,2022-12-31,0.0
33925,2023-08-13,0.0
33933,2009-07-21,0.0
33934,2024-12-31,0.0
33963,2021-06-30,0.0
34156,2025-04-03,50000.0
34198,2025-06-01,100000.0
34320,2011-07-31,0.0
34336,2021-06-24,0.0
34337,2020-03-22,0.0
34340,2018-06-30,0.0
34349,2023-10-18,0.0
34374,2018-06-30,0.0
34421,2019-06-30,0.0
34532,2023-03-06,0.0
34542,2025-06-16,75000.0
34561,2021-06-30,0.0
34572,2021-06-30,0.0
34579,2016-07-12,0.0
34593,2021-10-27,0.0
34643,2020-06-30,0.0
34672,2021-11-14,0.0
34784,2025-06-30,0.0
34851,2019-11-30,0.0
34909,2022-01-20,0.0
34944,2023-01-13,0.0
34987,2023-06-30,0.0
35029,2019-09-29,0.0
35047,2025-06-08,2000000.0
35185,2019-03-30,0.0
35193,2017-09-27,0.0
35242,2022-04-14,0.0
35249,2025-04-03,100000.0
35448,2018-03-19,0.0
35515,2014-06-30,0.0
35522,2010-03-28,0.0
35534,2018-12-25,0.0
35535,2019-06-13,0.0
35539,2019-06-30,0.0
35543,2020-06-30,0.0
35546,2014-08-06,0.0
35548,2020-11-06,0.0
35552,2017-06-30,0.0
35562,2017-08-21,0.0
35563,2016-12-31,0.0
35567,2024-06-30,0.0
35569,2020-08-23,0.0
35571,2017-09-05,0.0
35740,2015-07-14,0.0
35743,2025-09-04,0.0
35813,2025-06-04,50000.0
35864,2012-01-10,400000.0
36185,2007-09-03,0.0
36291,2024-03-05,0.0
36350,2022-06-30,0.0
36355,2024-03-28,0.0
36356,2021-06-09,0.0
36392,2017-12-31,0.0
36793,2018-06-30,0.0
36799,2016-06-30,0.0
36866,2021-06-30,0.0
36884,2023-07-11,0.0
36898,2025-06-30,0.0
36928,2020-01-25,0.0
37013,2020-10-20,0.0
37058,2016-08-01,0.0
37080,2021-04-12,0.0
37148,2019-03-26,0.0
37150,2021-10-14,0.0
37171,2020-06-30,0.0
37295,2023-12-31,0.0
37389,2016-08-31,0.0
37391,2021-06-30,0.0
37398,2023-04-18,0.0
37418,2024-08-04,0.0
37458,2019-02-02,0.0
37501,2018-08-28,0.0
37511,2019-06-30,0.0
37579,2024-12-31,0.0
37598,2018-12-30,0.0
37645,2011-05-15,0.0
37834,2025-06-15,100000.0
37858,2016-01-27,0.0
37906,2016-06-30,0.0
37917,2023-03-06,0.0
38065,2018-02-04,50000.0
38091,2022-10-03,0.0
38100,2023-06-30,0.0
38145,2024-09-26,0.0
38267,2022-09-20,0.0
38270,2020-11-01,0.0
38347,2013-08-06,0.0
38371,2017-06-30,0.0
38387,2018-06-30,0.0
38410,2024-01-31,0.0
38587,2011-04-20,0.0
38592,2025-06-30,0.0
38593,2023-06-30,0.0
38650,2012-06-17,0.0
39004,2022-06-30,0.0
39037,2022-10-03,0.0
39049,2025-06-04,50000.0
39106,2023-06-18,0.0
39152,2025-06-19,150000.0
39198,2017-06-30,0.0
39231,2013-07-15,0.0
39259,2024-06-30,0.0
39519,2022-10-03,0.0
39532,2018-06-30,0.0
39655,2025-05-15,10000.0
39682,2017-06-30,0.0
39705,2022-10-03,0.0
39800,2024-06-12,0.0
39827,2022-10-03,0.0
39849,2012-05-31,0.0
39908,2022-06-30,0.0
39915,2019-06-30,0.0
39958,2021-06-30,0.0
39983,2024-06-30,0.0
40014,2025-05-15,10000.0
40207,2021-12-31,0.0
40433,2025-06-16,1500000.0
40613,2024-10-02,0.0
40660,2020-05-05,0.0
40687,2025-05-22,100000.0
40688,2015-09-08,0.0
40792,2025-06-18,300000.0
40795,2017-06-30,0.0
40806,2017-06-30,0.0
40888,2021-06-30,0.0
40937,2019-06-30,0.0
41112,2021-09-23,0.0
41311,2019-09-05,0.0
41369,2024-03-06,0.0
41541,2024-08-02,0.0
41920,2025-06-01,200000.0
41942,2016-10-29,0.0
41982,2025-04-23,300000.0
41994,2019-10-29,0.0
42044,2024-06-30,0.0
42086,2024-06-30,0.0
42373,2023-04-14,0.0
42417,2024-01-29,0.0
42460,2025-05-27,1500000.0
42732,2022-10-03,0.0
42735,2025-06-30,0.0
43013,2020-06-30,0.0
43084,2023-06-30,0.0
43163,2019-01-07,0.0
43265,2023-03-06,0.0
43271,2025-06-30,0.0
43530,2025-06-30,0.0
43721,2010-09-14,0.0
43763,2025-05-26,200000.0
43823,2011-06-15,0.0
43845,2018-11-30,0.0
43848,2024-06-30,0.0
43906,2013-06-30,0.0
43954,2017-01-10,0.0
43960,2016-06-30,0.0
43976,2017-08-21,0.0
43984,2024-09-26,0.0
43999,2016-06-30,0.0
44000,2017-04-19,0.0
44012,2023-03-06,0.0
44013,2009-09-07,0.0
44017,2025-05-27,800000.0
44024,2011-08-07,0.0
44062,2025-04-03,200000.0
44073,2022-06-30,0.0
44352,2025-06-04,1800000.0
44367,2023-11-23,0.0
44466,2024-06-30,0.0
44540,2024-02-29,0.0
44600,2019-09-27,0.0
44628,2023-06-30,0.0
44670,2020-04-16,0.0
44779,2025-04-03,800000.0
44792,2023-02-22,0.0
44794,2023-08-16,0.0
44859,2021-06-30,0.0
44910,2020-12-31,0.0
44948,2025-04-03,400000.0
45166,2021-05-31,0.0
45185,2024-09-16,0.0
45187,2020-06-27,0.0
45214,2024-07-31,0.0
45219,2019-06-30,0.0
45247,2022-06-30,0.0
45259,2020-01-22,0.0
45285,2015-06-30,0.0
45316,2008-07-01,0.0
45317,2022-02-17,0.0
45318,2023-03-06,0.0
45320,2025-05-29,2000000.0
45383,2023-06-30,0.0
45395,2025-05-26,100000.0
45532,2022-10-03,0.0
45639,2025-04-03,175000.0
45660,2025-06-04,1500000.0
45662,2024-08-01,0.0
45693,2021-06-30,0.0
45841,2024-03-18,0.0
45861,2022-01-10,0.0
46009,2024-03-18,0.0
46104,2025-05-28,400000.0
46106,2024-09-26,0.0
46415,2025-06-08,100000.0
46467,2017-08-27,0.0
46552,2025-06-05,150000.0
46692,2017-06-02,0.0
46746,2013-12-18,0.0
46831,2022-10-03,0.0
47082,2023-08-10,0.0
47184,2025-04-03,75000.0
47312,2016-06-30,0.0
47424,2015-07-16,0.0
47513,2024-08-28,0.0
47601,2022-10-04,0.0
47602,2013-01-03,0.0
47624,2023-03-06,0.0
47653,2020-06-29,0.0
47659,2022-10-03,0.0
47660,2022-10-03,0.0
47713,2025-05-25,200000.0
47768,2024-09-26,0.0
47893,2022-04-07,0.0
47942,2018-06-30,0.0
47944,2024-07-05,0.0
47995,2023-03-12,0.0
48002,2025-05-26,200000.0
48003,2021-06-30,0.0
48015,2025-06-04,2000000.0
48025,2010-01-07,0.0
48078,2025-06-17,75000.0
48081,2022-06-30,0.0
48280,2025-06-01,1000000.0
48291,2019-12-31,0.0
48294,2023-06-30,0.0
48644,2013-05-31,0.0
48665,2008-01-28,0.0
48950,2025-09-02,0.0
49031,2025-05-27,50000.0
49094,2017-06-30,0.0
49115,2018-06-30,0.0
49239,2025-06-30,0.0
49323,2018-10-29,0.0
49428,2022-08-31,0.0
49521,2023-01-07,0.0
49802,2022-06-30,0.0
50143,2019-07-08,0.0
50152,2016-05-16,0.0
50199,2024-03-06,0.0
50379,2020-07-07,0.0
50439,2023-06-30,0.0
50512,2025-06-24,100000.0
50552,2021-08-04,0.0
50570,2019-12-12,0.0
50571,2016-06-30,0.0
50587,2024-03-06,0.0
51040,2025-02-28,0.0
51069,2025-06-10,150000.0
51079,2025-05-25,200000.0
51100,2025-06-16,125000.0
51118,2023-06-30,0.0
51174,2025-06-05,800000.0
51176,2023-06-30,0.0
51282,2015-11-27,0.0
51285,2021-06-30,0.0
51318,2023-07-13,0.0
51368,2011-09-02,0.0
51383,2017-12-28,0.0
51402,2011-08-07,0.0
51419,2017-04-19,0.0
51426,2020-01-08,0.0
51457,2023-11-09,0.0
51464,2010-08-11,0.0
51471,2025-05-29,20000000.0
51493,2011-08-07,0.0
51504,2016-06-30,0.0
51518,2022-11-30,0.0
51527,2015-06-30,0.0
51532,2018-06-30,0.0
51540,2025-06-01,300000.0
51555,2017-08-21,0.0
51556,2018-09-30,0.0
51582,2025-06-24,25000.0
51657,2020-06-28,0.0
51663,2025-06-23,200000.0
51713,2021-01-31,0.0
51715,2015-06-30,0.0
51736,2024-06-30,0.0
51977,2025-06-04,300000.0
52010,2016-04-06,0.0
52112,2024-06-30,0.0
52151,2018-07-06,0.0
52200,2022-12-18,0.0
52590,2025-04-03,50000.0
3466,2021-12-19,0.0
3467,2017-11-30,0.0
3468,2008-04-10,0.0
3475,2008-08-02,0.0
3484,2010-11-15,0.0
3489,2011-07-13,0.0
3505,2008-10-20,0.0
3507,2016-06-30,0.0
3521,2008-07-27,0.0
3522,2012-07-28,0.0
3532,2012-02-20,0.0
3545,2011-06-30,0.0
3547,2019-12-31,0.0
3552,2007-06-19,0.0
3568,2019-04-04,0.0
3570,2013-08-06,0.0
3572,2010-03-19,0.0
3575,2014-08-09,0.0
3582,2017-06-30,0.0
3608,2011-11-07,0.0
3614,2016-06-30,0.0
3622,2009-09-23,0.0
3626,2013-09-04,0.0
3650,2012-12-22,0.0
3658,2015-06-30,0.0
3664,2008-01-21,0.0
3665,2012-09-27,0.0
3671,2005-06-30,0.0
3672,2013-01-19,0.0
3675,2019-06-30,0.0
3684,2007-09-13,0.0
3686,2014-01-08,0.0
3692,2018-01-16,0.0
3701,2016-03-25,0.0
3702,2015-06-30,0.0
3706,2006-06-30,0.0
3708,2008-07-01,0.0
3712,2011-07-09,0.0
3714,2011-06-29,0.0
3718,2011-08-04,0.0
3719,2014-04-02,0.0
3742,2007-02-12,0.0
3755,2025-06-04,100000.0
3758,2007-07-11,0.0
3763,2008-07-23,0.0
3772,2011-02-25,0.0
3788,2014-12-02,0.0
3799,2012-08-09,0.0
3802,2008-02-02,0.0
3804,2014-06-30,0.0
3829,2004-12-31,0.0
3838,2019-09-04,0.0
3839,2007-10-24,0.0
3854,2015-01-25,0.0
3857,2014-08-09,0.0
3860,2012-09-21,0.0
3865,2017-04-30,0.0
3867,2007-02-12,0.0
3869,2019-09-01,0.0
3881,2019-01-20,0.0
3907,2012-11-03,0.0
3930,2022-06-30,0.0
3931,2011-03-13,0.0
3936,2010-03-30,0.0
3943,2012-03-20,0.0
3964,2010-05-17,0.0
3979,2019-06-30,0.0
3987,2007-10-25,250000.0
4005,2005-11-06,0.0
4006,2007-02-12,0.0
4031,2008-10-23,0.0
4036,2012-12-26,0.0
4037,2011-07-10,0.0
4050,2012-07-17,0.0
4063,2021-08-01,0.0
4068,2014-03-01,0.0
4096,2014-08-09,0.0
4108,2023-06-30,0.0
4112,2013-12-16,0.0
4129,2013-06-30,0.0
4130,2010-09-12,0.0
4132,2013-07-14,0.0
4137,2009-04-14,0.0
4139,2015-03-27,0.0
4150,2011-06-29,0.0
4168,2014-01-14,0.0
4170,2014-10-25,0.0
4180,2009-10-15,0.0
4181,2009-12-31,0.0
4182,2011-06-29,0.0
4211,2015-09-24,0.0
4216,2019-06-30,0.0
4219,2019-06-30,0.0
4238,2015-06-29,0.0
4243,2016-01-11,0.0
4251,2014-06-30,0.0
4261,2016-07-12,0.0
4263,2011-07-26,0.0
4265,2012-02-11,0.0
4289,2014-12-31,0.0
4316,2015-10-26,0.0
4338,2013-09-07,0.0
4362,2012-07-01,0.0
4367,2014-01-16,0.0
4372,2011-01-31,0.0
4380,2019-06-30,0.0
4381,2014-04-14,0.0
4387,2011-01-22,0.0
4429,2016-06-30,0.0
4433,2014-12-31,0.0
4451,2015-06-30,0.0
4517,2017-06-30,0.0
4691,2018-06-30,0.0
4694,2016-09-12,0.0
4738,2016-06-30,0.0
4741,2014-12-31,0.0
4742,2024-06-30,0.0
4756,2013-06-30,0.0
4767,2006-06-30,0.0
4978,2019-06-30,0.0
4979,2019-06-30,0.0
5032,2011-08-21,0.0
5082,2017-06-30,0.0
5162,2012-06-28,0.0
5217,2007-09-30,0.0
5229,2020-07-02,0.0
5293,2017-08-18,0.0
5294,2014-12-31,0.0
5311,2008-09-10,0.0
5315,2018-06-30,0.0
5339,2018-06-30,0.0
5341,2006-06-30,0.0
5342,2012-11-28,0.0
5343,2012-05-02,0.0
5382,2011-03-09,0.0
5393,2013-08-13,0.0
5397,2020-01-05,0.0
5435,2010-09-09,0.0
5442,2013-06-30,0.0
5448,2011-05-11,0.0
5495,2019-12-31,0.0
5496,2010-07-01,0.0
5517,2010-07-01,0.0
5518,2014-03-31,0.0
5524,2018-06-30,0.0
5537,2012-12-14,0.0
5549,2010-08-09,0.0
5555,2014-08-09,0.0
5557,2011-02-20,0.0
5563,2015-07-01,0.0
5576,2015-07-01,0.0
5586,2016-12-31,0.0
5610,2009-10-03,0.0
5636,2016-06-30,0.0
5637,2010-06-01,0.0
5645,2017-12-31,0.0
5674,2015-11-27,0.0
5676,2018-06-30,0.0
5680,2017-06-30,0.0
5681,2011-06-29,0.0
5683,2015-12-31,0.0
5688,2016-03-26,0.0
5700,2004-10-27,0.0
5705,2014-01-31,0.0
5718,2007-11-25,0.0
5733,2011-07-03,0.0
5761,2017-06-30,0.0
5767,2016-01-22,0.0
5770,2009-08-05,0.0
5783,2014-03-02,0.0
5793,2016-06-30,0.0
5797,2009-10-22,0.0
5798,2011-02-12,0.0
5803,2009-06-30,0.0
5815,2008-07-01,0.0
5817,2017-12-31,0.0
5819,2008-07-01,0.0
5833,2007-08-02,0.0
5856,2019-06-30,0.0
5864,2010-08-09,0.0
5870,2018-06-30,0.0
5873,2018-06-30,0.0
5935,2013-01-06,0.0
5940,2010-03-19,0.0
5946,2019-06-30,0.0
5948,2016-08-27,0.0
5960,2009-07-01,0.0
5969,2017-12-31,0.0
5975,2012-11-28,0.0
6003,2017-07-30,0.0
6012,2017-06-30,0.0
6025,2015-06-30,0.0
6028,2019-07-08,0.0
6036,2014-06-30,0.0
6043,2017-06-30,0.0
6047,2006-09-29,150000.0
6048,2011-11-02,0.0
6054,2007-08-15,0.0
6064,2011-10-31,0.0
6065,2020-06-30,0.0
6067,2009-07-07,0.0
6075,2014-06-30,0.0
6076,2015-10-31,0.0
6085,2010-06-30,0.0
6089,2014-03-24,0.0
6090,2017-06-30,0.0
6091,2012-12-05,0.0
6095,2008-01-06,0.0
6129,2014-05-01,0.0
6130,2014-03-02,0.0
6152,2016-06-30,0.0
6157,2016-06-30,0.0
6160,2021-02-18,0.0
6161,2012-11-29,0.0
6164,2013-06-22,0.0
6195,2012-01-09,0.0
6237,2018-06-04,0.0
6246,2012-10-24,0.0
6261,2014-06-30,0.0
6275,2009-01-04,0.0
6287,2020-06-30,0.0
6404,2019-07-04,0.0
6420,2015-08-31,0.0
6425,2017-02-17,0.0
6431,2016-06-30,0.0
6440,2011-07-04,0.0
6457,2018-06-30,0.0
6636,2023-01-04,0.0
6641,2008-04-10,0.0
6747,2014-06-30,0.0
6755,2015-02-17,0.0
6791,2016-06-30,0.0
6809,2013-07-22,0.0
6812,2016-04-19,0.0
6815,2012-09-22,0.0
6834,2016-04-17,0.0
6890,2017-06-30,0.0
6934,2015-12-31,0.0
6980,2016-06-30,0.0
7031,2009-06-30,0.0
7096,2020-08-31,0.0
7102,2015-06-30,0.0
7109,2019-06-30,0.0
7187,2013-06-30,0.0
7278,2011-12-18,0.0
7335,2020-02-28,0.0
7337,2016-06-30,0.0
7358,2022-11-12,0.0
7372,2016-12-31,0.0
7434,2012-09-18,0.0
7435,2018-04-30,0.0
7449,2023-06-30,0.0
7457,2009-10-09,0.0
7461,2010-08-11,0.0
7467,2012-07-01,0.0
7476,2017-06-30,0.0
7480,2013-11-11,0.0
7483,2017-06-30,0.0
7484,2008-01-21,0.0
7492,2016-06-30,0.0
7500,2012-09-18,0.0
7501,2016-06-30,0.0
7508,2012-09-19,0.0
7509,2014-01-24,0.0
7510,2012-08-03,0.0
7528,2020-07-31,0.0
7531,2010-08-31,0.0
7536,2011-01-04,0.0
7551,2007-03-20,0.0
7552,2008-07-24,0.0
7555,2014-12-31,0.0
7571,2008-04-10,0.0
7572,2016-01-18,0.0
7594,2014-08-09,0.0
7598,2014-08-09,0.0
7612,2014-06-30,0.0
7613,2017-06-30,0.0
7615,2012-07-01,0.0
7621,2007-08-28,0.0
7631,2016-06-30,0.0
7649,2012-06-30,0.0
7652,2013-09-12,0.0
7666,2011-06-29,0.0
7668,2020-10-04,0.0
7691,2016-06-30,0.0
7696,2009-05-18,0.0
7697,2009-08-05,0.0
7704,2014-06-30,0.0
7706,2009-08-05,0.0
7713,2017-11-30,0.0
7726,2013-05-24,0.0
7738,2010-07-01,0.0
7740,2016-03-07,0.0
7777,2009-09-17,0.0
7783,2012-03-28,0.0
7785,2009-10-09,0.0
7786,2011-02-07,0.0
7802,2011-08-04,0.0
7819,2012-12-31,0.0
7839,2010-08-11,0.0
7844,2014-04-16,0.0
7846,2011-08-07,0.0
7856,2013-05-24,0.0
7861,2013-06-30,0.0
7869,2013-07-30,0.0
7873,2021-06-30,0.0
7890,2008-05-08,0.0
7893,2021-09-23,0.0
7895,2021-12-31,0.0
7901,2018-06-30,0.0
7912,2009-11-14,0.0
7914,2024-03-18,0.0
7922,2019-06-30,0.0
7978,2014-06-30,0.0
7990,2017-01-23,0.0
8006,2019-06-30,0.0
8035,2015-08-03,0.0
8037,2011-06-29,0.0
8057,2017-10-19,0.0
8176,2025-06-24,100000.0
8189,2020-06-30,0.0
8198,2025-05-26,12000000.0
8323,2016-12-31,0.0
8326,2012-09-22,0.0
8498,2016-06-30,0.0
8538,2017-06-30,0.0
8640,2020-06-21,0.0
9051,2015-03-07,0.0
9091,2015-06-30,0.0
9095,2015-06-30,0.0
9104,2019-06-30,0.0
9161,2021-06-30,0.0
9207,2014-05-05,0.0
9209,2005-06-30,0.0
9221,2011-08-20,0.0
9339,2020-08-24,0.0
9354,2021-06-30,0.0
9413,2021-06-30,0.0
9487,2008-07-01,0.0
9494,2011-04-04,0.0
9498,2008-04-04,0.0
9505,2016-02-17,0.0
9506,2014-10-07,0.0
9507,2012-09-22,0.0
9511,2014-08-14,0.0
9524,2019-06-24,0.0
9608,2010-07-01,0.0
9615,2009-04-23,0.0
9616,2016-06-30,0.0
9619,2020-02-18,0.0
9663,2015-06-30,0.0
9676,2016-03-24,0.0
9682,2011-09-04,0.0
9702,2016-06-30,0.0
9811,2012-07-01,0.0
9816,2011-07-10,0.0
9821,2011-05-08,0.0
9832,2013-06-30,0.0
9885,2013-12-07,0.0
9915,2025-06-09,100000.0
9971,2014-04-16,0.0
9976,2011-03-02,0.0
9997,2012-09-21,0.0
10003,2021-06-30,0.0
10010,2007-06-24,0.0
10060,2020-01-05,0.0
10070,2009-06-30,0.0
10248,2018-10-22,0.0
10289,2015-11-25,0.0
10380,2012-06-30,0.0
10387,2019-06-30,0.0
11111,2025-06-01,125000.0
11360,2016-06-30,0.0
11365,2017-07-06,0.0
11366,2012-09-22,0.0
11686,2023-10-18,0.0
11689,2011-10-10,0.0
11692,2018-11-04,0.0
11756,2020-03-05,0.0
11765,2020-06-30,0.0
12029,2025-06-02,100000.0
12030,2019-12-31,0.0
12094,2016-03-26,0.0
12099,2016-06-30,0.0
12106,2018-10-03,0.0
12107,2013-08-03,0.0
12141,2019-06-30,0.0
12148,2017-06-30,0.0
12149,2017-04-07,0.0
12150,2011-05-15,0.0
12505,2013-09-04,0.0
12507,2014-06-30,0.0
12567,2008-09-24,0.0
12589,2025-06-16,50000.0
12689,2012-04-30,0.0
12690,2014-08-09,0.0
12693,2022-06-30,0.0
12704,2021-06-30,0.0
12728,2011-05-06,0.0
12730,2011-11-11,0.0
12765,2015-06-30,0.0
12788,2012-09-26,0.0
12844,2015-12-30,0.0
12955,2009-09-22,0.0
13038,2017-02-17,0.0
13058,2016-03-30,0.0
13105,2019-06-30,0.0
13179,2012-09-19,0.0
13186,2015-06-30,0.0
13210,2009-05-18,0.0
13213,2013-07-03,0.0
13217,2021-06-30,0.0
13222,2020-01-05,0.0
13239,2019-07-24,0.0
13242,2016-07-08,0.0
13248,2008-08-12,0.0
13252,2012-07-13,0.0
13389,2017-08-03,0.0
13397,2015-06-30,0.0
13410,2019-06-30,0.0
13432,2009-03-26,0.0
13438,2009-01-28,0.0
13452,2020-06-30,0.0
13453,2012-09-18,0.0
13460,2022-06-30,0.0
13471,2013-06-30,0.0
13509,2017-09-15,0.0
13543,2016-12-31,0.0
13544,2019-06-30,0.0
13556,2019-03-27,0.0
13569,2015-06-30,0.0
13586,2023-06-19,0.0
13615,2009-04-12,0.0
13721,2018-07-01,0.0
13733,2011-03-08,0.0
13736,2015-06-30,0.0
13770,2013-12-31,0.0
13788,2021-12-31,0.0
13794,2009-03-10,0.0
13800,2015-01-29,0.0
13801,2008-04-10,0.0
13834,2013-06-30,0.0
13835,2023-12-31,0.0
13845,2014-06-30,0.0
13867,2014-06-30,0.0
13894,2013-12-31,0.0
13922,2014-01-05,0.0
14000,2007-07-28,0.0
14003,2021-06-30,0.0
14010,2011-06-29,0.0
14026,2010-05-16,0.0
14044,2025-08-19,0.0
14056,2011-06-30,0.0
14068,2010-07-01,0.0
14081,2022-08-08,0.0
14086,2025-05-29,500000.0
14110,2018-10-04,0.0
14132,2024-08-07,0.0
14177,2021-11-01,0.0
14270,2019-06-30,0.0
14520,2014-06-30,0.0
14555,2025-05-29,100000.0
14669,2013-03-28,0.0
14792,2019-06-30,0.0
14871,2014-08-10,0.0
14951,2020-06-09,0.0
14960,2017-12-17,0.0
14963,2017-12-31,0.0
14964,2009-06-30,0.0
14974,2014-08-09,0.0
15039,2018-06-06,0.0
15052,2017-06-30,0.0
15072,2017-12-31,0.0
15167,2018-04-28,0.0
15175,2024-09-24,0.0
15209,2014-12-31,0.0
15245,2014-06-29,0.0
15300,2018-06-30,0.0
15333,2010-06-30,0.0
15337,2011-06-29,0.0
15347,2016-06-30,0.0
15420,2016-12-18,0.0
15434,2009-02-09,0.0
15454,2016-03-07,0.0
15496,2005-12-31,0.0
15499,2022-10-03,0.0
15511,2020-10-15,0.0
15538,2010-02-09,0.0
15568,2025-05-28,50000.0
15721,2013-06-30,0.0
15760,2021-01-31,0.0
15761,2017-08-21,0.0
15766,2009-08-05,0.0
15783,2019-06-20,0.0
15790,2021-06-30,0.0
15792,2016-06-14,0.0
15796,2016-12-07,0.0
15797,2010-08-11,0.0
15827,2014-11-09,0.0
15829,2014-12-31,0.0
15838,2021-06-30,0.0
15901,2011-10-28,0.0
15904,2022-01-20,0.0
15955,2015-06-30,0.0
15956,2024-12-31,0.0
16082,2020-04-30,0.0
16084,2011-06-27,0.0
16090,2022-10-03,0.0
16117,2019-06-30,0.0
16131,2017-08-21,0.0
16136,2025-06-02,500000.0
16306,2025-05-29,10000000.0
16315,2020-07-31,0.0
16320,2017-06-30,0.0
16363,2016-04-13,0.0
16474,2023-03-06,0.0
16520,2020-06-30,0.0
16566,2015-01-31,0.0
16580,2007-11-18,0.0
16584,2014-04-16,0.0
16589,2018-12-31,0.0
16590,2015-06-30,0.0
16615,2015-06-30,0.0
16616,2014-11-30,0.0
16651,2017-01-12,0.0
16660,2022-10-04,0.0
16731,2020-01-02,0.0
16868,2018-06-30,0.0
16869,2022-10-03,0.0
16881,2022-10-03,0.0
16893,2020-01-28,0.0
16982,2008-06-30,0.0
17029,2017-12-31,0.0
17105,2015-02-04,0.0
17149,2011-03-08,0.0
17152,2017-05-30,0.0
17244,2014-07-02,0.0
17252,2021-12-31,0.0
17285,2017-06-30,0.0
17332,2018-01-07,0.0
17370,2017-06-30,0.0
17407,2010-07-10,0.0
17432,2016-06-30,0.0
17434,2016-04-08,0.0
17443,2023-02-21,0.0
17735,2019-01-25,0.0
17904,2010-09-30,0.0
17955,2012-05-03,0.0
18006,2019-06-29,0.0
18091,2017-06-30,0.0
18100,2016-12-14,0.0
18293,2016-10-04,0.0
18296,2019-12-31,0.0
18301,2017-12-31,0.0
18331,2020-06-30,0.0
18372,2008-08-31,0.0
18527,2012-09-18,0.0
18529,2008-06-30,0.0
18534,2014-08-27,0.0
18644,2024-06-30,0.0
18646,2020-07-15,0.0
18829,2025-06-03,0.0
18833,2020-07-14,0.0
18907,2016-05-21,0.0
18944,2022-12-31,0.0
19058,2017-12-17,0.0
19072,2024-06-30,0.0
19083,2018-05-31,0.0
19104,2023-07-21,0.0
19139,2021-02-25,0.0
19182,2015-07-26,0.0
19282,2016-06-30,0.0
19310,2012-07-01,0.0
19334,2015-05-27,0.0
19335,2018-06-30,0.0
19390,2014-05-07,0.0
19437,2013-07-10,0.0
19729,2015-06-30,0.0
19947,2022-12-31,0.0
19972,2019-06-30,0.0
19981,2020-11-15,0.0
19998,2020-06-30,0.0
20000,2020-03-15,0.0
20082,2010-07-05,0.0
20264,2019-06-30,0.0
20394,2018-08-30,0.0
20446,2019-06-16,0.0
20463,2025-05-25,400000.0
20506,2025-06-30,0.0
20751,2014-06-30,0.0
20905,2016-12-31,0.0
20913,2015-06-30,0.0
20950,2010-11-30,0.0
20975,2019-07-31,0.0
21060,2017-06-30,0.0
21147,2013-06-30,0.0
21149,2015-06-30,0.0
21173,2014-06-30,0.0
21183,2011-03-07,0.0
21297,2025-05-28,150000.0
21409,2022-03-30,0.0
21683,2008-02-10,0.0
21690,2020-01-14,0.0
21698,2019-06-29,0.0
21750,2019-11-27,0.0
21753,2010-01-06,0.0
21765,2012-06-30,0.0
21770,2017-06-30,0.0
21803,2016-06-30,0.0
21833,2007-11-25,0.0
21835,2012-10-26,0.0
21865,2014-06-30,0.0
21868,2011-03-10,0.0
21873,2010-06-30,0.0
21935,2021-01-08,0.0
21949,2019-10-29,0.0
21984,2015-06-30,0.0
21988,2016-05-19,0.0
21998,2014-03-24,0.0
22083,2011-07-17,0.0
22086,2008-04-10,0.0
22092,2014-08-12,0.0
22102,2015-06-30,0.0
22105,2011-03-24,0.0
22111,2014-06-30,0.0
22165,2016-09-28,0.0
22187,2015-06-30,0.0
22189,2010-09-29,0.0
22203,2020-01-22,0.0
22213,2010-07-26,0.0
22227,2022-06-30,0.0
22233,2011-03-24,0.0
22254,2014-06-30,0.0
22285,2017-06-30,0.0
22302,2009-12-14,0.0
22321,2018-02-15,0.0
22331,2006-06-30,0.0
22385,2013-09-21,0.0
22386,2024-06-30,0.0
22515,2016-06-29,0.0
22542,2020-06-30,0.0
22550,2017-06-30,0.0
22566,2013-07-30,0.0
22569,2009-03-16,0.0
22583,2008-01-28,0.0
22622,2021-06-30,0.0
22623,2018-03-04,0.0
22633,2011-05-15,0.0
22638,2009-12-20,0.0
22644,2007-08-23,0.0
22750,2018-10-05,0.0
22795,2014-06-30,0.0
22820,2019-05-07,0.0
22832,2016-06-30,0.0
22931,2016-06-30,0.0
22960,2018-06-30,0.0
22969,2020-06-30,0.0
23219,2008-01-28,0.0
23247,2013-07-22,0.0
23307,2018-06-30,0.0
23330,2009-08-05,0.0
23344,2012-03-30,0.0
23357,2011-08-03,0.0
23358,2009-12-16,0.0
23364,2015-06-30,0.0
23365,2024-09-24,0.0
23366,2022-10-03,0.0
23885,2013-07-02,0.0
23932,2019-06-30,0.0
23934,2022-06-30,0.0
24072,2010-11-07,0.0
24105,2018-06-30,0.0
24162,2012-12-15,0.0
24180,2022-06-30,0.0
24282,2014-02-19,0.0
24306,2018-02-20,0.0
24318,2019-10-29,0.0
24475,2014-11-30,0.0
24606,2020-06-30,0.0
24619,2016-06-30,0.0
24636,2022-06-30,0.0
24846,2025-05-29,100000.0
25020,2018-06-30,0.0
25055,2013-12-31,0.0
25118,2022-06-07,0.0
25326,2019-10-28,0.0
25416,2015-08-05,0.0
25461,2019-06-30,0.0
25488,2025-03-17,0.0
25496,2010-01-09,0.0
25523,2022-01-30,0.0
25732,2025-01-31,0.0
25758,2025-05-25,50000.0
25825,2018-09-25,0.0
25834,2024-08-31,0.0
26061,2024-08-14,0.0
26105,2021-08-28,0.0
26148,2019-06-30,0.0
26149,2014-06-30,0.0
26152,2017-08-21,0.0
26197,2020-02-07,0.0
26276,2020-07-26,0.0
26290,2008-01-03,0.0
26371,2024-09-24,0.0
26455,2013-07-14,0.0
26574,2023-05-23,0.0
26749,2011-08-29,0.0
26763,2017-06-30,0.0
26798,2022-06-28,0.0
27004,2004-12-31,0.0
27036,2021-10-07,0.0
27114,2019-06-30,0.0
27364,2018-12-31,0.0
27366,2015-12-27,0.0
27374,2024-12-31,0.0
27393,2009-12-12,0.0
27446,2010-11-03,0.0
27448,2020-06-30,0.0
27453,2018-06-30,0.0
27522,2018-12-31,0.0
27677,2010-07-03,0.0
27684,2019-10-29,0.0
27710,2019-06-30,0.0
27805,2023-02-18,0.0
27807,2025-06-16,150000.0
27893,2011-08-31,0.0
27912,2017-12-31,0.0
27969,2024-02-23,0.0
28002,2016-06-30,0.0
28005,2020-11-05,0.0
28006,2019-03-31,0.0
28012,2008-06-14,0.0
28015,2010-08-31,0.0
28171,2023-12-27,0.0
28172,2011-06-30,0.0
28244,2018-01-27,0.0
28261,2020-09-30,0.0
28262,2016-12-31,0.0
28285,2025-06-05,200000.0
28335,2020-06-30,0.0
28340,2011-09-08,0.0
28759,2014-12-30,0.0
28775,2019-06-30,0.0
28810,2020-12-31,0.0
28832,2016-06-30,0.0
28836,2018-02-15,0.0
28851,2017-06-30,0.0
28854,2016-03-26,0.0
28861,2015-07-07,0.0
28878,2013-01-30,0.0
28935,2023-06-27,0.0
28953,2022-10-03,0.0
28990,2022-09-20,0.0
29039,2021-06-30,0.0
29050,2017-04-19,0.0
29067,2009-10-09,0.0
29068,2019-06-30,0.0
29081,2007-11-18,0.0
29087,2010-07-01,0.0
29091,2025-06-05,150000.0
29104,2017-06-30,0.0
29111,2008-07-01,0.0
29115,2022-05-30,0.0
29117,2019-02-24,0.0
29118,2017-06-30,0.0
29139,2010-07-01,0.0
29152,2021-02-02,0.0
29158,2019-06-30,0.0
29167,2010-08-11,0.0
29170,2013-08-21,0.0
29199,2022-10-03,0.0
29208,2018-01-28,0.0
29260,2023-12-31,0.0
29282,2008-04-10,0.0
29311,2020-06-27,0.0
29387,2017-06-30,0.0
29391,2024-07-31,0.0
29424,2019-01-31,0.0
29434,2021-02-18,0.0
29567,2023-06-30,0.0
29573,2010-11-24,0.0
29579,2013-01-20,0.0
29603,2012-06-30,0.0
29692,2025-05-29,500000.0
29864,2016-06-30,0.0
29975,2021-07-30,0.0
30070,2019-06-30,0.0
30083,2012-02-24,0.0
30332,2021-06-30,0.0
30431,2025-06-19,50000.0
30619,2010-01-29,0.0
30656,2010-01-04,0.0
30690,2025-06-01,200000.0
30758,2022-06-30,0.0
30802,2020-06-28,0.0
30846,2021-12-31,0.0
30853,2022-11-04,0.0
30882,2024-02-19,0.0
30883,2019-04-27,0.0
30982,2024-12-31,0.0
31050,2019-06-30,0.0
31067,2025-06-30,0.0
31069,2016-06-30,0.0
31108,2022-05-05,0.0
31373,2010-07-18,0.0
31422,2010-09-30,0.0
31430,2017-06-30,0.0
31434,2019-12-31,0.0
31493,2019-06-30,0.0
31570,2019-06-30,0.0
31610,2019-06-30,0.0
31645,2019-09-19,0.0
31653,2025-06-04,300000.0
31769,2010-09-07,0.0
31773,2021-06-30,0.0
31776,2017-10-17,0.0
31886,2025-06-05,25000.0
32111,2018-03-04,0.0
32113,2025-06-16,1500000.0
32207,2023-10-26,0.0
32213,2020-09-29,0.0
32217,2014-08-09,0.0
53134,2022-02-16,0.0
53219,2009-01-02,0.0
53293,2018-09-30,0.0
53294,2018-09-30,0.0
53306,2022-06-28,0.0
53359,2021-02-26,0.0
53400,2025-06-30,0.0
53477,2025-06-26,100000.0
53536,2025-05-28,750000.0
53669,2025-06-23,50000.0
53696,2025-05-27,2000000.0
53965,2024-04-21,0.0
54137,2023-11-12,0.0
54164,2017-12-25,0.0
54223,2020-08-14,0.0
54231,2023-06-28,0.0
54328,2024-06-30,0.0
54383,2025-06-29,100000.0
54757,2016-12-31,0.0
54774,2025-02-02,0.0
54789,2020-06-30,0.0
54846,2025-06-18,200000.0
54904,2017-10-14,0.0
54906,2025-06-16,2500000.0
54912,2022-10-03,0.0
54916,2021-07-31,0.0
54928,2023-07-30,0.0
54984,2022-06-30,0.0
55000,2025-06-01,100000.0
55001,2023-03-06,0.0
55002,2018-04-04,0.0
55042,2023-11-12,0.0
55135,2025-02-02,0.0
55366,2024-09-26,0.0
55389,2018-04-18,0.0
55860,2023-01-01,0.0
55884,2024-02-22,0.0
55959,2020-06-03,0.0
55980,2019-06-30,0.0
56046,2025-06-24,50000.0
56134,2021-06-30,0.0
56226,2013-06-30,0.0
56416,2025-06-30,0.0
56605,2022-10-03,0.0
56609,2025-06-18,25000.0
56624,2013-10-14,0.0
56797,2020-07-07,0.0
56799,2018-06-30,0.0
56803,2025-06-18,150000.0
56811,2023-10-18,0.0
56818,2024-06-30,0.0
56820,2021-06-30,0.0
56827,2022-10-03,0.0
56841,2020-06-04,0.0
56859,2016-08-17,0.0
56898,2025-06-18,300000.0
56921,2023-06-30,0.0
57076,2020-08-04,0.0
57102,2014-08-09,0.0
57144,2019-09-25,0.0
57208,2020-06-30,0.0
57280,2025-05-26,2000000.0
57383,2017-06-30,0.0
57480,2022-04-07,0.0
57490,2024-02-07,0.0
57525,2019-06-30,0.0
57540,2017-12-31,0.0
57545,2019-06-30,0.0
57574,2024-12-31,0.0
57657,2025-04-03,0.0
57691,2021-06-30,0.0
57693,2023-03-06,0.0
57726,2016-12-31,0.0
57785,2023-10-14,0.0
57791,2021-10-13,0.0
57794,2024-03-18,0.0
57796,2025-06-04,250000.0
57808,2025-05-13,50000.0
57825,2023-07-13,0.0
57826,2023-06-30,0.0
57842,2024-06-30,0.0
57876,2023-06-30,0.0
57924,2021-06-30,0.0
57942,2016-01-25,0.0
57947,2009-10-09,0.0
57956,2022-10-03,0.0
57990,2024-06-30,0.0
58030,2023-06-30,0.0
58074,2020-01-14,0.0
58115,2025-06-23,100000.0
58147,2019-06-30,0.0
58163,2014-06-30,0.0
58177,2017-06-30,0.0
58178,2021-01-17,0.0
58200,2020-06-30,0.0
58205,2020-07-16,0.0
58267,2025-06-30,0.0
58426,2023-05-31,0.0
58453,2019-08-31,0.0
58458,2018-11-04,0.0
58489,2025-09-08,0.0
58576,2024-01-01,0.0
58581,2022-06-30,0.0
58722,2016-06-30,0.0
58864,2025-05-26,3500000.0
59059,2021-08-02,0.0
59068,2025-05-29,125000.0
59082,2025-06-09,100000.0
59344,2025-04-03,700000.0
59349,2025-06-23,250000.0
59360,2018-02-23,0.0
59371,2024-03-18,0.0
59641,2025-06-11,250000.0
59791,2025-06-30,0.0
60026,2021-02-14,0.0
60074,2022-04-07,0.0
60119,2010-08-27,0.0
60289,2024-03-18,0.0
60444,2024-07-07,0.0
60540,2025-05-28,650000.0
60567,2020-06-30,0.0
60570,2022-10-03,0.0
60578,2023-10-06,0.0
60613,2022-11-30,0.0
60632,2023-06-19,0.0
60779,2020-07-13,0.0
60890,2024-09-23,0.0
61034,2016-08-29,0.0
61401,2022-02-11,0.0
61511,2025-06-18,125000.0
61561,2025-05-26,200000.0
61572,2023-03-06,0.0
61584,2015-05-02,0.0
61586,2025-05-18,100000.0
61588,2020-06-30,0.0
61591,2025-05-27,100000.0
61596,2022-10-03,0.0
61622,2025-05-26,75000.0
61637,2023-03-06,0.0
61665,2019-04-27,0.0
61674,2025-02-12,0.0
61694,2025-05-01,250000.0
61700,2010-09-24,0.0
61713,2012-10-29,0.0
61715,2022-10-03,0.0
61759,2023-07-13,0.0
61810,2018-06-30,0.0
61823,2014-06-30,0.0
61842,2025-06-17,550000.0
61869,2015-04-10,0.0
61900,2025-06-25,0.0
61941,2020-06-28,0.0
62052,2025-06-19,125000.0
62121,2025-05-26,800000.0
62145,2022-12-31,0.0
62247,2023-11-30,0.0
62275,2017-10-29,0.0
62373,2024-09-15,0.0
62479,2019-01-27,0.0
62688,2024-09-24,0.0
62735,2025-06-01,900000.0
62941,2023-06-30,0.0
62947,2025-04-03,0.0
63186,2025-06-01,750000.0
63226,2020-06-27,0.0
63723,2023-06-28,0.0
64000,2025-05-29,400000.0
64308,2023-03-06,0.0
64363,2023-03-06,0.0
64373,2010-02-01,0.0
64385,2020-06-28,0.0
64411,2023-06-30,0.0
64598,2025-06-30,0.0
64791,2025-06-24,25000.0
64992,2023-05-17,0.0
65239,2025-07-08,0.0
65263,2024-12-31,0.0
65278,2025-06-16,1000000.0
65281,2008-11-17,0.0
65342,2024-09-26,0.0
65781,2025-04-03,0.0
66106,2025-05-25,6000000.0
66203,2008-11-17,0.0
66319,2021-02-26,0.0
66397,2018-05-18,0.0
66405,2020-09-03,0.0
66415,2020-07-07,0.0
66490,2025-06-30,0.0
66518,2021-06-30,0.0
66550,2020-07-31,0.0
66696,2020-05-10,0.0
66736,2025-05-25,1500000.0
66888,2009-09-07,0.0
66930,2017-06-30,0.0
66934,2024-06-30,0.0
66959,2018-06-30,0.0
66994,2024-09-26,0.0
67081,2019-02-03,0.0
67082,2024-12-20,0.0
67207,2025-05-28,100000.0
67322,2022-10-18,0.0
67550,2025-06-23,600000.0
67823,2025-03-29,0.0
67866,2025-06-30,0.0
67920,2025-06-05,400000.0
68290,2025-09-04,11000000.0
68410,2025-06-09,400000.0
68558,2023-03-06,0.0
68862,2022-10-03,0.0
68864,2024-10-17,0.0
68902,2017-05-19,0.0
69015,2025-06-09,1500000.0
69246,2022-04-06,0.0
69377,2022-10-03,0.0
69436,2025-04-03,75000.0
69583,2018-02-23,0.0
69653,2025-06-17,75000.0
69789,2025-04-03,0.0
69819,2022-05-29,0.0
69912,2019-10-08,0.0
70132,2024-09-24,0.0
70245,2025-06-23,600000.0
70280,2025-05-01,250000.0
70285,2025-06-18,50000.0
70580,2025-06-16,300000.0
70890,2017-06-30,0.0
71206,2025-06-24,25000.0
72189,2023-06-30,0.0
72198,2010-08-11,0.0
72274,2024-06-30,0.0
72286,2023-06-30,0.0
72296,2020-07-14,0.0
72319,2022-10-03,0.0
72415,2014-06-30,0.0
72519,2025-04-03,300000.0
72645,2025-07-22,0.0
72687,2022-11-16,0.0
72854,2010-08-11,0.0
73037,2025-06-30,0.0
73070,2022-10-03,0.0
73092,2022-06-30,0.0
73097,2025-06-18,50000.0
73105,2023-03-22,0.0
73120,2025-06-01,150000.0
73180,2022-06-30,0.0
73185,2025-05-27,400000.0
73215,2025-06-30,0.0
73293,2024-03-06,0.0
73297,2019-06-13,0.0
73506,2010-09-24,0.0
73636,2025-05-12,25000.0
73786,2021-10-07,0.0
74124,2019-06-30,0.0
74223,2022-07-07,0.0
74229,2025-06-08,8000000.0
74288,2025-05-28,150000.0
74354,2021-03-31,0.0
74448,2025-06-18,125000.0
74590,2023-09-03,0.0
74667,2025-06-19,50000.0
74753,2018-03-04,0.0
74762,2024-01-31,0.0
74819,2017-12-27,0.0
74842,2025-06-04,4000000.0
74960,2025-05-29,1000000.0
75076,2025-04-23,100000.0
75096,2022-10-03,0.0
75295,2024-06-30,0.0
75458,2025-05-29,1000000.0
75608,2022-06-30,0.0
76041,2011-12-28,0.0
76077,2021-12-31,0.0
76274,2025-06-16,700000.0
76329,2024-09-26,0.0
76552,2024-02-19,0.0
76648,2025-06-19,100000.0
76895,2025-05-14,75000.0
77001,2025-06-11,200000.0
77036,2021-10-07,0.0
77100,2025-09-04,3500000.0
77262,2024-11-26,250000.0
77274,2025-05-26,200000.0
77329,2020-06-30,0.0
77371,2024-03-06,0.0
77569,2018-12-31,0.0
77603,2025-05-26,50000.0
77740,2020-06-09,0.0
77812,2025-06-18,300000.0
77825,2025-06-17,200000.0
77826,2025-06-25,550000.0
77966,2024-08-25,0.0
78147,2024-06-29,0.0
78615,2023-06-27,0.0
78956,2025-05-27,200000.0
79045,2025-05-27,300000.0
79110,2025-06-17,50000.0
79352,2025-06-24,100000.0
79377,2025-05-28,400000.0
79470,2021-04-05,0.0
79642,2024-06-30,0.0
80031,2025-05-12,50000.0
80060,2025-06-23,50000.0
80173,2022-06-30,0.0
80406,2013-10-18,0.0
80672,2022-06-30,0.0
81163,2023-04-20,0.0
81173,2025-06-05,700000.0
81455,2025-05-12,500000.0
81460,2024-04-29,0.0
81543,2025-05-25,100000.0
81743,2025-06-18,150000.0
81793,2023-12-31,0.0
81801,2025-06-02,275000.0
81997,2025-06-23,350000.0
81999,2025-05-27,4000000.0
82048,2025-06-16,400000.0
82105,2024-06-30,0.0
82361,2025-06-18,300000.0
82681,2016-07-19,0.0
82751,2024-06-30,0.0
82873,2025-06-04,5000000.0
83368,2023-03-06,0.0
83458,2025-06-30,0.0
83700,2025-04-03,75000.0
84085,2025-06-01,250000.0
84133,2025-05-07,50000.0
84442,2025-06-01,250000.0
84751,2025-06-18,200000.0
84766,2025-06-18,225000.0
84878,2018-05-18,0.0
85043,2023-06-30,0.0
85177,2025-05-29,1000000.0
85240,2025-06-01,50000.0
85288,2025-06-08,6000000.0
85298,2025-06-10,175000.0
85301,2024-03-06,0.0
85365,2022-10-03,0.0
85528,2025-06-16,500000.0
85543,2025-06-04,250000.0
85706,2025-05-26,150000.0
85822,2025-06-10,125000.0
85867,2025-06-24,300000.0
85906,2025-06-04,1500000.0
85960,2025-06-10,150000.0
86172,2024-09-26,0.0
86784,2025-06-08,2000000.0
86917,2025-06-26,50000.0
87091,2017-07-28,0.0
87668,2020-04-26,0.0
87786,2021-06-30,0.0
87884,2025-04-03,800000.0
88082,2025-06-01,100000.0
88327,2015-09-15,0.0
88683,2025-06-01,300000.0
88692,2023-03-06,0.0
88706,2025-06-01,300000.0
88755,2025-05-29,20000000.0
89325,2023-03-06,0.0
89542,2025-06-23,0.0
89637,2025-03-13,0.0
89659,2020-01-30,0.0
90273,2024-01-29,0.0
90317,2025-06-04,250000.0
90800,2025-06-01,300000.0
90836,2025-05-26,350000.0
91241,2025-06-18,100000.0
91251,2025-04-03,100000.0
91845,2025-05-29,20000000.0
91914,2025-06-18,200000.0
91915,2025-02-10,0.0
92180,2025-06-19,450000.0
92453,2021-06-30,0.0
92469,2025-05-26,300000.0
92472,2024-07-31,0.0
92880,2025-05-14,50000.0
92899,2025-04-03,0.0
92989,2025-05-29,150000.0
93184,2025-06-17,200000.0
93535,2024-03-05,0.0
93552,2025-06-18,300000.0
93604,2025-06-04,1500000.0
93626,2023-10-18,0.0
93651,2025-06-18,600000.0
93707,2025-06-04,3500000.0
93726,2024-06-30,0.0
93730,2025-04-03,150000.0
93740,2025-06-04,8000000.0
93751,2024-06-13,0.0
93763,2025-06-04,500000.0
93768,2025-05-29,200000.0
93827,2025-06-04,1000000.0
93841,2025-06-30,0.0
93853,2025-06-10,175000.0
93905,2025-06-11,400000.0
93936,2025-06-08,900000.0
94307,2025-05-22,1300000.0
94768,2024-09-24,0.0
94807,2025-04-03,0.0
95182,2024-09-24,0.0
95424,2025-06-16,4000000.0
95438,2025-06-08,5000000.0
95604,2025-06-24,350000.0
95680,2024-02-19,0.0
95732,2025-09-04,2000000.0
95736,2025-06-01,250000.0
95976,2025-05-29,350000.0
96454,2025-06-03,700000.0
96754,2025-06-01,500000.0
96758,2025-04-03,50000.0
96828,2024-09-23,0.0
96853,2024-03-05,0.0
98074,2025-06-02,200000.0
98368,2017-06-02,0.0
98888,2025-06-18,200000.0
99003,2025-06-24,125000.0
99235,2025-05-14,50000.0
99349,2023-06-30,0.0
99352,2025-05-22,450000.0
99452,2020-06-30,0.0
99559,2025-04-03,200000.0
99923,2025-06-18,100000.0
99924,2025-05-14,75000.0
100376,2013-06-14,0.0
100399,2023-10-24,0.0
100428,2025-04-03,0.0
100722,2025-06-23,200000.0
101031,2025-06-15,300000.0
101682,2025-06-17,100000.0
101723,2024-03-06,0.0
102340,2018-02-15,0.0
102633,2013-06-30,0.0
102984,2025-08-26,0.0
103060,2022-10-03,0.0
103415,2022-10-03,0.0
103547,2017-09-28,0.0
103565,2025-06-02,1000000.0
103916,2025-06-04,200000.0
104220,2025-09-03,750000.0
104536,2012-09-22,0.0
104597,2025-05-27,300000.0
104741,2020-06-23,0.0
104998,2019-10-30,0.0
105075,2024-03-18,0.0
105521,2025-06-17,2200000.0
105899,2025-03-01,0.0
106268,2023-03-06,0.0
106405,2025-06-04,1500000.0
107350,2023-06-25,0.0
107525,2024-12-31,0.0
107574,2025-06-18,1000000.0
107775,2025-06-04,3000000.0
109038,2025-04-03,300000.0
109436,2024-06-30,0.0
109720,2025-02-01,0.0
109751,2025-05-26,500000.0
109792,2024-06-29,0.0
110309,2023-10-25,0.0
110858,2025-04-03,600000.0
110863,2015-06-21,0.0
110865,2018-05-19,0.0
110867,2025-06-17,175000.0
110923,2025-06-16,2500000.0
110931,2025-06-18,300000.0
110934,2025-05-14,75000.0
111026,2025-05-25,200000.0
111038,2025-06-02,800000.0
111040,2025-06-02,200000.0
111048,2023-06-30,0.0
111051,2025-06-02,1800000.0
111052,2023-04-05,0.0
111063,2025-06-24,75000.0
111082,2025-05-25,500000.0
111376,2025-06-11,300000.0
111433,2025-06-01,200000.0
111509,2014-03-01,0.0
111524,2025-06-23,1200000.0
111527,2018-06-30,0.0
111828,2025-08-04,0.0
111961,2025-06-08,1500000.0
112046,2022-11-06,0.0
112062,2024-04-21,0.0
112302,2025-05-22,1000000.0
112465,2025-06-05,1700000.0
112515,2025-06-08,1500000.0
112541,2025-06-03,1200000.0
112552,2025-06-09,250000.0
112617,2025-06-10,200000.0
112666,2024-09-15,0.0
112988,2025-06-05,1000000.0
113053,2014-03-30,0.0
113133,2025-06-01,1800000.0
113612,2025-04-03,50000.0
113620,2016-06-29,0.0
114340,2023-10-18,0.0
116088,2025-06-04,2500000.0
116272,2021-06-30,0.0
116648,2025-05-29,600000.0
116655,2016-02-26,0.0
116727,2020-11-30,0.0
116792,2023-06-30,0.0
116918,2025-05-26,300000.0
117484,2023-06-30,0.0
117549,2025-06-24,150000.0
118055,2016-06-05,0.0
118196,2025-09-07,0.0
118732,2025-05-21,75000.0
119115,2025-06-01,300000.0
119213,2025-06-03,150000.0
119235,2025-06-19,100000.0
119277,2025-06-04,2500000.0
119369,2025-05-14,100000.0
119555,2019-06-30,0.0
120551,2025-06-29,225000.0
120599,2019-07-25,0.0
121402,2025-06-01,350000.0
121406,2022-10-04,0.0
121686,2025-06-30,0.0
122223,2025-06-17,75000.0
122538,2025-07-22,0.0
123551,2025-05-29,500000.0
123682,2025-05-29,8000000.0
124456,2020-03-22,0.0
124555,2025-06-16,1800000.0
124732,2025-06-18,500000.0
124901,2025-06-01,150000.0
125020,2025-06-16,700000.0
125165,2025-05-25,2000000.0
125561,2025-06-16,50000.0
125714,2025-05-29,10000000.0
125735,2025-04-03,50000.0
125868,2024-08-30,0.0
126114,2025-06-05,200000.0
126500,2016-06-05,0.0
126528,2023-11-12,0.0
126534,2024-03-06,0.0
126542,2024-09-26,0.0
126552,2025-06-24,1200000.0
126665,2025-05-29,1500000.0
126683,2025-06-01,50000.0
126692,2016-07-28,0.0
126693,2022-10-03,0.0
126704,2017-07-25,0.0
126710,2025-05-29,1000000.0
126719,2025-06-08,2000000.0
126729,2025-06-16,2500000.0
126731,2022-10-03,0.0
126739,2022-10-03,0.0
126875,2024-09-26,0.0
126924,2019-06-30,0.0
127048,2025-06-08,1500000.0
127066,2022-10-03,0.0
127076,2025-06-04,800000.0
127160,2025-06-01,400000.0
127177,2024-09-26,0.0
127179,2022-10-03,0.0
127182,2025-06-01,250000.0
127222,2025-05-14,125000.0
127772,2013-06-30,0.0
127837,2022-11-07,0.0
128223,2025-06-17,11000000.0
128229,2025-05-26,250000.0
128262,2025-06-02,250000.0
128273,2025-06-29,125000.0
128287,2025-06-04,400000.0
128453,2020-05-10,0.0
128488,2024-12-31,0.0
128898,2025-06-17,125000.0
128901,2025-05-29,2200000.0
128906,2024-08-24,0.0
128909,2025-05-26,700000.0
128931,2025-06-30,0.0
129374,2025-06-23,250000.0
129483,2025-03-13,0.0
129513,2025-06-17,500000.0
129554,2025-05-27,3500000.0
129585,2025-04-23,250000.0
129627,2024-09-26,0.0
129796,2016-10-21,0.0
129868,2025-06-18,300000.0
129893,2023-02-06,0.0
129990,2023-03-06,0.0
130164,2025-05-29,18000000.0
130172,2024-11-22,0.0
130348,2024-09-12,0.0
130365,2025-08-26,0.0
130375,2021-11-05,0.0
130380,2025-06-18,75000.0
130382,2025-05-14,50000.0
130394,2025-06-01,750000.0
130485,2025-06-18,200000.0
130756,2025-04-03,50000.0
131102,2025-05-27,600000.0
131225,2025-06-02,6000000.0
131275,2025-05-25,1000000.0
131505,2025-05-27,3500000.0
131951,2025-06-01,750000.0
132098,2025-06-04,75000000.0
132859,2011-10-23,0.0
133078,2024-06-30,0.0
133731,2025-06-04,3000000.0
133877,2022-10-03,0.0
133964,2025-06-04,1800000.0
134277,2025-06-17,400000.0
135056,2018-01-02,0.0
135343,2025-05-29,7000000.0
53231,2021-09-23,0.0
53239,2021-07-23,0.0
53301,2023-04-27,0.0
53317,2015-07-01,0.0
53360,2025-06-17,500000.0
53363,2022-10-03,0.0
53418,2025-06-04,2500000.0
53523,2020-12-31,0.0
53808,2019-01-25,0.0
54022,2018-06-30,0.0
54051,2025-05-14,50000.0
54149,2021-02-28,0.0
54170,2022-09-27,0.0
54217,2025-06-23,200000.0
54326,2021-11-30,0.0
54576,2025-05-07,100000.0
54581,2025-06-08,200000.0
54588,2022-06-01,0.0
54659,2022-09-04,0.0
54918,2012-06-30,0.0
54935,2025-05-12,100000.0
54949,2023-06-30,0.0
54972,2011-04-24,0.0
55046,2023-10-18,0.0
55125,2024-03-28,0.0
55240,2024-08-29,0.0
55375,2011-01-17,0.0
55619,2025-05-26,150000.0
55709,2020-07-07,0.0
55783,2021-12-08,0.0
55791,2024-02-19,0.0
55851,2024-09-18,0.0
55854,2024-06-30,0.0
55866,2021-02-07,0.0
55957,2023-12-27,0.0
56059,2021-12-31,0.0
56066,2025-06-01,250000.0
56360,2018-02-18,0.0
56540,2024-05-26,0.0
56543,2024-09-26,0.0
56618,2025-06-18,150000.0
56621,2025-03-20,0.0
56623,2020-02-16,0.0
56682,2025-06-18,150000.0
56703,2020-10-01,0.0
56778,2025-03-20,0.0
56779,2010-06-30,0.0
56780,2018-06-19,0.0
56787,2022-10-03,0.0
56793,2017-06-30,0.0
56794,2023-07-17,0.0
56795,2021-10-07,0.0
56802,2020-07-07,0.0
56808,2021-06-30,0.0
56810,2025-03-20,0.0
56817,2020-06-30,0.0
56821,2022-06-30,0.0
56854,2022-06-30,0.0
56869,2018-02-15,0.0
56872,2024-06-30,0.0
56903,2025-05-14,10000.0
57024,2014-08-09,0.0
57134,2024-09-05,0.0
57135,2023-04-19,0.0
57196,2020-06-30,0.0
57207,2024-06-20,0.0
57285,2025-06-18,300000.0
57291,2021-12-08,0.0
57295,2024-03-28,0.0
57299,2025-06-18,150000.0
57344,2023-10-18,0.0
57348,2020-05-28,0.0
57355,2021-04-14,0.0
57370,2025-06-01,250000.0
57372,2024-06-30,0.0
57373,2012-07-01,0.0
57403,2024-09-26,0.0
57404,2023-10-06,0.0
57466,2019-06-30,0.0
57482,2025-06-01,100000.0
57488,2024-07-31,0.0
57491,2009-01-01,0.0
57542,2022-01-17,0.0
57633,2025-06-18,10000.0
57644,2020-06-19,0.0
57659,2025-05-14,50000.0
57804,2020-06-28,0.0
57840,2013-06-30,0.0
57881,2008-07-24,0.0
57892,2020-06-30,0.0
57935,2025-06-23,300000.0
57941,2020-06-30,0.0
57977,2023-09-08,0.0
58013,2015-04-10,0.0
58064,2019-05-15,0.0
58088,2025-06-17,800000.0
58124,2021-06-30,0.0
58246,2019-10-24,0.0
58345,2025-03-30,0.0
58361,2016-11-30,0.0
58379,2023-07-07,0.0
58396,2024-06-30,0.0
58437,2019-06-30,0.0
58474,2025-06-30,0.0
58516,2024-12-31,0.0
58826,2024-03-06,0.0
58949,2024-04-30,0.0
58996,2025-02-02,0.0
59016,2025-06-08,6000000.0
59229,2025-06-22,100000.0
59323,2025-06-08,1000000.0
59343,2024-09-24,0.0
59375,2020-07-19,0.0
59527,2023-11-12,0.0
59558,2025-06-24,150000.0
59561,2025-06-08,1500000.0
59596,2025-05-12,150000.0
59597,2024-09-30,0.0
59606,2023-09-19,0.0
59631,2025-01-03,0.0
59699,2024-09-08,0.0
59866,2025-05-26,500000.0
60443,2023-06-30,0.0
60445,2025-05-25,500000.0
60516,2019-05-15,0.0
60525,2025-06-11,150000.0
60529,2022-10-03,0.0
60558,2023-06-30,0.0
60732,2025-06-18,100000.0
60790,2025-08-25,0.0
60982,2023-02-27,0.0
60990,2025-05-25,100000.0
61253,2025-06-30,0.0
61399,2019-01-25,0.0
61427,2016-08-29,0.0
61435,2015-06-30,0.0
61464,2025-06-23,50000.0
61539,2022-02-08,0.0
61546,2025-06-01,25000.0
61575,2021-06-30,0.0
61576,2025-05-13,125000.0
61583,2021-06-30,0.0
61617,2025-06-01,300000.0
61659,2011-09-05,0.0
61697,2025-05-29,600000.0
61751,2024-09-12,0.0
61770,2025-06-18,25000.0
61803,2022-01-20,0.0
61834,2018-02-12,0.0
61838,2024-06-30,0.0
61887,2025-05-22,200000.0
61989,2024-06-30,0.0
62365,2024-06-12,0.0
62379,2025-05-14,100000.0
62638,2022-08-28,0.0
62642,2023-10-18,0.0
62716,2025-06-18,200000.0
62718,2025-06-18,125000.0
62751,2025-05-14,50000.0
63012,2025-06-24,50000.0
63041,2025-06-24,25000.0
63254,2025-06-18,150000.0
63293,2022-05-18,0.0
63342,2025-05-28,150000.0
63494,2024-06-30,0.0
63531,2022-10-03,0.0
64134,2025-05-25,500000.0
64350,2024-09-24,0.0
64377,2022-10-03,0.0
64391,2010-08-11,0.0
64416,2009-09-07,0.0
64535,2021-06-30,0.0
64632,2022-10-03,0.0
65177,2021-10-07,0.0
65237,2025-02-27,0.0
65243,2023-09-04,0.0
65255,2024-11-16,0.0
65266,2025-06-24,50000.0
65301,2023-06-30,0.0
65318,2025-06-30,0.0
65477,2025-04-03,0.0
65554,2018-09-30,0.0
65635,2023-06-19,0.0
65921,2020-01-06,0.0
66052,2025-06-09,50000.0
66110,2024-08-21,0.0
66112,2025-04-03,0.0
66117,2024-05-09,0.0
66219,2025-05-26,75000.0
66783,2025-06-10,125000.0
66791,2020-08-05,0.0
66923,2024-03-06,0.0
66926,2022-10-03,0.0
67090,2022-06-30,0.0
67252,2024-10-13,0.0
67266,2014-06-30,0.0
67355,2021-01-25,0.0
67369,2023-03-06,0.0
67398,2018-12-28,0.0
67420,2025-05-26,450000.0
67421,2025-08-07,0.0
67541,2025-06-24,150000.0
67542,2025-06-24,150000.0
67548,2025-04-03,200000.0
67639,2025-04-03,0.0
67815,2020-08-02,0.0
68645,2025-05-22,450000.0
68821,2019-05-29,0.0
69001,2023-02-08,0.0
69426,2018-12-31,0.0
70714,2023-10-18,0.0
70767,2023-06-30,0.0
70934,2023-09-12,0.0
71034,2024-03-06,0.0
71096,2024-06-25,0.0
71211,2014-07-11,0.0
71273,2025-06-11,100000.0
71292,2025-05-26,800000.0
71394,2023-11-12,0.0
71447,2020-07-08,0.0
71801,2021-06-30,0.0
71905,2024-06-30,0.0
71918,2025-06-24,50000.0
71966,2012-09-27,0.0
72121,2025-06-01,250000.0
72194,2020-06-28,0.0
72195,2023-06-30,0.0
72252,2017-08-21,0.0
72315,2020-06-30,0.0
72385,2023-06-19,0.0
72457,2024-10-15,0.0
72476,2025-05-29,10000000.0
72484,2025-06-24,25000.0
72503,2019-06-13,0.0
72587,2023-12-31,0.0
72648,2023-01-05,0.0
73061,2012-09-09,0.0
73067,2023-10-18,0.0
73090,2025-05-28,300000.0
73254,2021-06-30,0.0
73257,2018-06-30,0.0
73314,2023-07-12,0.0
73482,2025-02-12,0.0
73484,2023-06-30,0.0
73491,2023-10-24,0.0
73493,2016-06-30,0.0
73501,2025-08-27,0.0
73782,2025-09-07,50000.0
73794,2025-06-16,3500000.0
73921,2018-03-19,0.0
73926,2025-06-16,800000.0
73932,2025-06-18,250000.0
73980,2020-01-31,0.0
74232,2025-06-09,25000.0
74245,2021-12-31,0.0
74257,2024-03-06,0.0
74297,2025-06-24,600000.0
74300,2025-05-28,800000.0
74369,2016-11-26,0.0
74561,2025-01-31,0.0
74621,2025-06-09,150000.0
74764,2025-03-20,0.0
74782,2016-07-15,0.0
74857,2025-06-08,12000000.0
74869,2025-06-02,900000.0
74943,2025-06-19,250000.0
75283,2012-12-07,0.0
75296,2025-05-28,75000.0
75314,2020-04-09,0.0
75327,2025-05-14,50000.0
75442,2025-04-03,50000.0
75446,2025-06-01,200000.0
75489,2025-05-29,10000000.0
75611,2025-08-04,0.0
75615,2025-06-02,650000.0
75816,2025-06-09,400000.0
76055,2025-03-13,0.0
76076,2020-06-30,0.0
76092,2020-07-07,0.0
76181,2019-09-04,0.0
76277,2022-01-30,0.0
76285,2024-09-26,0.0
76386,2025-02-04,0.0
76387,2022-01-02,0.0
76467,2025-06-08,900000.0
76743,2025-04-03,75000.0
76746,2025-06-09,75000.0
77026,2025-04-03,75000.0
77038,2025-06-24,25000.0
77259,2025-06-17,350000.0
77315,2021-01-10,0.0
77354,2017-01-02,0.0
77395,2020-07-07,0.0
77757,2025-05-26,1800000.0
77834,2022-10-03,0.0
77858,2014-06-30,0.0
77910,2023-02-14,0.0
77932,2024-04-03,0.0
77947,2025-06-22,150000.0
77964,2025-07-24,0.0
77974,2025-03-13,0.0
78047,2025-06-02,200000.0
78082,2025-04-03,0.0
78339,2025-06-05,250000.0
78950,2025-06-09,200000.0
79501,2024-06-30,0.0
79522,2025-05-28,125000.0
79723,2024-06-30,0.0
79960,2025-06-05,1800000.0
80009,2020-07-07,0.0
80035,2016-03-13,0.0
80158,2022-10-03,0.0
80168,2013-07-18,0.0
80191,2019-09-26,0.0
80697,2018-07-29,0.0
80840,2020-07-07,0.0
81056,2024-11-28,100000.0
81190,2024-06-30,0.0
81386,2020-11-07,0.0
81512,2025-06-16,700000.0
81663,2025-06-24,50000.0
81785,2025-05-28,250000.0
81990,2012-10-01,0.0
81998,2024-05-23,0.0
82008,2025-06-10,100000.0
82009,2025-06-04,700000.0
82215,2021-06-30,0.0
82281,2025-05-27,300000.0
82461,2022-10-03,0.0
82863,2025-06-10,125000.0
82999,2024-01-31,0.0
83002,2025-06-02,500000.0
83335,2019-06-30,0.0
83691,2025-06-30,0.0
84326,2022-10-03,0.0
84344,2022-09-08,0.0
84435,2025-06-04,1000000.0
84535,2025-06-01,1000000.0
84765,2025-01-27,0.0
84835,2021-06-30,0.0
85148,2025-05-27,3800000.0
85289,2025-05-13,650000.0
85295,2025-06-08,1400000.0
85380,2025-06-01,200000.0
85475,2024-12-31,0.0
85537,2023-06-30,0.0
85682,2010-09-24,0.0
85789,2025-06-30,0.0
85825,2025-04-03,300000.0
85935,2025-06-17,100000.0
85941,2025-05-29,8000000.0
86167,2025-05-28,150000.0
86175,2025-06-25,175000.0
86792,2025-06-09,2000000.0
86848,2025-06-18,600000.0
86915,2023-10-18,0.0
86916,2025-06-18,300000.0
87052,2025-05-28,150000.0
87162,2025-08-28,0.0
87210,2017-12-28,7500000.0
87463,2025-03-13,0.0
87650,2025-06-10,100000.0
87856,2025-06-02,600000.0
88239,2025-05-04,100000.0
88490,2023-06-30,0.0
88682,2025-06-16,800000.0
88685,2025-06-16,200000.0
88712,2022-08-31,0.0
88713,2025-06-18,200000.0
88909,2025-06-30,0.0
88983,2016-06-30,0.0
89320,2022-06-30,0.0
89368,2025-06-24,100000.0
89379,2025-06-30,0.0
89461,2022-06-30,0.0
89631,2023-03-06,0.0
89718,2025-06-09,200000.0
89726,2025-06-24,50000.0
89731,2025-05-26,100000.0
89743,2023-09-06,0.0
90118,2025-06-18,50000.0
90294,2023-03-06,0.0
90368,2023-06-26,0.0
90451,2025-06-01,700000.0
90466,2025-06-24,400000.0
91059,2025-06-02,1800000.0
91340,2025-05-26,150000.0
91956,2023-06-26,0.0
92572,2025-05-29,500000.0
92693,2025-05-12,200000.0
93142,2025-06-19,200000.0
93309,2024-09-26,0.0
93571,2025-06-05,200000.0
93658,2025-06-30,0.0
93690,2024-03-06,0.0
93742,2016-06-15,0.0
93747,2025-06-24,100000.0
93758,2022-04-07,0.0
93831,2025-06-15,250000.0
93926,2025-04-03,75000.0
94005,2025-06-16,7000000.0
94529,2025-06-16,3500000.0
94570,2023-01-27,0.0
94655,2025-06-17,75000.0
94771,2025-06-18,400000.0
94936,2023-06-05,0.0
95483,2023-06-08,0.0
95755,2023-06-30,0.0
96094,2022-06-30,0.0
96167,2025-06-18,500000.0
96539,2025-06-23,400000.0
96540,2025-06-23,300000.0
98101,2025-06-08,150000.0
98262,2025-05-25,100000.0
98349,2023-08-06,0.0
98351,2023-06-19,0.0
98827,2022-10-03,0.0
99331,2025-05-29,2000000.0
99353,2025-06-08,1800000.0
99397,2025-05-26,200000.0
99727,2020-09-09,0.0
99946,2014-06-30,0.0
100176,2025-06-18,50000.0
100507,2025-05-26,25000.0
100673,2022-10-03,0.0
100737,2016-06-30,0.0
100743,2017-06-30,0.0
100986,2025-06-02,2000000.0
101213,2025-06-01,450000.0
101500,2025-06-16,800000.0
101922,2022-02-07,0.0
102132,2025-06-15,150000.0
102226,2025-06-11,2500000.0
102423,2025-06-08,1000000.0
102558,2025-05-27,10000000.0
102744,2025-06-30,0.0
102749,2022-10-03,0.0
102777,2018-07-13,0.0
102779,2017-05-19,0.0
103054,2019-06-30,0.0
103310,2025-05-28,400000.0
103563,2023-06-30,0.0
103577,2025-04-03,50000.0
103819,2025-06-16,150000.0
104124,2025-05-29,700000.0
104234,2025-06-24,100000.0
104495,2025-08-06,0.0
104586,2022-10-04,0.0
104916,2023-10-09,0.0
105456,2025-05-28,500000.0
105892,2025-06-01,200000.0
106270,2025-06-18,1700000.0
106343,2012-08-31,0.0
107010,2025-06-17,900000.0
107873,2025-06-30,0.0
108119,2025-04-03,50000.0
108537,2023-06-30,0.0
108650,2025-05-28,600000.0
108725,2025-05-29,10000000.0
108830,2024-06-26,0.0
108878,2025-06-19,250000.0
108880,2025-05-26,4500000.0
109110,2025-06-01,275000.0
109599,2016-08-01,0.0
109715,2022-10-03,0.0
109949,2016-04-23,0.0
109965,2024-09-24,0.0
110366,2025-09-11,250000.0
110577,2023-08-15,0.0
110860,2025-06-29,125000.0
110864,2025-05-29,6000000.0
110885,2025-06-18,225000.0
111058,2025-09-11,300000.0
111073,2025-06-17,1000000.0
111114,2025-06-04,250000.0
111227,2025-04-17,0.0
111495,2013-08-29,0.0
111630,2025-08-13,0.0
111783,2025-06-04,100000.0
111811,2025-06-02,300000.0
111881,2025-05-28,550000.0
111900,2023-06-06,0.0
112343,2025-05-28,700000.0
112457,2025-06-18,150000.0
113050,2024-09-15,0.0
113359,2012-12-06,0.0
113707,2025-06-02,2500000.0
113938,2020-06-03,0.0
115382,2025-05-27,1000000.0
117432,2025-06-04,1000000.0
117469,2025-06-05,150000.0
117482,2025-06-23,75000.0
118008,2015-12-21,600000.0
118275,2024-09-26,0.0
118847,2025-06-04,3500000.0
119037,2025-06-04,1000000.0
119120,2025-06-18,350000.0
119150,2025-05-28,1300000.0
119169,2025-06-24,175000.0
119194,2020-06-30,0.0
119228,2025-06-04,1200000.0
119234,2025-06-05,800000.0
119286,2025-06-10,400000.0
119296,2025-06-04,7000000.0
119581,2025-06-18,1500000.0
119640,2019-06-30,0.0
119878,2023-03-19,0.0
119905,2025-05-22,800000.0
119988,2025-06-26,125000.0
120095,2025-06-08,900000.0
120189,2025-06-24,550000.0
120443,2025-06-05,2000000.0
120458,2025-06-18,300000.0
120629,2025-05-29,9000000.0
120705,2025-06-08,100000.0
120706,2025-04-03,0.0
120760,2020-04-20,0.0
121236,2020-07-07,0.0
121238,2025-03-20,0.0
121279,2025-06-17,100000.0
121312,2018-05-05,0.0
121408,2010-09-24,0.0
121411,2025-07-20,125000.0
121416,2017-06-30,0.0
122004,2012-02-13,0.0
122116,2025-06-01,150000.0
122676,2025-06-05,900000.0
122721,2025-06-18,200000.0
122797,2025-09-09,0.0
122834,2022-10-03,0.0
122835,2021-06-30,0.0
122840,2025-06-02,700000.0
123397,2021-12-31,0.0
123742,2025-06-09,100000.0
124172,2025-06-17,100000.0
124410,2025-06-04,2500000.0
124422,2025-06-17,600000.0
124441,2025-06-10,125000.0
124550,2025-06-23,325000.0
124769,2025-06-18,75000.0
124884,2025-06-02,3000000.0
124891,2023-11-21,0.0
125019,2025-05-12,400000.0
125103,2025-06-04,6000000.0
125172,2023-11-08,0.0
125281,2025-06-16,50000.0
125314,2025-06-17,750000.0
125350,2025-05-25,100000.0
125797,2012-03-28,0.0
125858,2025-06-17,2300000.0
126014,2025-05-27,300000.0
126015,2019-08-12,0.0
126412,2023-03-06,0.0
126422,2025-06-05,2000000.0
126557,2025-06-02,4000000.0
126681,2024-06-13,0.0
126697,2019-09-27,0.0
126705,2025-05-25,200000.0
126711,2025-04-03,100000.0
126716,2025-05-28,3000000.0
126746,2025-06-23,300000.0
126748,2025-06-09,150000.0
126767,2024-01-29,0.0
127031,2024-03-06,0.0
127053,2020-07-07,0.0
127073,2021-10-04,0.0
127075,2022-06-30,0.0
127140,2019-06-30,0.0
127144,2025-06-18,100000.0
127151,2017-06-30,0.0
127189,2025-06-02,7000000.0
127230,2025-05-14,50000.0
127457,2025-02-02,0.0
127554,2025-06-23,200000.0
127610,2025-06-24,100000.0
127769,2024-01-25,0.0
127987,2025-06-04,2500000.0
128840,2020-07-31,0.0
128897,2025-05-26,25000.0
128900,2025-05-26,800000.0
128910,2020-12-21,0.0
129049,2025-05-26,200000.0
129067,2023-10-18,0.0
129078,2025-05-26,1500000.0
129376,2023-07-04,0.0
129386,2024-08-20,0.0
129495,2020-09-27,0.0
129588,2025-06-11,2500000.0
129800,2012-09-16,0.0
130765,2025-05-26,800000.0
131109,2025-06-04,1200000.0
32467,2025-07-01,0.0
32568,2024-12-31,0.0
32615,2017-06-30,0.0
32621,2014-12-31,0.0
32625,2021-06-30,0.0
32660,2021-06-30,0.0
32711,2024-06-30,0.0
32760,2016-06-30,0.0
32766,2018-06-30,0.0
32802,2019-06-27,0.0
32845,2025-06-22,125000.0
33027,2025-05-26,250000.0
33065,2016-06-30,0.0
33118,2020-03-10,0.0
33317,2020-06-30,0.0
33333,2017-11-30,0.0
33337,2021-12-31,0.0
33458,2016-03-26,0.0
33535,2023-06-30,0.0
33605,2024-02-19,0.0
33639,2023-08-31,0.0
33640,2019-05-15,0.0
33677,2018-03-27,0.0
33710,2023-03-06,0.0
33763,2025-06-01,500000.0
33882,2013-06-30,0.0
33895,2020-06-30,0.0
33908,2009-01-04,0.0
33916,2018-08-15,0.0
33926,2018-11-30,0.0
33927,2019-06-30,0.0
33947,2025-04-07,0.0
33952,2024-03-28,0.0
34060,2022-11-22,0.0
34076,2020-07-05,0.0
34160,2019-06-30,0.0
34175,2014-04-30,0.0
34194,2012-02-19,0.0
34239,2024-09-24,0.0
34370,2023-12-27,0.0
34412,2023-03-06,0.0
34443,2015-06-30,0.0
34494,2013-06-30,0.0
34515,2019-06-30,0.0
34534,2016-06-30,0.0
34562,2014-06-30,0.0
34566,2022-06-30,0.0
34601,2024-06-30,0.0
34629,2023-10-18,0.0
34691,2022-04-21,0.0
34783,2019-10-17,0.0
34823,2015-06-30,0.0
34838,2018-12-19,0.0
34870,2023-08-02,0.0
34888,2015-12-17,0.0
35009,2020-01-05,0.0
35216,2015-07-20,0.0
35383,2021-08-09,0.0
35511,2024-12-31,0.0
35512,2017-09-22,0.0
35517,2013-02-09,0.0
35520,2018-09-30,0.0
35536,2017-07-31,0.0
35559,2009-07-10,0.0
35560,2023-06-30,0.0
35561,2023-06-30,0.0
35564,2023-02-15,0.0
35566,2011-09-02,0.0
35572,2018-09-30,0.0
35664,2023-03-21,0.0
35704,2018-04-04,0.0
35707,2015-06-30,0.0
35728,2018-02-15,0.0
35786,2012-12-06,0.0
35849,2023-06-30,0.0
35853,2025-03-13,0.0
35855,2024-09-24,0.0
35871,2022-12-31,0.0
36039,2018-06-30,0.0
36284,2024-06-30,0.0
36358,2012-04-02,0.0
36371,2024-06-30,0.0
36529,2025-06-17,50000.0
36562,2010-06-30,0.0
36608,2023-06-30,0.0
36813,2015-08-04,0.0
36827,2021-06-30,0.0
36859,2023-09-28,0.0
36865,2013-06-30,0.0
36885,2016-06-30,0.0
36906,2009-03-06,0.0
37011,2021-07-29,0.0
37127,2018-06-30,0.0
37155,2013-08-26,0.0
37340,2019-06-13,0.0
37341,2011-02-27,0.0
37356,2019-06-30,0.0
37403,2022-08-11,0.0
37410,2025-05-14,25000.0
37413,2020-02-13,0.0
37431,2024-09-15,0.0
37432,2015-06-30,0.0
37442,2022-03-06,0.0
37526,2022-06-30,0.0
37536,2023-06-11,0.0
37633,2023-11-11,0.0
37677,2017-10-18,0.0
37731,2020-03-08,0.0
37788,2023-06-30,0.0
37852,2016-06-30,0.0
37889,2019-10-23,0.0
37892,2017-06-30,0.0
37896,2015-06-30,0.0
37920,2025-06-05,350000.0
37976,2019-06-30,0.0
38000,2021-06-30,0.0
38072,2021-04-08,0.0
38168,2024-09-20,0.0
38240,2009-09-07,0.0
38266,2019-06-30,0.0
38380,2018-01-07,0.0
38434,2020-10-21,0.0
38497,2024-06-30,0.0
38589,2023-08-30,0.0
38603,2016-06-29,0.0
38647,2020-11-26,0.0
38668,2015-06-30,0.0
38670,2014-08-09,0.0
38746,2025-06-05,150000.0
38978,2025-04-23,75000.0
39083,2023-12-26,0.0
39087,2019-02-09,0.0
39091,2013-09-12,0.0
39094,2021-06-30,0.0
39102,2021-09-26,0.0
39153,2022-12-31,0.0
39174,2024-06-30,0.0
39194,2017-06-30,0.0
39333,2025-06-17,125000.0
39372,2025-06-30,0.0
39378,2024-09-26,0.0
39487,2012-01-02,0.0
39518,2020-07-07,0.0
39642,2022-12-31,0.0
39675,2022-01-31,0.0
39676,2020-02-28,0.0
39717,2023-03-06,0.0
39743,2020-08-01,0.0
39788,2021-06-30,0.0
39809,2012-05-15,0.0
39883,2018-08-01,0.0
39911,2023-01-17,0.0
39913,2023-06-30,0.0
39921,2020-06-27,0.0
39923,2017-05-15,0.0
39981,2016-05-02,0.0
39984,2024-09-15,0.0
39985,2020-06-18,0.0
40043,2018-06-30,0.0
40116,2021-06-30,0.0
40372,2021-06-30,0.0
40387,2019-01-25,0.0
40428,2020-05-10,0.0
40440,2019-05-08,0.0
40447,2018-04-27,0.0
40614,2021-10-07,0.0
40673,2014-02-12,0.0
40822,2023-12-18,0.0
40875,2022-06-30,0.0
40975,2014-06-30,0.0
41080,2021-01-23,0.0
41131,2025-06-16,100000.0
41281,2020-11-08,0.0
41323,2024-06-30,0.0
41414,2023-03-16,0.0
41767,2024-06-30,0.0
41818,2025-03-13,0.0
41866,2020-05-17,0.0
41936,2011-03-08,0.0
41989,2023-03-06,0.0
42029,2022-06-22,0.0
42033,2023-06-30,0.0
42234,2023-04-05,0.0
42249,2024-03-21,0.0
42298,2018-06-30,0.0
42352,2021-09-26,0.0
42365,2015-02-19,0.0
42678,2021-06-30,0.0
42710,2025-06-30,0.0
42714,2023-10-06,0.0
42739,2020-09-01,0.0
42751,2019-06-30,0.0
42783,2024-02-22,0.0
42796,2025-06-01,50000.0
42942,2024-06-30,0.0
42952,2020-06-30,0.0
42974,2019-12-31,0.0
43085,2025-06-30,0.0
43100,2019-02-24,0.0
43112,2021-12-09,0.0
43250,2025-06-30,0.0
43258,2016-04-05,0.0
43261,2025-04-03,50000.0
43659,2009-07-15,0.0
43722,2025-06-29,300000.0
43847,2017-11-09,0.0
43858,2025-06-30,0.0
43937,2014-06-30,0.0
44016,2017-05-26,0.0
44030,2010-07-01,0.0
44037,2012-10-01,0.0
44058,2025-06-08,1000000.0
44059,2024-06-30,0.0
44063,2022-12-31,0.0
44136,2023-06-30,0.0
44162,2025-06-03,2000000.0
44272,2019-06-10,0.0
44277,2024-02-19,0.0
44373,2018-08-28,0.0
44393,2015-08-29,0.0
44434,2012-06-30,0.0
44501,2025-02-05,0.0
44605,2015-07-01,0.0
44607,2025-06-30,0.0
44624,2025-06-30,0.0
44665,2023-07-12,0.0
44666,2025-06-09,50000.0
44674,2023-03-06,0.0
44686,2022-06-30,0.0
44688,2021-06-30,0.0
44699,2025-06-30,0.0
44735,2022-06-30,0.0
44758,2014-06-30,0.0
44797,2016-10-10,0.0
44799,2025-05-19,75000.0
44860,2019-06-30,0.0
44900,2014-11-24,0.0
44964,2013-07-16,0.0
44966,2019-06-06,0.0
45041,2023-02-07,0.0
45121,2023-10-07,0.0
45156,2014-07-01,0.0
45184,2025-05-28,1200000.0
45274,2014-06-30,0.0
45319,2025-06-05,200000.0
45330,2024-09-23,0.0
45389,2025-06-18,300000.0
45403,2025-06-02,600000.0
45464,2025-06-10,75000.0
45513,2022-10-04,0.0
45567,2025-06-24,100000.0
45568,2022-06-30,0.0
45577,2025-06-29,10000.0
45593,2023-01-13,0.0
45599,2023-12-31,0.0
45624,2022-01-04,0.0
45668,2022-06-30,0.0
45672,2025-06-04,2500000.0
45684,2014-06-30,0.0
45695,2012-12-31,0.0
45707,2025-06-30,0.0
45710,2022-10-03,0.0
45758,2019-06-30,0.0
45912,2021-06-30,0.0
45921,2024-06-30,0.0
46001,2025-05-26,500000.0
46007,2024-09-24,0.0
46060,2025-05-14,50000.0
46062,2025-08-18,0.0
46105,2023-12-27,0.0
46110,2024-10-08,0.0
46154,2025-06-17,75000.0
46156,2022-06-30,0.0
46179,2025-06-10,100000.0
46220,2023-07-13,0.0
46405,2025-06-08,100000.0
46741,2025-06-05,300000.0
47344,2020-04-05,0.0
47689,2020-06-30,0.0
48085,2015-06-30,0.0
48086,2019-09-26,0.0
48254,2022-01-09,0.0
48595,2020-06-21,0.0
48724,2018-03-04,0.0
48898,2025-05-22,75000.0
48914,2012-05-20,0.0
48949,2021-10-04,0.0
48971,2017-12-28,0.0
48974,2025-06-30,0.0
49275,2025-06-17,200000.0
49347,2025-07-09,0.0
49500,2025-06-18,150000.0
49542,2025-06-29,50000.0
49656,2020-07-07,0.0
49693,2025-05-26,600000.0
49795,2021-06-30,0.0
50145,2016-11-19,0.0
50153,2014-01-29,0.0
50219,2025-06-11,1200000.0
50477,2024-06-18,0.0
50487,2025-06-18,25000.0
50521,2017-03-07,0.0
50987,2017-12-31,0.0
51035,2025-06-01,200000.0
51058,2023-03-06,0.0
51321,2024-06-30,0.0
51325,2024-06-06,0.0
51346,2024-11-11,0.0
51399,2010-08-11,0.0
51412,2014-07-07,0.0
51420,2018-06-30,0.0
51452,2025-06-30,0.0
51473,2009-09-07,0.0
51476,2020-03-08,0.0
51510,2025-06-23,100000.0
51512,2014-04-16,0.0
51526,2013-06-30,0.0
51535,2017-07-17,0.0
51542,2019-03-09,0.0
51554,2009-09-07,0.0
51667,2025-06-23,200000.0
51682,2023-06-30,0.0
51777,2019-06-30,0.0
51791,2016-06-30,0.0
51972,2023-06-30,0.0
52059,2025-09-11,400000.0
52136,2024-08-02,0.0
52266,2024-03-06,0.0
52830,2025-06-30,0.0
52897,2022-05-01,0.0
52903,2024-03-18,0.0
53060,2017-12-31,0.0
53116,2025-06-18,150000.0
53309,2024-06-30,0.0
53350,2025-06-01,50000.0
53437,2023-06-30,0.0
53622,2025-05-29,5000000.0
53719,2023-06-16,0.0
54155,2025-06-26,150000.0
54235,2025-06-30,0.0
54573,2019-06-07,0.0
54775,2025-08-29,350000.0
54920,2019-06-21,0.0
54921,2022-10-04,0.0
54933,2025-03-13,0.0
54996,2025-04-03,200000.0
55092,2025-06-30,0.0
55099,2025-06-04,500000.0
55190,2017-12-31,0.0
55254,2015-08-31,0.0
55381,2023-06-30,0.0
55385,2019-08-02,0.0
55409,2023-02-14,0.0
55453,2022-10-03,0.0
55466,2011-04-24,0.0
55508,2025-06-04,500000.0
55597,2024-06-30,0.0
55687,2024-06-30,0.0
55751,2025-04-03,50000.0
55769,2025-06-30,0.0
55800,2017-07-31,0.0
55911,2024-03-18,0.0
55962,2014-12-31,0.0
55977,2025-05-25,100000.0
55993,2021-10-19,0.0
55997,2020-06-30,0.0
56036,2024-06-30,0.0
56112,2021-06-30,0.0
56113,2018-06-30,0.0
56130,2014-04-22,0.0
56200,2013-04-30,0.0
56216,2025-06-23,50000.0
56294,2020-03-18,0.0
56542,2025-06-24,25000.0
56742,2023-06-27,0.0
56761,2022-06-30,0.0
56767,2025-07-24,0.0
56789,2020-06-28,0.0
56813,2012-06-30,0.0
56815,2022-10-03,0.0
56831,2025-05-22,100000.0
56889,2020-01-16,0.0
56986,2024-12-19,10000.0
57066,2023-06-30,0.0
57070,2025-05-26,100000.0
57071,2025-06-04,2000000.0
57091,2024-11-21,0.0
57101,2023-06-30,0.0
57110,2024-03-18,0.0
57149,2011-05-11,0.0
57341,2019-05-10,0.0
57349,2020-04-05,0.0
57375,2018-06-30,0.0
57402,2024-12-31,0.0
57410,2020-04-20,0.0
57420,2024-09-24,0.0
57467,2025-06-01,150000.0
57500,2025-06-08,1500000.0
57510,2019-06-30,0.0
57512,2016-03-25,0.0
57515,2025-05-01,125000.0
57519,2014-11-07,0.0
57522,2025-06-23,250000.0
57532,2016-03-25,0.0
57554,2020-06-30,0.0
57643,2020-10-20,0.0
57675,2014-04-16,0.0
57800,2018-06-30,0.0
57805,2018-09-30,0.0
57816,2025-06-24,25000.0
57824,2008-07-01,0.0
57845,2023-06-30,0.0
57895,2024-12-31,0.0
57907,2008-07-24,0.0
57991,2011-03-11,0.0
57995,2024-03-05,0.0
58009,2024-06-29,0.0
58053,2017-06-30,0.0
58076,2021-06-30,0.0
58112,2024-05-18,0.0
58295,2022-12-31,0.0
58319,2022-10-03,0.0
58330,2024-06-30,0.0
58358,2025-06-04,6000000.0
58364,2018-08-20,0.0
58405,2023-01-30,0.0
58497,2021-06-30,0.0
58499,2020-07-07,0.0
58579,2023-08-10,0.0
58647,2024-06-27,0.0
58799,2024-09-24,0.0
58806,2024-07-15,0.0
58970,2025-06-30,0.0
58995,2025-06-04,1000000.0
59238,2025-06-09,100000.0
59248,2025-08-06,0.0
59363,2018-06-09,0.0
59377,2025-06-16,5000000.0
59412,2023-07-17,0.0
59491,2024-02-22,0.0
59506,2020-04-20,0.0
59551,2024-01-03,0.0
59783,2024-04-10,0.0
59950,2024-04-23,0.0
60028,2025-02-27,0.0
60368,2023-06-30,0.0
60532,2024-09-26,0.0
60539,2025-04-03,50000.0
60542,2024-10-14,0.0
60543,2025-06-02,300000.0
60561,2025-06-02,1200000.0
60573,2025-06-01,300000.0
60577,2025-06-24,125000.0
60591,2023-03-06,0.0
60599,2025-06-02,100000.0
60603,2025-06-08,300000.0
60883,2018-12-31,0.0
60884,2009-01-17,0.0
60889,2025-06-29,100000.0
60904,2024-09-26,0.0
60957,2025-06-18,300000.0
61005,2025-06-09,50000.0
61012,2020-10-04,0.0
61087,2023-06-30,0.0
61344,2023-06-28,0.0
61358,2022-10-03,0.0
61380,2023-10-23,0.0
61478,2024-06-30,0.0
61541,2024-07-12,0.0
61568,2016-02-12,0.0
61573,2025-06-17,75000.0
61605,2025-06-18,100000.0
61632,2024-09-26,0.0
61644,2025-05-26,150000.0
61657,2015-12-02,0.0
61667,2024-01-29,0.0
61743,2025-07-29,0.0
61812,2025-06-08,1400000.0
61892,2024-12-31,0.0
62094,2025-06-16,1500000.0
62097,2021-02-27,0.0
62144,2025-03-20,0.0
62240,2021-12-31,0.0
62270,2025-06-18,75000.0
62351,2025-06-02,300000.0
62358,2025-05-14,50000.0
62710,2025-05-14,25000.0
62920,2024-06-30,0.0
62934,2025-04-03,50000.0
62945,2025-06-23,100000.0
63022,2024-03-26,0.0
63209,2021-06-30,0.0
63265,2021-09-06,0.0
63290,2022-06-30,0.0
63422,2025-06-17,500000.0
63706,2022-06-30,0.0
63724,2023-06-30,0.0
63821,2025-05-27,250000.0
63824,2025-06-16,0.0
63833,2025-07-17,75000.0
64229,2023-06-30,0.0
64339,2025-05-28,400000.0
64381,2023-03-06,0.0
64545,2025-06-09,25000.0
64843,2023-11-12,0.0
65060,2021-10-07,0.0
65230,2025-06-04,1500000.0
65233,2025-05-01,125000.0
65282,2019-06-13,0.0
65331,2025-06-24,50000.0
65691,2024-09-24,0.0
65692,2020-06-30,0.0
65927,2024-09-26,0.0
66100,2025-06-08,1200000.0
66109,2025-03-13,0.0
66398,2020-01-31,0.0
66986,2024-03-06,0.0
67080,2023-07-14,0.0
67084,2023-11-12,0.0
67089,2023-10-04,0.0
67211,2023-09-13,0.0
67346,2015-04-22,0.0
67350,2014-01-19,0.0
67538,2025-06-24,25000.0
67544,2025-01-16,0.0
67546,2025-06-23,600000.0
67556,2025-06-16,1500000.0
67721,2022-10-06,0.0
67808,2024-06-30,0.0
67864,2024-10-15,100000.0
67869,2025-06-30,0.0
67907,2008-07-17,0.0
67927,2020-07-07,0.0
68078,2020-06-27,0.0
68183,2019-08-29,0.0
68283,2022-09-06,0.0
68307,2016-06-29,0.0
68574,2023-01-31,0.0
68815,2021-03-11,0.0
68868,2024-07-29,0.0
69006,2023-06-26,0.0
69212,2025-05-14,25000.0
69392,2025-06-18,350000.0
69609,2025-05-27,10000.0
69633,2025-05-29,4000000.0
69646,2025-06-17,500000.0
69660,2024-02-29,0.0
69751,2025-06-04,1500000.0
70203,2025-04-03,0.0
70243,2025-06-18,0.0
70333,2014-08-03,0.0
70348,2025-06-01,50000.0
70789,2017-06-30,0.0
70946,2022-06-30,0.0
71107,2023-05-03,0.0
71271,2025-06-08,500000.0
71548,2025-06-23,200000.0
71559,2024-06-30,0.0
71570,2025-06-24,50000.0
71579,2022-06-30,0.0
71671,2020-08-09,0.0
71994,2021-06-30,0.0
72094,2025-07-13,0.0
72178,2014-04-16,0.0
72217,2018-10-01,0.0
72237,2024-12-31,0.0
72264,2025-06-17,75000.0
72318,2021-06-30,0.0
72422,2025-06-01,200000.0
72462,2025-05-28,100000.0
72471,2025-06-18,100000.0
72479,2025-04-03,200000.0
72578,2025-06-09,50000.0
72643,2025-06-24,50000.0
72779,2021-06-30,0.0
72792,2025-06-18,350000.0
73013,2025-06-30,0.0
73048,2025-01-10,0.0
73073,2022-10-03,0.0
73076,2023-03-06,0.0
73083,2024-03-18,0.0
73166,2023-03-06,0.0
73186,2022-10-03,0.0
73267,2020-06-30,0.0
73319,2022-06-30,0.0
73323,2025-06-17,250000.0
73396,2025-06-19,400000.0
73457,2025-05-27,700000.0
73472,2025-06-29,75000.0
73480,2023-06-09,0.0
73517,2025-06-08,900000.0
73522,2025-06-17,200000.0
73564,2025-05-29,1500000.0
73734,2025-05-15,700000.0
73858,2021-06-30,0.0
73929,2025-06-18,250000.0
73934,2022-10-03,0.0
73943,2025-06-08,150000.0
74228,2025-05-27,500000.0
74230,2025-05-29,5000000.0
74294,2025-06-08,3000000.0
74314,2024-03-28,0.0
74465,2020-07-31,0.0
74553,2015-07-01,0.0
74557,2024-09-24,0.0
74641,2025-06-17,50000.0
74709,2021-06-30,0.0
75035,2025-06-01,200000.0
75067,2025-06-01,400000.0
75238,2020-02-21,0.0
75380,2020-07-07,0.0
75411,2025-06-16,200000.0
75666,2024-07-30,0.0
75680,2018-12-31,0.0
75852,2025-06-15,50000.0
75942,2025-06-05,200000.0
76061,2023-03-22,0.0
76143,2024-06-07,0.0
76158,2025-06-04,800000.0
76163,2025-06-01,750000.0
76266,2011-09-13,0.0
76273,2024-10-15,0.0
76293,2024-09-23,0.0
76406,2016-12-17,0.0
76560,2025-05-26,100000.0
76608,2025-06-09,250000.0
76699,2015-12-31,0.0
76924,2025-06-19,200000.0
77003,2024-06-30,0.0
77108,2024-09-26,0.0
77563,2025-06-05,700000.0
77708,2022-06-30,0.0
77737,2025-04-03,200000.0
77745,2022-06-30,0.0
77809,2025-06-22,125000.0
77828,2024-06-13,0.0
77832,2025-07-27,0.0
77840,2012-12-21,0.0
77920,2024-02-25,0.0
77970,2023-05-11,0.0
78496,2023-03-06,0.0
78506,2025-04-03,0.0
78590,2024-08-07,0.0
78917,2024-09-26,0.0
78966,2025-04-03,100000.0
79130,2012-11-13,0.0
79242,2025-06-05,700000.0
79355,2025-01-31,0.0
79422,2025-06-01,1000000.0
79510,2025-06-18,25000.0
79967,2025-06-30,0.0
80197,2025-05-25,750000.0
80293,2025-06-02,1200000.0
80351,2025-05-26,200000.0
80444,2025-09-04,4000000.0
80894,2025-06-16,2500000.0
81192,2020-07-07,0.0
81532,2025-06-11,150000.0
81789,2025-06-04,200000.0
82018,2025-09-07,0.0
82070,2025-06-18,600000.0
82113,2025-05-04,400000.0
82130,2025-04-03,0.0
82144,2016-12-31,0.0
82389,2025-07-26,0.0
82442,2025-06-04,1500000.0
82503,2025-06-08,300000.0
82691,2016-03-28,0.0
82693,2021-06-30,0.0
82743,2023-08-27,0.0
82878,2022-07-12,0.0
83132,2024-09-26,0.0
83256,2025-06-19,100000.0
83415,2022-06-29,0.0
83430,2025-06-29,50000.0
83877,2024-03-28,0.0
83910,2016-06-30,0.0
84301,2025-06-02,5000000.0
84460,2023-06-30,0.0
84545,2021-06-30,0.0
84575,2014-06-30,0.0
84741,2025-05-14,0.0
84742,2024-01-29,0.0
84845,2023-08-16,0.0
84870,2025-03-20,0.0
84903,2024-06-30,0.0
84938,2025-06-04,800000.0
84993,2025-06-18,900000.0
85000,2025-06-24,250000.0
85006,2022-10-03,0.0
85015,2018-07-24,0.0
85066,2020-07-31,0.0
85093,2025-06-12,500000.0
85201,2025-05-07,125000.0
85258,2024-06-30,0.0
85309,2020-05-10,0.0
85324,2025-06-23,600000.0
85357,2025-05-13,350000.0
85370,2025-06-16,1500000.0
85372,2025-06-29,350000.0
85383,2025-06-23,800000.0
85484,2025-06-18,100000.0
85585,2024-03-05,0.0
85605,2022-04-18,0.0
85660,2025-06-10,125000.0
85767,2024-03-06,0.0
85791,2025-06-04,1200000.0
85857,2014-06-30,0.0
85902,2018-06-30,0.0
85961,2025-06-23,75000.0
86074,2020-08-30,0.0
86083,2025-06-16,250000.0
86793,2025-06-18,150000.0
86930,2025-06-01,100000.0
87282,2020-08-02,0.0
87479,2024-03-04,0.0
87672,2023-10-11,0.0
87840,2025-05-21,75000.0
88103,2025-05-25,2500000.0
88242,2025-05-14,50000.0
88397,2025-06-30,0.0
88542,2025-06-01,500000.0
88590,2024-06-24,0.0
88593,2013-06-23,0.0
88647,2025-09-03,0.0
88699,2025-05-14,50000.0
89086,2025-05-28,600000.0
89297,2025-06-01,900000.0
89313,2022-06-30,0.0
89375,2014-04-16,0.0
89473,2022-10-03,0.0
89508,2025-06-24,25000.0
89591,2025-06-18,550000.0
89643,2020-07-07,0.0
89708,2025-06-24,50000.0
90024,2024-11-20,0.0
90489,2024-12-31,0.0
90518,2022-10-03,0.0
90681,2025-05-29,200000.0
90964,2025-05-26,75000.0
91330,2023-02-03,0.0
91716,2025-06-18,175000.0
91841,2025-01-09,0.0
91885,2025-06-09,150000.0
92141,2025-05-20,50000.0
92381,2024-03-05,0.0
92569,2023-03-06,0.0
92571,2025-05-29,500000.0
92738,2025-06-04,600000.0
93056,2019-03-06,0.0
93145,2025-05-15,0.0
93559,2025-06-30,0.0
93704,2025-05-26,300000.0
93844,2025-06-04,1500000.0
93922,2024-01-23,0.0
93935,2025-06-23,200000.0
94137,2025-04-23,200000.0
94167,2023-11-12,0.0
94174,2024-09-24,0.0
94201,2025-06-18,700000.0
94304,2025-05-01,600000.0
94305,2025-04-03,100000.0
94308,2025-06-08,800000.0
94603,2025-05-26,200000.0
95435,2025-04-03,100000.0
95795,2025-05-26,300000.0
95810,2025-05-29,4000000.0
95963,2025-06-30,0.0
96630,2025-04-03,125000.0
98249,2025-05-28,150000.0
98274,2025-06-30,0.0
98314,2016-06-30,0.0
98322,2025-05-15,300000.0
98356,2016-08-01,0.0
98428,2025-05-27,250000.0
98849,2018-02-23,0.0
99189,2023-06-30,0.0
99227,2025-07-24,0.0
99345,2025-06-26,100000.0
99451,2025-06-04,300000.0
99523,2025-06-01,100000.0
100122,2023-10-06,0.0
100127,2025-06-22,25000.0
101469,2025-06-05,200000.0
101913,2023-08-22,0.0
102146,2025-06-23,600000.0
102249,2025-04-03,250000.0
102264,2021-01-01,0.0
102329,2017-06-29,0.0
102399,2014-04-04,0.0
102470,2025-05-14,125000.0
102990,2019-06-19,0.0
103677,2022-10-03,0.0
104223,2025-05-27,1500000.0
104414,2025-01-30,0.0
104725,2019-10-17,0.0
104752,2024-10-15,0.0
105400,2023-06-30,0.0
106126,2025-05-14,75000.0
106225,2022-10-03,0.0
106872,2025-06-04,3500000.0
106987,2025-06-04,8000000.0
107219,2025-06-18,1500000.0
107395,2023-06-30,0.0
107427,2020-06-30,0.0
107662,2025-06-25,275000.0
107958,2025-06-01,150000.0
108354,2025-05-29,2500000.0
108390,2025-06-08,20000000.0
110475,2025-06-18,200000.0
110622,2025-04-03,250000.0
110754,2023-03-06,0.0
110826,2018-02-15,0.0
110868,2025-06-02,100000.0
110925,2025-06-01,350000.0
110932,2024-03-18,0.0
111057,2023-10-18,0.0
111195,2025-05-29,4000000.0
111196,2025-06-16,5000000.0
111266,2025-06-30,0.0
111275,2025-05-22,1000000.0
111277,2025-05-15,250000.0
111426,2025-06-16,650000.0
111455,2025-06-04,12000000.0
111500,2012-05-28,0.0
111504,2023-03-06,0.0
111511,2022-06-30,0.0
111621,2025-06-23,1200000.0
111627,2025-06-24,450000.0
112049,2025-05-14,75000.0
112052,2025-05-27,650000.0
112589,2024-12-09,25000.0
112930,2025-06-11,2000000.0
112962,2024-04-21,0.0
113034,2023-10-18,0.0
113035,2009-10-06,0.0
113358,2025-05-27,1000000.0
114093,2025-06-19,175000.0
114282,2024-10-15,0.0
115333,2025-06-08,600000.0
115676,2017-06-29,0.0
115979,2025-06-04,400000.0
117478,2025-06-04,1200000.0
118278,2025-06-01,300000.0
118284,2025-06-02,2000000.0
118287,2025-06-17,800000.0
118303,2025-04-03,300000.0
118397,2025-06-05,700000.0
118492,2025-06-25,500000.0
118520,2023-03-06,0.0
118564,2025-06-29,50000.0
118689,2025-06-16,3500000.0
119044,2025-06-18,400000.0
119085,2025-06-09,300000.0
119104,2024-06-30,0.0
119355,2024-06-30,0.0
119366,2018-07-18,0.0
120186,2025-05-26,1400000.0
120241,2024-06-30,0.0
120565,2025-06-24,600000.0
120582,2025-04-03,50000.0
120651,2024-01-29,0.0
120834,2025-06-10,175000.0
121047,2023-06-30,0.0
121260,2025-06-29,100000.0
121265,2025-06-17,100000.0
121280,2025-06-24,350000.0
121340,2012-07-05,0.0
121385,2025-06-17,600000.0
121388,2021-11-18,0.0
121391,2025-04-03,0.0
121398,2025-02-04,0.0
121401,2025-04-03,50000.0
121404,2025-01-26,0.0
121477,2025-05-29,1500000.0
122043,2025-05-25,1000000.0
122155,2025-06-05,1800000.0
122536,2020-12-27,0.0
122675,2025-06-19,500000.0
122836,2011-09-13,0.0
123160,2022-10-03,0.0
123275,2025-05-29,1500000.0
123300,2020-06-27,0.0
123957,2019-05-18,0.0
124002,2025-06-18,75000.0
124028,2025-06-02,1200000.0
124384,2025-06-22,50000.0
124419,2025-05-29,5000000.0
124495,2025-05-28,175000.0
124502,2025-06-04,7000000.0
124715,2025-06-02,300000.0
124785,2020-06-30,0.0
124902,2025-06-24,150000.0
124909,2023-10-04,0.0
124983,2025-06-11,150000.0
125409,2025-05-26,300000.0
125685,2025-06-17,300000.0
125931,2024-03-05,0.0
126252,2019-06-30,0.0
126258,2025-06-17,550000.0
126321,2025-06-29,100000.0
126509,2025-06-23,250000.0
126540,2025-06-02,1500000.0
126550,2016-05-21,0.0
126600,2025-05-26,600000.0
126634,2025-06-16,100000.0
126656,2025-04-03,200000.0
126664,2025-05-29,10000000.0
126673,2025-04-03,800000.0
126675,2022-10-03,0.0
126699,2025-06-01,200000.0
126737,2025-06-08,2000000.0
126751,2025-06-08,3000000.0
126796,2025-06-24,150000.0
127044,2023-10-18,0.0
127108,2025-06-08,2500000.0
127142,2025-06-02,600000.0
127156,2025-06-02,2500000.0
127188,2025-06-02,900000.0
127213,2020-07-07,0.0
127215,2019-10-27,0.0
127828,2025-06-09,75000.0
128070,2024-03-06,0.0
128219,2024-03-05,0.0
128375,2025-06-02,200000.0
128899,2025-06-16,1500000.0
128904,2025-05-26,800000.0
128905,2025-05-26,150000.0
128907,2024-09-29,0.0
129054,2024-09-26,0.0
129074,2024-03-06,0.0
129085,2025-06-30,0.0
129358,2025-06-18,400000.0
129444,2025-06-08,1000000.0
129473,2025-04-03,2000000.0
129505,2025-03-11,125000.0
129552,2018-02-08,0.0
129604,2025-05-26,1200000.0
129653,2024-03-06,0.0
129753,2024-08-21,0.0
130108,2025-06-09,200000.0
130110,2022-10-03,0.0
130353,2025-05-22,600000.0
130369,2025-06-01,150000.0
130378,2025-05-14,50000.0
130410,2023-03-06,0.0
130484,2025-05-14,50000.0
131090,2025-05-25,800000.0
131248,2025-06-11,400000.0
52314,2025-06-03,25000.0
52337,2021-09-07,0.0
52343,2018-06-30,0.0
52354,2025-08-26,0.0
52403,2025-04-03,200000.0
52406,2019-05-01,0.0
52495,2024-08-27,0.0
52570,2025-05-29,1000000.0
52585,2024-04-25,0.0
52595,2025-06-30,0.0
52692,2020-11-30,0.0
52918,2014-06-30,0.0
53058,2025-06-05,300000.0
53077,2025-05-15,75000.0
53173,2019-03-08,0.0
53256,2021-12-31,0.0
53262,2021-09-19,0.0
53332,2022-11-17,0.0
53455,2025-04-03,50000.0
53521,2025-06-10,225000.0
53534,2019-06-30,0.0
53602,2025-04-03,50000.0
54056,2011-05-25,0.0
54135,2013-09-06,0.0
54162,2024-04-07,0.0
54183,2022-04-07,0.0
54245,2021-06-30,0.0
54534,2025-06-01,700000.0
54781,2025-05-29,1000000.0
54794,2023-10-18,0.0
54845,2025-05-21,25000.0
54881,2009-08-11,0.0
54890,2021-06-30,0.0
54896,2015-12-31,0.0
55089,2025-06-04,3000000.0
55114,2022-06-30,0.0
55156,2024-03-06,0.0
55215,2024-12-18,0.0
55237,2020-12-31,0.0
55247,2023-09-14,0.0
55255,2019-05-31,0.0
55291,2025-06-16,100000.0
55472,2017-12-31,0.0
55510,2025-06-30,0.0
55512,2025-06-18,25000.0
55519,2024-03-05,0.0
55735,2025-06-16,4000000.0
55742,2024-09-20,0.0
55870,2023-06-17,0.0
55892,2022-12-21,0.0
55895,2025-05-21,10000.0
55932,2021-03-15,0.0
56067,2024-12-31,0.0
56100,2025-06-16,150000.0
56331,2024-12-31,0.0
56378,2009-01-17,0.0
56435,2020-07-07,0.0
56513,2025-06-18,100000.0
56541,2024-03-18,0.0
56631,2024-06-30,0.0
56683,2025-06-18,75000.0
56693,2024-06-30,0.0
56723,2020-06-30,0.0
56762,2024-10-23,0.0
56777,2022-01-28,0.0
56809,2025-06-01,250000.0
56823,2019-06-30,0.0
56830,2025-06-30,0.0
56853,2025-06-18,150000.0
56875,2016-03-31,0.0
56912,2023-11-04,0.0
56917,2020-06-24,0.0
57051,2023-09-26,0.0
57053,2025-06-29,50000.0
57064,2016-12-31,0.0
57079,2025-04-03,100000.0
57099,2023-08-09,0.0
57159,2018-12-02,0.0
57162,2025-04-03,200000.0
57179,2012-12-07,0.0
57186,2021-06-10,0.0
57216,2025-06-01,200000.0
57229,2024-09-07,0.0
57342,2019-06-30,0.0
57354,2025-05-14,75000.0
57359,2020-07-07,0.0
57367,2019-06-30,0.0
57386,2022-10-03,0.0
57389,2020-07-31,0.0
57534,2024-12-03,0.0
57598,2025-06-10,250000.0
57651,2016-06-24,0.0
57723,2025-06-30,0.0
57786,2014-12-15,0.0
57793,2014-06-30,0.0
57795,2020-06-30,0.0
57839,2023-03-06,0.0
57841,2012-09-09,0.0
57851,2022-12-02,0.0
57852,2012-03-28,0.0
57899,2009-09-07,0.0
57943,2022-09-08,0.0
57950,2025-04-03,0.0
57958,2022-10-03,0.0
57965,2013-06-30,0.0
57973,2021-07-27,0.0
58001,2025-06-18,50000.0
58017,2008-11-24,0.0
58070,2016-06-30,0.0
58097,2024-09-26,0.0
58334,2009-09-07,0.0
58341,2019-10-21,0.0
58455,2020-07-31,0.0
58500,2025-06-04,150000.0
58532,2024-03-06,0.0
58774,2020-06-29,0.0
58778,2024-09-24,0.0
58789,2018-09-30,0.0
58818,2022-10-03,0.0
58874,2020-09-13,0.0
58884,2025-05-26,2000000.0
58904,2023-05-31,0.0
58993,2025-06-16,50000.0
59027,2025-06-04,1500000.0
59054,2025-06-05,150000.0
59335,2025-06-24,150000.0
59340,2025-01-04,0.0
59510,2022-06-29,0.0
59568,2024-06-29,0.0
59938,2019-06-27,0.0
59957,2023-03-06,0.0
60128,2021-08-10,0.0
60394,2025-06-18,350000.0
60410,2025-06-01,2000000.0
60521,2019-03-01,0.0
60530,2018-06-18,0.0
60551,2025-05-01,125000.0
60588,2018-09-05,0.0
60596,2022-10-03,0.0
60602,2023-06-30,0.0
60604,2023-03-06,0.0
60607,2022-10-03,0.0
61036,2018-06-30,0.0
61375,2017-06-30,0.0
61449,2021-06-30,0.0
61559,2022-01-28,0.0
61560,2024-08-28,0.0
61566,2019-07-23,0.0
61569,2018-05-05,0.0
61589,2023-07-09,0.0
61592,2025-03-23,0.0
61646,2017-08-04,0.0
61651,2025-05-27,2500000.0
61653,2024-12-19,0.0
61682,2021-12-17,0.0
61711,2025-06-17,75000.0
61753,2025-05-14,50000.0
61757,2024-06-30,0.0
61783,2025-04-03,0.0
61786,2024-02-19,0.0
61814,2025-06-17,50000.0
61832,2025-06-30,0.0
61841,2025-05-29,750000.0
61863,2025-05-14,50000.0
61891,2024-12-31,0.0
61901,2017-12-22,0.0
62008,2024-12-31,0.0
62013,2022-11-10,0.0
62049,2025-06-24,50000.0
62182,2009-10-09,0.0
62236,2025-05-14,50000.0
62367,2022-10-03,0.0
62415,2025-06-09,450000.0
62552,2024-05-25,0.0
62616,2009-09-07,0.0
62713,2025-06-18,150000.0
62800,2024-03-26,0.0
62913,2025-06-24,50000.0
62966,2023-06-28,0.0
62990,2024-03-18,0.0
63040,2023-06-30,0.0
63044,2024-09-26,0.0
63056,2025-06-24,100000.0
63200,2025-05-26,250000.0
63451,2025-06-17,50000.0
63461,2022-10-03,0.0
63463,2025-06-15,650000.0
63489,2025-05-22,200000.0
63549,2024-01-29,0.0
63689,2019-07-15,0.0
63695,2022-10-03,0.0
63965,2025-06-16,0.0
64248,2019-06-30,0.0
64313,2025-05-27,200000.0
64399,2025-06-08,700000.0
64793,2025-06-16,700000.0
65303,2025-06-04,50000.0
65305,2022-10-03,0.0
65467,2025-07-03,0.0
65489,2025-05-15,25000.0
65644,2022-10-27,0.0
65976,2021-06-30,0.0
66005,2025-06-09,100000.0
66022,2021-07-25,0.0
66058,2023-08-29,0.0
66128,2012-09-27,0.0
66280,2025-05-15,25000.0
66333,2021-06-30,0.0
66360,2025-05-14,100000.0
66407,2023-03-06,0.0
66521,2021-12-31,0.0
66675,2023-08-16,0.0
67063,2025-05-29,5000000.0
67202,2020-06-30,0.0
67283,2025-05-26,100000.0
67303,2019-11-05,0.0
67339,2023-10-18,0.0
67407,2024-01-31,0.0
67416,2022-06-30,0.0
67426,2024-09-26,0.0
67539,2025-06-24,50000.0
67660,2014-10-27,0.0
67685,2024-03-06,0.0
67850,2025-06-18,125000.0
68033,2025-06-09,1200000.0
68306,2025-05-14,125000.0
68327,2025-06-02,250000.0
68331,2021-09-28,0.0
68390,2025-05-29,500000.0
68562,2025-07-23,0.0
68718,2025-06-30,0.0
68863,2025-06-17,9000000.0
68896,2022-01-17,0.0
68901,2020-03-27,0.0
69101,2023-06-30,0.0
69374,2025-06-11,500000.0
69396,2021-01-28,0.0
69905,2021-06-30,0.0
70411,2025-06-16,800000.0
70689,2025-06-18,100000.0
70898,2023-03-06,0.0
70918,2012-09-27,0.0
70950,2025-04-03,50000.0
71002,2019-09-02,0.0
71019,2025-06-05,300000.0
71020,2018-09-30,0.0
71184,2019-06-30,0.0
71204,2022-10-03,0.0
71565,2020-05-10,0.0
71571,2020-07-19,0.0
71601,2015-09-27,0.0
71835,2025-06-25,0.0
71840,2019-06-30,0.0
71917,2019-12-31,0.0
71989,2022-06-30,0.0
72002,2008-10-14,0.0
72047,2025-06-08,2000000.0
72201,2023-06-28,0.0
72203,2022-06-30,0.0
72281,2024-09-24,0.0
72310,2025-06-30,0.0
72378,2023-10-31,0.0
72414,2025-06-02,100000.0
72441,2025-06-16,1400000.0
72489,2023-12-31,0.0
72522,2025-05-27,2500000.0
72768,2025-05-29,350000.0
72848,2019-06-30,0.0
72857,2025-05-25,200000.0
73138,2022-10-03,0.0
73204,2017-04-19,0.0
73244,2023-03-06,0.0
73250,2025-06-23,300000.0
73458,2020-06-30,0.0
73547,2025-06-17,300000.0
73552,2012-06-19,0.0
73846,2025-06-09,450000.0
73920,2025-04-03,0.0
74088,2022-03-30,0.0
74295,2024-01-02,0.0
74418,2020-12-06,0.0
74536,2017-11-27,0.0
74554,2012-10-01,0.0
74602,2025-05-27,50000.0
74615,2024-02-26,0.0
74683,2025-06-02,2000000.0
74687,2024-12-11,0.0
74768,2024-03-10,0.0
74810,2025-05-29,700000.0
74821,2025-04-03,50000.0
74856,2021-06-30,0.0
74954,2023-11-12,0.0
74956,2025-06-18,150000.0
74996,2023-06-30,0.0
75058,2025-04-03,0.0
75127,2025-06-01,75000.0
75282,2021-06-30,0.0
75471,2025-06-05,250000.0
75613,2025-05-14,100000.0
75640,2025-07-03,0.0
75645,2020-06-26,0.0
75820,2022-01-30,0.0
75890,2025-06-17,200000.0
75921,2025-06-04,600000.0
76032,2024-03-06,0.0
76799,2019-06-30,0.0
77544,2024-02-27,0.0
77546,2014-11-02,0.0
77707,2024-09-24,0.0
77760,2025-06-16,300000.0
77829,2023-08-28,0.0
77838,2009-08-08,0.0
78498,2010-08-29,0.0
78959,2025-04-03,100000.0
78960,2022-06-30,0.0
79027,2024-06-30,0.0
79893,2023-05-31,0.0
79972,2019-08-29,0.0
80036,2025-05-25,100000.0
80205,2025-01-28,0.0
80435,2025-06-17,175000.0
80448,2025-02-26,0.0
80696,2017-08-02,0.0
81202,2023-10-26,0.0
81226,2015-06-30,0.0
81615,2022-11-04,0.0
81698,2024-06-30,0.0
81796,2025-06-02,450000.0
81988,2025-06-23,250000.0
82097,2025-06-02,0.0
82110,2025-03-13,0.0
82112,2025-06-22,100000.0
82243,2024-03-05,0.0
82324,2025-06-18,50000.0
82350,2025-06-04,800000.0
82354,2019-06-30,0.0
82367,2024-06-30,0.0
82474,2023-06-30,0.0
82701,2012-07-08,0.0
82734,2021-08-07,0.0
83188,2022-09-22,0.0
83191,2020-06-30,0.0
83495,2019-06-30,0.0
83875,2024-02-19,0.0
83983,2025-05-27,400000.0
84150,2025-04-03,300000.0
84511,2023-06-30,0.0
84565,2014-05-01,0.0
84589,2018-02-15,0.0
84622,2022-01-30,0.0
84770,2022-10-03,0.0
84828,2014-08-19,0.0
84921,2023-06-30,0.0
84978,2017-06-29,0.0
85022,2021-02-28,0.0
85164,2025-06-18,500000.0
85208,2024-09-24,0.0
85268,2021-04-25,0.0
85270,2021-06-30,0.0
85314,2025-09-04,3000000.0
85352,2025-04-03,50000.0
85393,2025-06-16,1000000.0
85500,2024-09-24,0.0
85596,2024-09-26,0.0
85603,2024-09-24,0.0
85611,2025-04-03,75000.0
85864,2025-06-18,800000.0
85922,2025-06-05,150000.0
86079,2024-12-04,0.0
86202,2025-06-08,20000000.0
86880,2020-04-14,0.0
86926,2025-05-15,600000.0
87268,2024-06-30,0.0
87473,2015-10-01,0.0
87900,2023-03-06,0.0
88262,2025-08-11,0.0
88528,2023-01-30,0.0
88595,2025-06-16,150000.0
88596,2019-06-30,0.0
88680,2025-06-16,700000.0
88684,2024-06-30,0.0
88701,2025-06-18,200000.0
88971,2025-05-25,100000.0
89034,2025-06-18,200000.0
89231,2025-05-26,600000.0
89318,2018-12-31,0.0
89330,2024-06-30,0.0
89370,2025-06-02,400000.0
89450,2025-05-25,200000.0
89592,2024-09-05,0.0
89618,2023-03-06,0.0
89648,2025-05-26,100000.0
89650,2025-06-10,200000.0
89701,2025-06-29,800000.0
89733,2025-06-23,800000.0
90660,2022-10-03,0.0
91317,2025-06-04,400000.0
91415,2025-06-18,375000.0
91469,2025-09-01,0.0
91473,2025-05-29,250000.0
91849,2025-06-15,1200000.0
91931,2025-03-09,0.0
91970,2025-06-16,1000000.0
92109,2022-10-03,0.0
92181,2022-10-03,0.0
92701,2025-06-19,225000.0
92947,2025-06-08,600000.0
93081,2025-05-27,400000.0
93128,2025-05-26,6000000.0
93154,2025-06-24,50000.0
93330,2020-07-07,0.0
93678,2024-09-26,0.0
93701,2020-04-05,0.0
93720,2025-06-02,6000000.0
93731,2021-10-07,0.0
93732,2025-04-03,150000.0
93759,2021-06-30,0.0
93764,2017-03-31,0.0
93795,2025-04-03,50000.0
93869,2024-09-24,0.0
94030,2025-05-28,450000.0
94148,2024-08-28,0.0
94192,2025-06-04,500000.0
94199,2025-06-17,175000.0
94210,2025-06-10,150000.0
94414,2025-05-29,100000.0
94674,2020-02-21,0.0
94770,2020-06-30,0.0
94939,2023-06-08,0.0
95480,2023-03-06,0.0
95488,2023-07-31,0.0
95641,2025-06-08,500000.0
96148,2024-09-26,0.0
96254,2025-06-16,1000000.0
96274,2024-09-24,0.0
96341,2025-06-16,22000000.0
96347,2019-12-14,0.0
96533,2025-05-28,150000.0
96718,2025-06-30,0.0
96806,2025-04-03,50000.0
98240,2024-06-30,0.0
98512,2025-06-17,150000.0
98596,2025-06-17,275000.0
99180,2025-05-12,100000.0
99232,2025-06-01,200000.0
99254,2025-06-01,250000.0
99327,2025-03-20,0.0
99343,2025-06-01,800000.0
99499,2025-06-22,50000.0
99632,2021-06-29,0.0
99922,2025-06-08,1000000.0
100131,2025-06-08,1500000.0
100693,2013-06-30,0.0
101015,2018-06-30,0.0
101118,2025-05-29,500000.0
101637,2013-06-30,0.0
101742,2019-06-30,0.0
102017,2025-05-29,6000000.0
102192,2024-09-24,0.0
102258,2023-11-05,0.0
102382,2021-07-24,0.0
102427,2025-06-09,800000.0
102538,2016-12-22,0.0
102745,2025-06-30,0.0
102750,2020-06-30,0.0
102786,2017-02-03,0.0
103004,2017-12-30,0.0
103064,2025-06-10,275000.0
103230,2014-10-30,0.0
103427,2025-05-26,1500000.0
103667,2019-06-30,0.0
103674,2025-04-03,300000.0
103743,2025-06-26,200000.0
103890,2025-06-01,300000.0
104267,2023-06-30,0.0
104290,2024-09-26,0.0
104332,2025-06-18,175000.0
104466,2025-09-08,550000.0
104509,2024-03-24,0.0
104543,2025-06-11,300000.0
104545,2024-06-30,0.0
105388,2023-05-18,0.0
105468,2020-05-03,0.0
105470,2025-05-29,20000000.0
106064,2023-01-31,0.0
106452,2023-08-24,0.0
106825,2023-06-30,0.0
106837,2025-06-23,100000.0
107184,2024-06-30,0.0
107548,2019-09-27,0.0
107577,2025-05-04,125000.0
108198,2025-06-18,400000.0
108484,2024-09-24,0.0
109008,2016-01-29,0.0
109039,2021-06-30,0.0
109256,2025-05-28,2000000.0
109974,2024-09-26,0.0
110000,2023-06-26,0.0
110036,2025-06-18,800000.0
110078,2025-06-05,800000.0
110116,2023-10-18,0.0
110154,2022-10-03,0.0
110268,2019-06-30,0.0
110338,2025-06-30,0.0
110670,2020-04-17,0.0
110861,2025-06-17,125000.0
110928,2025-06-18,450000.0
111005,2023-03-06,0.0
111027,2022-10-03,0.0
111039,2025-06-11,350000.0
111041,2025-06-01,150000.0
111053,2025-07-22,0.0
111059,2016-12-31,0.0
111078,2025-06-04,3000000.0
111216,2023-06-30,0.0
111283,2020-06-30,0.0
111347,2024-06-30,0.0
111422,2025-05-28,500000.0
111428,2025-05-07,125000.0
111508,2025-06-08,300000.0
111528,2025-06-01,50000.0
111819,2025-05-29,1500000.0
111873,2025-05-29,20000000.0
111893,2025-06-11,50000.0
112022,2025-04-03,50000.0
112822,2025-06-02,300000.0
112935,2025-06-30,0.0
113036,2025-06-17,150000.0
113039,2025-06-17,200000.0
113045,2025-05-22,200000.0
113631,2022-06-27,0.0
114060,2025-06-23,200000.0
115507,2025-06-01,600000.0
115763,2025-06-17,700000.0
115989,2025-06-05,600000.0
117476,2025-06-24,50000.0
117509,2025-07-31,0.0
117674,2025-06-04,5000000.0
117996,2024-03-07,0.0
117997,2025-06-29,75000.0
118294,2022-10-03,0.0
118534,2025-05-29,5000000.0
118535,2025-05-26,600000.0
118779,2025-05-26,200000.0
118850,2025-06-04,1000000.0
118997,2025-06-08,700000.0
119031,2025-06-17,4000000.0
119032,2025-06-10,225000.0
119123,2023-10-18,0.0
119164,2025-06-09,25000.0
119187,2014-07-14,0.0
119211,2025-06-04,5000000.0
119269,2025-05-26,600000.0
119372,2025-06-18,150000.0
119374,2022-10-03,0.0
119376,2023-07-21,0.0
119557,2025-06-18,2500000.0
119622,2025-01-06,0.0
119691,2025-05-14,75000.0
120091,2024-12-07,0.0
120205,2025-06-04,3000000.0
120211,2025-06-16,450000.0
120296,2025-06-10,275000.0
120630,2019-11-13,0.0
121254,2025-05-26,350000.0
121257,2025-05-26,250000.0
121324,2025-05-26,1300000.0
121410,2022-04-07,0.0
121483,2025-06-08,20000000.0
121528,2025-06-24,50000.0
121985,2025-06-16,1500000.0
122011,2024-12-31,0.0
122153,2025-06-30,5000000.0
122881,2023-10-18,0.0
123021,2024-09-24,0.0
123189,2025-06-30,0.0
123261,2025-06-09,300000.0
123536,2025-05-26,150000.0
123558,2025-04-03,125000.0
123638,2025-05-26,100000.0
123683,2025-06-24,100000.0
123951,2023-06-30,0.0
124080,2025-06-04,175000.0
124155,2024-09-15,0.0
124203,2021-06-16,0.0
124244,2025-06-11,350000.0
124517,2025-06-05,300000.0
124559,2025-08-28,0.0
124560,2025-06-24,150000.0
124911,2025-05-14,50000.0
125009,2023-06-30,0.0
125117,2021-07-19,0.0
125158,2025-06-16,50000.0
125614,2025-06-18,400000.0
125781,2025-06-08,18000000.0
125870,2025-06-24,25000.0
126214,2025-06-02,400000.0
126281,2025-06-04,1000000.0
126413,2025-06-08,50000.0
126414,2025-06-16,30000000.0
126516,2025-06-09,150000.0
126530,2024-09-26,0.0
126558,2016-06-04,0.0
126625,2025-05-22,300000.0
126638,2025-06-02,450000.0
126659,2023-10-21,0.0
126687,2025-06-24,450000.0
126722,2025-06-24,200000.0
136091,2025-06-18,200000.0
136111,2025-06-16,1500000.0
137616,2025-06-17,2600000.0
137683,2022-10-03,0.0
137704,2025-06-24,150000.0
137745,2025-06-05,300000.0
138292,2025-06-10,225000.0
138335,2025-06-17,500000.0
138927,2025-06-08,8000000.0
138935,2025-06-23,600000.0
139208,2025-05-29,23000000.0
139278,2025-06-10,200000.0
139307,2025-06-01,225000.0
139434,2023-07-06,0.0
140076,2010-09-20,0.0
140126,2023-09-30,0.0
140191,2024-06-30,0.0
140497,2024-07-24,0.0
140757,2025-05-28,2000000.0
140776,2025-05-26,7000000.0
140804,2025-04-03,75000.0
141835,2024-07-24,0.0
142021,2025-06-08,4000000.0
142194,2025-05-07,125000.0
142281,2025-08-28,0.0
142389,2025-05-29,200000.0
142420,2025-06-24,100000.0
142920,2025-06-08,250000.0
143798,2025-06-04,1700000.0
143812,2025-06-16,2000000.0
144128,2025-06-23,200000.0
145416,2025-04-03,75000.0
145493,2023-12-04,0.0
145851,2018-02-23,0.0
146155,2025-06-04,6000000.0
146227,2025-06-08,800000.0
146258,2025-06-23,300000.0
146675,2018-04-10,0.0
146693,2025-06-18,300000.0
146743,2023-03-06,0.0
146752,2025-06-16,1000000.0
146799,2025-05-22,900000.0
146889,2025-06-15,200000.0
147031,2021-07-22,0.0
147359,2025-06-18,550000.0
147367,2022-10-03,0.0
147485,2025-06-05,700000.0
147558,2025-06-09,1000000.0
147846,2025-05-22,200000.0
148252,2025-06-16,5000000.0
148367,2025-05-29,11000000.0
148372,2025-05-26,3500000.0
148396,2025-05-29,200000.0
148751,2025-04-01,0.0
148824,2025-06-05,200000.0
148967,2025-04-03,400000.0
149444,2024-03-05,0.0
149516,2025-06-24,250000.0
149525,2025-06-01,350000.0
149716,2025-06-05,500000.0
149946,2022-10-03,0.0
150080,2025-06-10,125000.0
150936,2018-09-30,0.0
150948,2025-04-03,0.0
151636,2025-06-18,1000000.0
152776,2025-06-05,200000.0
152963,2025-06-18,400000.0
153084,2025-06-04,22000000.0
153236,2022-06-30,0.0
153628,2025-06-10,400000.0
153637,2025-06-05,1000000.0
154169,2019-03-20,0.0
154171,2022-06-30,0.0
154172,2016-02-06,0.0
154396,2025-06-18,500000.0
155038,2025-06-16,100000.0
156487,2021-07-31,0.0
156618,2025-06-01,300000.0
156781,2016-06-30,0.0
156941,2025-06-17,2800000.0
157036,2025-05-29,50000.0
157506,2025-06-16,3000000.0
157509,2025-05-26,10000000.0
157539,2025-05-26,2000000.0
157849,2022-11-18,0.0
157907,2025-02-27,0.0
157927,2025-06-10,225000.0
158043,2025-06-18,200000.0
158530,2017-01-25,0.0
158623,2025-05-26,200000.0
158704,2023-06-30,0.0
158764,2024-04-09,0.0
159098,2025-06-11,500000.0
159372,2025-09-04,3000000.0
159471,2025-06-04,22000000.0
159692,2023-06-30,0.0
159902,2025-06-18,100000.0
159907,2025-04-03,50000.0
160188,2025-06-05,100000.0
160344,2025-06-01,450000.0
160376,2022-10-03,0.0
160438,2025-05-28,1800000.0
160929,2025-06-18,2000000.0
160938,2025-06-16,3000000.0
160954,2025-06-04,400000.0
160968,2025-06-09,300000.0
160986,2025-06-01,400000.0
161056,2025-06-04,45000000.0
161869,2025-06-02,1000000.0
162027,2025-06-23,700000.0
162056,2025-06-23,1000000.0
162079,2025-06-23,400000.0
163078,2025-06-18,300000.0
163086,2025-09-06,0.0
163187,2025-06-01,500000.0
163216,2025-06-01,600000.0
163283,2025-06-18,75000.0
163315,2025-06-18,250000.0
163399,2018-03-19,0.0
163532,2024-09-26,0.0
163581,2018-02-15,0.0
163597,2025-06-18,200000.0
163639,2025-06-01,400000.0
163647,2024-06-30,0.0
163652,2025-06-18,200000.0
163683,2025-06-18,100000.0
163690,2024-03-18,0.0
163724,2025-04-23,300000.0
164108,2025-06-18,300000.0
164145,2025-06-08,1300000.0
164478,2024-03-28,0.0
164915,2025-06-01,400000.0
165008,2025-04-03,200000.0
165467,2025-06-08,2500000.0
165896,2023-03-06,0.0
166237,2025-06-16,5000000.0
166607,2024-09-26,0.0
166677,2025-06-08,1800000.0
167093,2025-04-03,125000.0
167472,2025-06-01,200000.0
167727,2025-05-29,2000000.0
167741,2025-06-01,900000.0
167793,2025-06-18,300000.0
167796,2024-01-24,0.0
168186,2025-06-10,450000.0
168189,2025-06-18,300000.0
168346,2025-06-18,150000.0
169052,2025-06-05,600000.0
169092,2025-06-24,500000.0
169179,2025-06-26,750000.0
169497,2025-06-08,1500000.0
169633,2011-09-05,0.0
169841,2025-06-11,100000.0
170322,2025-06-29,125000.0
170481,2025-06-16,500000.0
170506,2025-06-01,250000.0
170509,2025-06-30,0.0
170544,2025-06-17,500000.0
170767,2025-06-24,350000.0
170895,2025-06-17,500000.0
170904,2025-06-04,300000.0
170927,2025-06-01,200000.0
170930,2019-03-01,0.0
170957,2020-01-07,0.0
170961,2025-06-02,600000.0
170975,2014-04-20,0.0
170979,2020-06-02,0.0
170982,2023-03-06,0.0
170994,2023-05-26,0.0
171159,2025-06-01,500000.0
171307,2025-06-02,400000.0
171410,2023-03-06,0.0
171679,2025-05-29,2000000.0
172127,2025-05-28,125000.0
172128,2023-03-06,0.0
172142,2025-06-08,225000.0
173483,2025-05-26,300000.0
173504,2025-05-29,9000000.0
173804,2025-08-27,0.0
173860,2017-06-21,0.0
174156,2020-03-23,0.0
174196,2025-06-02,2000000.0
174488,2024-06-30,0.0
174835,2024-04-21,0.0
174852,2025-05-21,10000.0
175449,2025-06-08,2000000.0
176067,2025-06-24,300000.0
176485,2025-05-29,800000.0
176553,2025-05-26,15000000.0
177452,2025-06-08,1200000.0
177476,2025-05-29,25000000.0
177690,2025-06-11,850000.0
177859,2025-05-25,150000.0
178187,2024-09-26,0.0
178217,2025-05-15,125000.0
178425,2025-05-22,900000.0
180704,2022-10-03,0.0
181373,2025-06-24,650000.0
181375,2025-05-27,3000000.0
181378,2025-06-02,6000000.0
181380,2025-06-17,3000000.0
181477,2025-05-15,350000.0
181498,2025-06-17,200000.0
181687,2025-05-29,400000.0
182574,2025-06-18,400000.0
182811,2020-09-29,0.0
182814,2022-10-03,0.0
182889,2025-06-18,300000.0
182891,2025-05-27,900000.0
182893,2025-06-02,10000000.0
182903,2020-04-06,0.0
182906,2025-06-16,25000000.0
183281,2017-04-18,0.0
183321,2025-06-15,3500000.0
183841,2025-06-01,750000.0
184133,2025-04-14,0.0
184218,2023-03-06,0.0
184473,2025-06-05,150000.0
184779,2025-04-03,50000.0
184935,2025-06-01,200000.0
185427,2025-06-18,1000000.0
185764,2016-01-16,0.0
185939,2018-04-09,0.0
186383,2025-06-01,500000.0
186796,2025-04-03,125000.0
187245,2025-05-27,600000.0
187383,2021-06-30,0.0
187384,2025-06-18,350000.0
187718,2025-06-02,3500000.0
188335,2025-05-22,400000.0
188838,2025-04-03,0.0
188888,2025-06-08,2500000.0
188930,2025-06-12,300000.0
189340,2025-06-01,250000.0
189435,2018-06-29,0.0
189452,2025-06-09,400000.0
189458,2025-06-09,300000.0
189744,2025-05-26,1800000.0
190263,2025-05-26,8000000.0
190284,2025-06-04,10000000.0
190333,2025-04-03,0.0
190366,2023-03-06,0.0
190513,2025-06-25,500000.0
191422,2025-06-04,3500000.0
191891,2025-06-16,2000000.0
192540,2025-05-25,50000.0
192565,2025-06-04,32000000.0
192611,2025-06-17,350000.0
192637,2025-06-09,1500000.0
192715,2024-10-15,0.0
192766,2025-08-31,0.0
192774,2023-10-25,0.0
193006,2025-06-05,400000.0
193256,2025-06-02,800000.0
193469,2025-06-11,100000.0
193534,2025-06-22,100000.0
193554,2025-06-05,250000.0
193784,2025-04-03,400000.0
193994,2025-05-14,100000.0
194386,2025-05-26,100000.0
195341,2013-10-29,0.0
195810,2025-06-05,900000.0
195906,2025-06-09,800000.0
196357,2025-06-04,30000000.0
196382,2025-06-18,350000.0
196791,2025-06-09,100000.0
196792,2025-06-04,6000000.0
196815,2025-06-18,800000.0
197126,2025-06-17,800000.0
197491,2025-06-01,250000.0
197743,2025-06-18,450000.0
197745,2025-06-01,250000.0
197857,2025-03-13,0.0
198006,2025-05-29,1500000.0
198008,2025-06-04,4000000.0
198619,2022-10-03,0.0
198709,2025-06-02,1200000.0
198976,2025-06-18,50000.0
199132,2025-06-05,100000.0
199135,2024-09-16,0.0
199243,2023-06-20,0.0
199258,2025-06-16,1000000.0
199297,2025-07-20,150000.0
199733,2025-06-16,3500000.0
199921,2025-06-18,400000.0
199953,2025-06-16,1300000.0
200127,2025-06-29,100000.0
200174,2025-06-01,900000.0
200188,2025-06-01,900000.0
200525,2014-09-26,0.0
200777,2025-06-17,500000.0
201861,2025-06-24,200000.0
202278,2025-06-17,450000.0
202591,2025-06-04,15000000.0
202925,2025-06-17,900000.0
202979,2025-06-01,2200000.0
203026,2025-05-29,1200000.0
203150,2025-06-29,550000.0
203324,2025-06-01,350000.0
203345,2025-06-23,25000.0
203361,2025-05-07,250000.0
203778,2020-07-31,0.0
204069,2025-06-17,15000000.0
204294,2025-05-28,1500000.0
205023,2024-06-30,0.0
205054,2025-05-26,1000000.0
205179,2025-06-05,1000000.0
205503,2025-06-18,700000.0
205525,2023-10-18,0.0
205533,2025-06-09,250000.0
205544,2025-06-10,600000.0
205562,2025-06-08,5000000.0
205587,2024-09-26,0.0
205938,2025-06-16,10000000.0
206050,2025-06-16,8000000.0
206699,2022-10-03,0.0
206701,2025-06-30,0.0
207015,2025-06-11,7000000.0
207917,2025-06-16,1500000.0
208244,2025-05-26,300000.0
209212,2025-05-29,6000000.0
209686,2025-06-10,350000.0
209936,2025-06-01,500000.0
210081,2025-05-15,1200000.0
211474,2025-06-02,3000000.0
211722,2020-04-14,0.0
212723,2025-06-08,7500000.0
213052,2025-05-25,250000.0
213306,2018-03-19,0.0
213595,2025-06-23,375000.0
213751,2025-06-18,800000.0
213841,2025-05-25,1800000.0
213911,2025-05-14,50000.0
214635,2025-06-18,450000.0
214770,2025-06-24,150000.0
214928,2023-10-31,0.0
215390,2025-06-05,5000000.0
215616,2025-06-05,5000000.0
215649,2025-06-16,700000.0
215652,2025-03-03,0.0
215679,2025-05-26,5000000.0
215784,2024-06-19,0.0
215810,2025-05-29,200000.0
216175,2024-09-24,0.0
216240,2025-06-03,4000000.0
216259,2025-07-24,0.0
216375,2025-06-09,300000.0
216463,2024-10-15,250000.0
216804,2025-09-11,1200000.0
218011,2024-01-16,0.0
220805,2023-03-06,0.0
220851,2024-03-05,0.0
220878,2025-06-02,1500000.0
221311,2025-06-08,600000.0
221315,2025-06-23,500000.0
221316,2025-06-08,3000000.0
221322,2025-06-08,9000000.0
221540,2025-05-22,8000000.0
222636,2025-06-01,600000.0
222813,2025-05-29,4000000.0
222855,2025-06-16,4000000.0
222876,2025-06-17,1500000.0
223047,2025-04-03,200000.0
223073,2025-06-24,300000.0
223890,2025-06-23,200000.0
225004,2025-06-03,1800000.0
225020,2025-04-03,800000.0
225043,2025-06-04,500000.0
225083,2025-05-26,5000000.0
225591,2025-05-27,600000.0
225627,2025-06-24,25000.0
225657,2025-06-04,12000000.0
225693,2025-05-26,15000000.0
225963,2025-06-16,2000000.0
226005,2025-06-01,1000000.0
226012,2025-06-08,3000000.0
226080,2025-06-08,500000.0
226097,2025-05-28,1500000.0
226261,2025-06-23,350000.0
226964,2025-06-17,50000.0
226965,2023-09-25,0.0
226973,2025-05-29,6000000.0
227081,2025-06-16,3000000.0
227347,2025-06-01,2500000.0
228433,2025-09-04,3000000.0
228645,2025-05-27,4000000.0
229004,2025-05-26,8000000.0
229826,2025-06-17,800000.0
229970,2025-06-16,1500000.0
230485,2018-09-30,0.0
230784,2025-05-29,14000000.0
231025,2025-05-25,175000.0
231586,2025-06-04,1200000.0
232144,2025-04-23,300000.0
232271,2025-06-11,3500000.0
232454,2025-06-04,20000000.0
234006,2025-05-27,350000.0
234029,2025-06-04,3000000.0
234189,2025-05-27,5000000.0
234249,2025-06-17,100000.0
234802,2025-06-01,500000.0
234811,2025-05-29,7000000.0
234880,2025-06-01,200000.0
234884,2019-09-30,0.0
235413,2025-05-28,375000.0
235540,2025-05-27,1500000.0
235921,2024-07-21,0.0
235931,2025-06-16,1600000.0
236202,2025-06-05,5000000.0
236414,2022-10-03,0.0
236510,2025-05-26,700000.0
236953,2025-05-26,800000.0
237125,2025-06-01,300000.0
237617,2025-06-23,200000.0
237662,2025-06-02,12000000.0
238223,2025-05-29,20000000.0
238407,2025-06-08,25000000.0
238626,2025-06-01,2500000.0
238717,2025-06-24,50000.0
238865,2025-05-13,225000.0
238977,2025-06-01,800000.0
239647,2025-06-01,2000000.0
239941,2025-06-16,7500000.0
239949,2025-05-26,900000.0
240342,2025-05-14,75000.0
240360,2025-06-24,200000.0
240365,2025-05-14,75000.0
240457,2025-06-05,350000.0
240497,2025-06-24,125000.0
240657,2018-02-20,0.0
240958,2025-04-03,350000.0
241069,2021-06-23,0.0
241077,2017-10-03,0.0
241162,2016-06-05,0.0
241307,2025-06-04,1700000.0
241325,2022-10-03,0.0
241457,2025-05-28,1000000.0
241477,2025-05-27,1200000.0
241481,2025-06-11,1800000.0
241923,2025-06-16,2000000.0
241974,2025-06-18,225000.0
242273,2025-06-02,5000000.0
242284,2025-05-26,1200000.0
242550,2025-06-18,75000.0
242606,2025-05-26,6500000.0
242638,2025-06-05,3500000.0
243225,2025-06-05,900000.0
243737,2024-12-01,250000.0
244040,2025-06-17,200000.0
244061,2025-05-14,50000.0
244275,2025-09-04,5000000.0
246204,2025-04-03,600000.0
246244,2025-06-24,150000.0
247250,2025-06-23,500000.0
247380,2025-06-10,450000.0
247652,2025-06-23,1200000.0
247661,2025-06-18,500000.0
248213,2023-03-21,0.0
248330,2025-06-23,200000.0
248454,2025-06-04,3500000.0
248483,2025-06-02,300000.0
248576,2025-06-19,100000.0
248695,2025-06-18,350000.0
248738,2025-06-08,3000000.0
249459,2025-06-24,200000.0
249463,2025-04-03,50000.0
249471,2025-06-23,400000.0
249636,2025-06-02,3000000.0
249952,2025-06-17,2300000.0
250038,2019-06-30,0.0
250779,2025-06-02,6000000.0
250845,2025-06-08,20000000.0
251289,2023-10-18,0.0
251295,2025-06-18,1200000.0
251299,2025-06-04,9000000.0
251309,2025-06-04,2000000.0
251322,2025-06-02,5000000.0
251813,2025-05-22,4000000.0
251876,2025-06-08,5000000.0
252088,2024-03-06,0.0
253012,2020-02-17,0.0
253153,2023-08-20,0.0
253839,2025-05-26,4000000.0
253842,2025-05-14,200000.0
253857,2025-06-18,50000.0
253878,2025-06-24,100000.0
254290,2023-10-25,700000.0
254358,2025-06-01,250000.0
254365,2018-10-01,0.0
255501,2025-06-08,2000000.0
255744,2025-05-25,1800000.0
255788,2025-05-29,2000000.0
255838,2025-06-16,1500000.0
255892,2025-06-05,400000.0
255942,2025-06-16,75000000.0
255984,2016-09-18,0.0
256429,2025-06-08,500000.0
256678,2025-06-01,800000.0
256866,2025-05-25,1200000.0
257062,2025-06-08,2000000.0
257293,2016-11-04,0.0
257388,2025-06-18,1000000.0
257459,2023-03-06,0.0
257462,2025-06-16,4500000.0
257474,2025-06-16,16000000.0
257851,2025-06-17,1400000.0
258364,2025-05-27,2500000.0
258884,2025-05-26,1200000.0
258886,2025-06-17,200000.0
258888,2025-05-07,175000.0
258916,2025-06-17,1000000.0
258917,2025-06-29,250000.0
258924,2024-12-26,150000.0
258987,2025-06-08,6000000.0
260053,2025-05-22,900000.0
260166,2025-06-17,700000.0
260230,2025-06-23,300000.0
260841,2025-05-29,2500000.0
261095,2025-05-04,300000.0
261357,2025-05-26,500000.0
261502,2025-06-23,1400000.0
261504,2025-06-04,20000000.0
131209,2025-03-13,0.0
131480,2025-06-02,350000.0
131506,2025-06-24,200000.0
131708,2025-04-03,1200000.0
131758,2025-06-16,500000.0
131789,2025-05-26,5000000.0
131942,2020-06-30,0.0
132414,2020-09-20,0.0
132921,2021-06-30,0.0
134425,2025-05-29,10000000.0
134883,2025-04-03,300000.0
134936,2025-05-13,450000.0
135208,2025-05-28,250000.0
135217,2025-06-09,850000.0
136142,2023-01-09,0.0
136514,2025-06-16,1500000.0
136589,2020-07-31,0.0
136746,2024-03-06,0.0
137648,2025-05-22,2500000.0
138285,2025-05-29,100000.0
138456,2021-10-12,0.0
139018,2025-08-22,0.0
139169,2022-04-08,0.0
139325,2015-09-03,0.0
139396,2025-05-29,7000000.0
139435,2025-06-08,800000.0
139503,2025-06-05,1700000.0
139633,2017-06-29,0.0
139928,2024-09-24,0.0
140082,2025-05-29,400000.0
140093,2022-10-03,0.0
140559,2025-06-01,250000.0
140748,2024-02-04,0.0
140803,2025-04-23,450000.0
140808,2025-06-11,2500000.0
141347,2016-08-29,0.0
141654,2025-05-14,100000.0
141660,2025-06-02,3000000.0
141834,2025-05-26,1500000.0
142031,2025-06-08,900000.0
142419,2025-08-08,0.0
143044,2023-06-30,0.0
143995,2018-02-20,0.0
144143,2025-06-01,500000.0
144244,2025-06-15,3200000.0
144688,2023-03-06,0.0
145115,2025-06-05,800000.0
145488,2015-04-25,0.0
145840,2025-06-02,400000.0
146163,2025-06-30,0.0
146489,2018-02-15,0.0
146680,2025-06-18,125000.0
146795,2025-05-29,2000000.0
147396,2025-06-05,250000.0
147493,2017-06-29,0.0
147573,2025-02-12,0.0
148209,2025-06-23,150000.0
148455,2025-05-29,50000000.0
148657,2025-06-18,600000.0
149526,2025-06-18,75000.0
149551,2021-06-30,0.0
149652,2025-06-23,275000.0
151205,2022-10-03,0.0
152651,2025-05-27,500000.0
153184,2021-09-21,0.0
153661,2025-06-18,500000.0
153678,2025-06-17,900000.0
153988,2020-03-16,0.0
154199,2021-06-30,0.0
154578,2025-06-09,100000.0
154819,2025-06-24,200000.0
155395,2025-05-29,200000.0
156617,2025-05-26,10000000.0
156676,2025-05-22,200000.0
156808,2024-06-30,0.0
157298,2022-10-03,0.0
157494,2020-06-26,0.0
157672,2025-05-29,5000000.0
158022,2025-06-05,400000.0
158463,2025-07-26,0.0
158700,2025-06-17,225000.0
158795,2025-06-23,200000.0
158863,2025-06-08,5000000.0
159088,2025-06-04,9000000.0
159162,2017-08-04,0.0
159288,2025-06-17,800000.0
159522,2025-06-11,1600000.0
159883,2025-06-01,350000.0
160222,2025-06-18,1200000.0
160241,2025-06-04,2500000.0
160334,2025-06-18,75000.0
160348,2025-04-03,100000.0
160560,2025-06-18,250000.0
161072,2025-06-18,1000000.0
161079,2025-06-10,225000.0
161204,2025-06-18,1000000.0
161267,2025-06-23,250000.0
161411,2015-01-31,0.0
162029,2025-06-08,1000000.0
162038,2025-06-08,700000.0
162039,2024-09-26,0.0
162434,2025-06-04,4000000.0
162652,2025-06-11,150000.0
162812,2025-06-05,5500000.0
162959,2025-05-27,3000000.0
163051,2025-05-27,400000.0
163222,2025-06-01,400000.0
163489,2025-06-18,500000.0
163530,2025-06-17,400000.0
163582,2025-06-01,350000.0
163654,2025-06-24,25000.0
164091,2025-06-18,200000.0
164389,2025-06-30,0.0
164402,2025-06-23,250000.0
164451,2018-11-14,0.0
164759,2025-06-05,400000.0
164785,2025-07-25,0.0
164919,2022-10-03,0.0
165007,2025-06-08,1200000.0
165012,2025-04-03,350000.0
165442,2015-11-30,0.0
165722,2024-09-26,0.0
165893,2025-06-01,450000.0
165894,2025-05-14,0.0
166240,2025-06-24,200000.0
166640,2024-09-24,0.0
167228,2025-06-23,300000.0
167268,2025-06-04,3000000.0
167291,2025-05-22,1000000.0
167491,2025-06-16,1400000.0
167721,2025-06-08,2000000.0
167798,2025-06-11,600000.0
167887,2020-07-16,0.0
167890,2025-06-18,25000.0
167895,2024-03-18,0.0
168157,2025-06-11,4500000.0
170321,2025-06-29,150000.0
170475,2019-05-03,0.0
170478,2025-04-03,100000.0
170523,2025-06-10,125000.0
170540,2023-07-01,0.0
170646,2025-06-11,3000000.0
170903,2025-05-28,550000.0
170914,2025-06-23,250000.0
170938,2024-09-26,0.0
170962,2025-05-25,250000.0
170968,2024-02-05,0.0
170976,2025-05-27,325000.0
170986,2025-06-04,8000000.0
171165,2025-04-03,100000.0
171167,2025-06-24,150000.0
171260,2025-05-26,800000.0
171376,2025-05-26,200000.0
171424,2025-05-26,8000000.0
172153,2023-11-21,0.0
172338,2024-01-29,0.0
173491,2025-06-01,4500000.0
173584,2017-01-10,0.0
173585,2019-08-26,0.0
173835,2025-03-17,0.0
174089,2023-10-18,0.0
174094,2025-06-02,5000000.0
174706,2020-12-22,0.0
175169,2025-06-05,1000000.0
175446,2025-05-22,3000000.0
175639,2025-06-02,5000000.0
175722,2025-06-04,8000000.0
175745,2025-06-04,400000.0
175773,2025-05-29,75000.0
175787,2022-10-03,0.0
175792,2025-09-04,1500000.0
175836,2025-05-13,200000.0
176130,2025-05-14,10000.0
176139,2025-06-16,1800000.0
176140,2025-06-05,2000000.0
176612,2025-06-24,25000.0
177862,2025-06-30,0.0
177892,2025-06-19,275000.0
177952,2025-05-26,150000.0
177953,2017-06-30,0.0
178107,2025-06-01,800000.0
178219,2025-05-27,1000000.0
178314,2025-06-03,400000.0
178342,2025-06-18,75000.0
178540,2024-09-26,0.0
179635,2025-06-18,1000000.0
179638,2025-06-09,1200000.0
179658,2023-07-05,0.0
179806,2025-05-28,450000.0
180091,2020-07-07,0.0
180337,2025-05-28,8000000.0
181763,2021-10-27,0.0
181778,2025-05-29,10000000.0
182201,2025-05-22,900000.0
182323,2025-06-17,500000.0
182898,2024-09-26,0.0
182904,2025-06-08,7500000.0
182916,2025-06-02,3000000.0
183031,2025-04-03,1000000.0
183293,2025-05-26,1800000.0
183301,2025-06-29,200000.0
183318,2025-05-29,4000000.0
183334,2025-05-26,2000000.0
183494,2020-12-31,0.0
183647,2025-05-13,800000.0
184204,2025-06-18,400000.0
184312,2015-04-05,0.0
184397,2025-03-17,0.0
184892,2025-06-16,5000000.0
185164,2025-06-17,300000.0
185570,2022-04-07,0.0
186269,2025-06-16,75000.0
186644,2025-06-15,5000000.0
186891,2025-06-24,100000.0
187090,2019-10-05,0.0
187097,2025-06-04,2000000.0
187285,2025-07-25,0.0
187491,2025-06-04,600000.0
187499,2025-06-15,350000.0
187624,2025-06-04,800000.0
187673,2025-06-23,300000.0
187674,2018-02-23,0.0
187847,2025-06-08,1200000.0
187896,2025-04-03,137500.0
187954,2020-06-27,0.0
188077,2025-05-29,10000000.0
188501,2025-06-01,600000.0
188854,2025-06-23,500000.0
188862,2025-06-05,1200000.0
189073,2025-06-04,4500000.0
189475,2025-06-15,1500000.0
189525,2025-06-03,50000.0
189735,2025-05-15,200000.0
190269,2024-06-30,0.0
190289,2025-06-04,700000.0
190338,2025-06-02,400000.0
190393,2025-06-02,12000000.0
190786,2024-08-21,0.0
190911,2023-09-08,0.0
191056,2025-06-02,12000000.0
191359,2025-06-18,500000.0
191407,2025-05-28,200000.0
192167,2025-06-18,400000.0
192268,2025-06-04,100000.0
192300,2025-06-18,500000.0
192557,2025-06-04,2000000.0
192585,2024-10-07,0.0
192638,2025-06-16,700000.0
192736,2025-06-11,225000.0
192765,2025-05-29,6000000.0
193082,2025-06-04,30000000.0
193130,2024-10-14,0.0
193584,2025-06-01,25000.0
193782,2025-06-01,700000.0
193859,2025-06-04,800000.0
193938,2024-03-03,0.0
195335,2025-06-01,350000.0
195605,2025-06-05,600000.0
195633,2025-05-29,2200000.0
195676,2025-06-10,125000.0
195680,2025-05-26,800000.0
195778,2025-06-04,12000000.0
196084,2025-06-18,700000.0
196095,2025-06-18,2000000.0
196227,2025-06-05,1000000.0
196231,2025-06-04,3500000.0
196427,2025-06-18,250000.0
196435,2025-06-09,300000.0
196524,2025-06-17,50000.0
196562,2025-02-19,0.0
196826,2025-06-18,250000.0
196836,2020-06-30,0.0
196842,2020-07-11,0.0
197131,2025-06-23,300000.0
197135,2025-06-23,400000.0
197307,2019-06-30,0.0
197333,2025-06-01,300000.0
197471,2025-06-16,1400000.0
197473,2025-06-16,1800000.0
197482,2025-05-14,125000.0
197602,2025-05-27,1500000.0
197744,2025-06-18,100000.0
197860,2025-05-26,900000.0
198086,2025-06-18,150000.0
198516,2025-05-29,3000000.0
198613,2025-05-28,250000.0
198638,2025-05-29,800000.0
199070,2025-06-01,250000.0
199248,2025-06-16,7000000.0
199255,2022-10-03,0.0
199274,2023-11-12,0.0
199321,2025-06-02,1000000.0
199522,2025-06-29,100000.0
199527,2025-05-29,16000000.0
199528,2025-05-26,1000000.0
199747,2025-06-18,100000.0
199927,2025-06-01,500000.0
200057,2025-06-01,225000.0
200190,2025-06-18,300000.0
200512,2025-05-26,8000000.0
200782,2023-06-30,0.0
201135,2025-06-10,175000.0
202318,2025-05-27,1500000.0
202867,2025-06-23,150000.0
202886,2025-06-16,10000000.0
202984,2025-05-13,500000.0
203411,2025-06-04,250000.0
203412,2025-06-15,500000.0
203508,2018-07-01,0.0
203516,2025-06-23,500000.0
203517,2025-06-04,1800000.0
203532,2025-05-27,650000.0
203539,2022-02-28,0.0
203748,2022-10-03,0.0
203761,2025-06-12,550000.0
203784,2024-03-06,0.0
204047,2025-06-04,3000000.0
204072,2025-06-08,500000.0
204102,2025-05-28,400000.0
204585,2025-06-01,300000.0
205569,2025-05-27,500000.0
205657,2025-06-15,450000.0
205677,2025-06-01,350000.0
206225,2025-05-26,700000.0
206542,2025-05-22,1000000.0
206717,2025-06-02,900000.0
206746,2025-05-29,13000000.0
206844,2025-06-12,250000.0
206912,2024-12-18,0.0
207302,2025-05-27,1200000.0
207597,2025-06-04,3500000.0
207715,2024-09-23,0.0
207834,2025-05-26,5500000.0
208116,2025-06-23,2000000.0
208167,2025-06-18,2500000.0
208172,2025-05-22,2000000.0
208890,2018-12-31,0.0
210143,2025-06-24,200000.0
211530,2025-06-10,100000.0
212391,2025-06-23,600000.0
212847,2025-05-29,11000000.0
212862,2025-06-08,18000000.0
213368,2025-06-05,600000.0
213854,2025-06-01,500000.0
213875,2025-06-23,350000.0
214056,2025-04-03,2500000.0
214104,2025-06-17,175000.0
214467,2025-06-24,50000.0
214532,2025-06-02,200000.0
214666,2025-05-26,4500000.0
214775,2025-05-25,4000000.0
215167,2025-06-01,400000.0
215686,2025-04-03,800000.0
215864,2025-05-22,2000000.0
215876,2025-05-29,4500000.0
216499,2023-11-12,0.0
216870,2025-06-23,1800000.0
217111,2025-05-27,4500000.0
217115,2025-06-02,8000000.0
217144,2025-06-23,2200000.0
217149,2025-06-24,100000.0
218118,2025-06-05,700000.0
218299,2025-06-16,900000.0
220656,2025-06-05,300000.0
220755,2025-06-17,300000.0
220793,2025-06-03,9000000.0
221025,2025-06-02,6000000.0
221150,2025-06-08,1800000.0
221151,2025-06-18,125000.0
221295,2025-06-05,350000.0
221321,2025-06-04,1200000.0
221611,2025-05-27,3000000.0
222805,2025-06-03,6000000.0
223068,2025-05-01,100000.0
223560,2025-06-05,2000000.0
223572,2025-06-18,350000.0
223720,2025-06-25,450000.0
223725,2025-06-08,1500000.0
223781,2022-10-03,0.0
225462,2024-11-18,0.0
225873,2025-06-16,1800000.0
226073,2025-06-17,1800000.0
226155,2025-05-27,900000.0
226262,2024-03-06,0.0
226276,2018-09-03,0.0
226524,2025-06-16,3000000.0
227039,2025-05-27,1300000.0
227085,2025-06-10,150000.0
227087,2025-06-10,250000.0
227240,2023-01-16,0.0
227356,2017-06-02,0.0
227961,2025-06-08,400000.0
228370,2025-05-07,200000.0
228434,2025-01-19,0.0
228604,2025-06-18,300000.0
228900,2022-10-03,0.0
229007,2025-06-09,800000.0
229604,2025-06-02,8000000.0
229798,2023-06-28,0.0
229815,2025-04-03,100000.0
229817,2025-06-17,1900000.0
230066,2025-05-25,150000.0
230541,2025-05-28,900000.0
230552,2025-06-03,2000000.0
230746,2025-06-17,750000.0
230818,2025-06-10,250000.0
231916,2025-05-15,300000.0
232376,2025-06-10,175000.0
232577,2025-06-15,200000.0
232859,2025-06-09,250000.0
233654,2025-06-18,100000.0
234193,2025-06-11,1800000.0
234807,2025-08-29,200000.0
235412,2025-05-26,1200000.0
235923,2025-06-01,250000.0
236471,2025-06-17,2200000.0
236734,2025-06-01,375000.0
236956,2025-06-08,500000.0
237000,2024-02-29,0.0
237113,2025-05-01,350000.0
237162,2025-06-18,1000000.0
237658,2025-06-16,7500000.0
237666,2025-06-18,1000000.0
237669,2025-06-09,5000000.0
237732,2025-06-10,150000.0
238032,2025-06-24,200000.0
238185,2025-06-17,700000.0
238291,2025-04-03,50000.0
238537,2025-06-16,3500000.0
238541,2025-06-23,50000.0
238752,2025-06-16,900000.0
238953,2022-10-03,0.0
238980,2025-06-18,100000.0
238989,2025-06-18,100000.0
238992,2025-06-18,150000.0
239576,2019-06-25,0.0
239583,2022-10-03,0.0
239934,2025-06-05,1000000.0
240077,2024-09-15,0.0
240157,2025-06-18,500000.0
240244,2025-06-18,100000.0
240252,2025-06-03,300000.0
240357,2025-06-18,500000.0
240675,2025-06-16,400000.0
240786,2025-06-18,100000.0
240799,2025-06-18,50000.0
240897,2025-06-01,700000.0
240934,2025-06-01,1200000.0
241052,2025-06-01,800000.0
241231,2022-10-03,0.0
241391,2025-05-25,7000000.0
241641,2025-05-29,38000000.0
242063,2025-06-16,8000000.0
242078,2025-06-01,1400000.0
242082,2025-06-04,200000.0
242086,2025-06-04,27000000.0
242295,2025-06-24,250000.0
242359,2025-06-08,3500000.0
242537,2025-06-18,125000.0
242548,2025-05-28,1500000.0
242681,2025-05-26,200000.0
242813,2025-06-05,600000.0
242827,2018-09-30,0.0
243541,2025-06-05,500000.0
243589,2025-06-17,350000.0
243591,2025-05-26,450000.0
243760,2025-06-08,1000000.0
243819,2025-05-14,50000.0
243856,2025-06-09,1500000.0
243879,2025-06-01,2400000.0
244930,2025-06-24,500000.0
244940,2025-06-04,4000000.0
245014,2025-06-17,3000000.0
245072,2025-06-09,650000.0
245078,2025-06-11,3000000.0
245744,2025-06-08,2500000.0
247247,2025-05-14,50000.0
247459,2025-06-09,1000000.0
247555,2025-06-02,3000000.0
248054,2025-06-03,6000000.0
248349,2025-06-08,700000.0
248732,2025-06-16,2500000.0
249126,2025-05-29,9000000.0
249246,2019-06-13,0.0
249513,2025-06-08,1200000.0
249552,2025-06-11,450000.0
249685,2013-06-30,0.0
249730,2025-06-16,4000000.0
250013,2025-06-02,5000000.0
250030,2025-04-03,300000.0
250426,2025-05-26,12000000.0
250921,2025-06-01,300000.0
251680,2025-05-22,1300000.0
251848,2025-06-23,1500000.0
251860,2025-06-24,100000.0
251877,2025-06-23,800000.0
251896,2025-06-08,1000000.0
252345,2025-05-28,1300000.0
252667,2025-06-23,800000.0
252779,2022-10-03,0.0
253125,2025-03-10,200000.0
253267,2025-01-29,0.0
253316,2025-06-01,150000.0
253765,2025-05-26,1800000.0
254036,2025-05-22,400000.0
254039,2025-06-24,150000.0
254476,2022-10-03,0.0
254903,2020-02-04,0.0
255220,2024-05-31,0.0
255284,2025-01-24,0.0
255322,2025-05-26,300000.0
255488,2025-06-08,7000000.0
255495,2025-06-23,700000.0
255496,2025-06-24,100000.0
256178,2025-05-29,20000000.0
256358,2025-06-08,3000000.0
256361,2025-06-01,900000.0
256977,2025-05-26,5500000.0
257118,2025-06-18,275000.0
257376,2025-06-08,800000.0
257448,2025-05-22,3000000.0
257660,2025-06-01,325000.0
257732,2025-06-16,12000000.0
257751,2025-06-01,800000.0
257813,2025-06-24,50000.0
258027,2025-05-29,3000000.0
258216,2025-05-26,1000000.0
258254,2025-06-05,1000000.0
258475,2025-06-23,1000000.0
258653,2025-04-03,200000.0
258883,2025-06-18,2500000.0
258912,2025-06-02,350000.0
258919,2025-05-29,20000000.0
259135,2025-06-10,250000.0
261611,2025-06-23,175000.0
261905,2025-06-16,4500000.0
262226,2025-05-29,13000000.0
262689,2025-06-16,250000.0
262749,2025-05-29,40000000.0
262939,2025-06-08,2000000.0
263236,2025-05-29,25000000.0
263804,2025-09-11,5500000.0
263843,2025-06-12,1200000.0
263860,2025-05-29,2500000.0
263862,2025-06-24,100000.0
264140,2025-06-11,700000.0
264199,2022-10-03,0.0
265077,2024-09-24,0.0
265078,2025-06-16,6000000.0
265087,2023-06-27,0.0
265088,2025-06-16,30000000.0
265132,2025-06-24,150000.0
265254,2025-06-09,300000.0
265398,2025-04-03,100000.0
265763,2025-06-11,900000.0
131561,2025-06-22,100000.0
131589,2025-04-03,150000.0
131667,2023-03-06,0.0
131694,2025-06-24,375000.0
131709,2025-05-07,25000.0
131978,2025-05-29,6000000.0
132214,2025-06-18,900000.0
133089,2024-01-23,0.0
133794,2025-05-29,400000.0
134098,2023-12-31,0.0
134270,2025-05-29,6000000.0
134369,2024-02-19,0.0
134414,2025-04-03,200000.0
134497,2024-09-26,0.0
134712,2024-03-06,0.0
135057,2025-06-05,1000000.0
135490,2025-05-22,150000.0
135492,2025-06-08,1800000.0
135560,2025-06-29,25000.0
135617,2025-05-27,3000000.0
135747,2025-06-01,350000.0
135748,2024-03-06,0.0
136054,2023-10-24,0.0
136133,2025-04-03,50000.0
136181,2025-06-18,600000.0
137162,2023-09-22,0.0
137174,2025-06-24,50000.0
137669,2025-05-22,200000.0
137841,2025-04-03,0.0
138049,2023-10-18,0.0
138055,2025-06-02,2000000.0
138127,2024-06-26,0.0
138171,2025-07-15,0.0
138392,2025-06-09,50000.0
138800,2020-11-04,0.0
139304,2025-06-04,1300000.0
139449,2025-04-10,0.0
139607,2025-04-03,300000.0
139634,2022-06-13,0.0
140436,2025-06-18,700000.0
140561,2023-03-06,0.0
140579,2025-04-03,350000.0
140678,2025-06-17,100000.0
141050,2025-05-26,4500000.0
141349,2023-10-18,0.0
141655,2023-12-31,0.0
141761,2016-06-05,0.0
142022,2025-05-01,250000.0
142370,2025-06-09,100000.0
143029,2025-06-11,650000.0
143424,2025-06-17,2100000.0
144028,2025-05-29,22000000.0
144303,2025-05-28,1200000.0
145581,2025-04-03,50000.0
145602,2025-03-21,0.0
145769,2024-09-16,0.0
145922,2022-06-30,0.0
146096,2025-09-05,75000.0
146143,2025-06-02,700000.0
146509,2025-05-29,800000.0
146844,2025-06-19,125000.0
147034,2025-05-29,400000.0
147043,2025-05-26,800000.0
147049,2025-06-18,175000.0
147078,2025-05-22,350000.0
148123,2024-08-14,0.0
148153,2025-05-29,6000000.0
148355,2025-05-22,1800000.0
148368,2025-06-18,1000000.0
148376,2025-06-15,300000.0
148538,2025-05-26,100000.0
148666,2025-06-23,100000.0
148734,2025-06-16,50000.0
148754,2024-01-23,0.0
148955,2024-12-25,0.0
149231,2025-06-23,350000.0
149237,2024-07-10,0.0
149239,2025-04-03,150000.0
149577,2025-06-05,600000.0
149579,2025-06-23,600000.0
149752,2025-06-05,700000.0
149928,2025-06-02,2500000.0
152241,2025-06-10,225000.0
152460,2025-06-04,300000.0
153198,2025-06-10,225000.0
153427,2025-06-24,400000.0
153667,2025-06-05,300000.0
154059,2023-06-30,0.0
154147,2025-06-04,1500000.0
155755,2022-10-03,0.0
156779,2025-06-04,1800000.0
156814,2024-07-10,0.0
156840,2024-03-06,0.0
156934,2025-06-18,650000.0
156990,2025-06-04,12000000.0
157368,2025-05-26,500000.0
157373,2025-06-09,600000.0
157495,2025-06-09,1000000.0
157500,2025-06-12,175000.0
157507,2025-06-16,2000000.0
158049,2024-08-14,0.0
158057,2025-06-23,800000.0
158791,2025-06-23,200000.0
158849,2021-06-30,0.0
159037,2025-06-10,100000.0
159153,2023-08-31,0.0
159337,2025-06-18,250000.0
159773,2025-06-11,350000.0
160380,2025-05-28,500000.0
160471,2025-07-20,100000.0
160506,2025-06-08,1200000.0
160670,2025-05-07,150000.0
160671,2025-06-23,250000.0
160736,2025-06-09,400000.0
160910,2022-10-03,0.0
161011,2025-06-17,5000000.0
161057,2025-06-04,350000.0
161060,2025-06-24,175000.0
161251,2025-06-24,50000.0
161549,2025-06-08,300000.0
161851,2017-05-21,0.0
162063,2025-06-23,400000.0
162074,2025-04-03,250000.0
162952,2025-06-18,200000.0
162957,2023-03-21,0.0
162961,2025-06-01,500000.0
163223,2025-05-14,75000.0
163240,2024-02-19,0.0
163372,2017-06-29,0.0
163443,2025-06-08,100000.0
163568,2025-06-01,450000.0
163656,2025-05-28,2800000.0
164231,2025-06-09,100000.0
164265,2025-06-02,150000.0
164292,2025-05-28,400000.0
164351,2012-06-24,25000.0
164477,2024-06-05,0.0
164897,2023-11-12,0.0
164904,2025-06-01,800000.0
164937,2023-10-18,0.0
165351,2024-09-26,0.0
165381,2025-06-04,600000.0
165400,2025-03-13,0.0
165531,2025-06-18,300000.0
165724,2024-02-19,0.0
165793,2025-06-02,15000000.0
165900,2025-06-18,25000.0
166630,2024-06-30,0.0
167329,2025-06-04,5000000.0
167342,2025-06-09,900000.0
167393,2025-06-17,400000.0
167791,2025-03-20,0.0
167799,2025-06-02,20000000.0
167830,2025-04-03,0.0
167850,2025-09-04,9000000.0
168337,2025-06-16,450000.0
168471,2025-06-30,0.0
168797,2025-06-22,150000.0
168933,2025-06-09,750000.0
168959,2025-06-04,800000.0
169090,2025-04-03,0.0
169533,2024-02-19,0.0
169555,2025-05-26,600000.0
169687,2025-05-22,175000.0
169880,2025-06-16,12000000.0
170459,2022-06-30,0.0
170460,2024-09-26,0.0
170463,2025-05-26,1500000.0
170471,2025-05-28,350000.0
170472,2025-06-08,1500000.0
170485,2024-05-29,0.0
170521,2024-09-26,0.0
170838,2025-06-17,2000000.0
170905,2025-06-18,100000.0
170911,2025-06-02,1000000.0
170966,2025-05-28,300000.0
170984,2024-09-26,0.0
171234,2024-03-06,0.0
171336,2025-01-09,0.0
171362,2025-06-23,600000.0
171408,2025-06-01,200000.0
171557,2023-03-06,0.0
172333,2025-06-04,400000.0
173750,2025-06-01,350000.0
173832,2020-09-11,0.0
174086,2023-10-26,0.0
174733,2025-05-22,2000000.0
174859,2025-06-24,50000.0
175323,2025-06-11,225000.0
175709,2025-05-29,100000.0
175884,2018-02-15,0.0
175914,2025-06-24,25000.0
175961,2025-09-07,750000.0
175996,2025-06-04,800000.0
176133,2024-09-24,0.0
176182,2025-06-01,250000.0
176298,2025-08-03,0.0
177046,2025-05-25,2800000.0
177065,2025-06-24,300000.0
177779,2025-06-04,2500000.0
177781,2023-10-18,0.0
177843,2025-06-01,8000000.0
177847,2025-06-08,1200000.0
177907,2025-05-29,13000000.0
178459,2025-06-18,3500000.0
179451,2025-06-29,200000.0
179634,2025-06-08,450000.0
179757,2025-06-09,300000.0
181382,2025-06-02,3000000.0
181579,2025-05-29,8000000.0
181619,2025-06-01,250000.0
181768,2025-06-16,1600000.0
181781,2025-05-25,2000000.0
182618,2025-05-22,1000000.0
182712,2025-05-26,15000000.0
182752,2025-06-10,175000.0
182923,2025-04-03,1500000.0
182932,2025-05-27,3500000.0
182962,2016-05-22,0.0
182963,2024-09-23,0.0
183299,2025-05-26,1600000.0
183302,2025-05-26,1000000.0
183720,2025-05-26,1200000.0
183780,2025-06-18,900000.0
183845,2025-06-01,250000.0
183966,2013-01-02,0.0
184145,2022-10-03,0.0
184575,2025-03-20,0.0
184672,2025-06-01,350000.0
184766,2022-10-03,0.0
184816,2025-06-02,800000.0
184922,2025-05-25,100000.0
185245,2025-06-03,12000000.0
185401,2025-05-29,125000.0
186186,2025-05-29,2500000.0
186260,2025-09-11,1200000.0
186368,2025-06-16,4500000.0
186393,2024-09-24,0.0
186557,2023-06-30,0.0
186862,2025-05-26,600000.0
186901,2025-05-26,3000000.0
186988,2025-06-18,450000.0
187392,2023-04-18,0.0
188157,2025-06-01,150000.0
188651,2025-06-12,500000.0
188915,2025-05-28,1000000.0
189283,2025-06-11,275000.0
190634,2025-06-08,200000.0
190685,2025-04-03,700000.0
190780,2018-12-16,16000000.0
190831,2025-06-17,1000000.0
191866,2024-03-06,0.0
192169,2025-06-04,1500000.0
192279,2025-05-29,10000000.0
192635,2025-06-04,8000000.0
192735,2025-06-16,25000000.0
192875,2025-05-26,1500000.0
193098,2025-05-29,7000000.0
193593,2025-05-29,550000.0
193861,2025-06-16,50000.0
193867,2025-06-16,2000000.0
194638,2025-06-09,900000.0
195051,2025-06-10,250000.0
195171,2025-05-13,450000.0
195246,2025-06-04,2000000.0
195488,2025-06-08,2500000.0
196522,2025-06-30,0.0
196722,2025-05-29,400000.0
196793,2025-06-04,1500000.0
196829,2025-05-27,6000000.0
197122,2025-06-08,800000.0
197128,2025-06-24,100000.0
197300,2025-06-04,3500000.0
197545,2024-11-10,0.0
197578,2025-06-24,50000.0
197751,2025-06-01,1000000.0
197791,2025-06-29,150000.0
197830,2025-06-17,450000.0
198067,2025-05-28,550000.0
198087,2025-06-01,300000.0
198116,2025-06-16,50000000.0
198473,2025-03-17,0.0
198474,2025-05-25,150000.0
198529,2025-03-13,0.0
198589,2025-05-26,1200000.0
198859,2025-06-05,1000000.0
199086,2016-06-29,0.0
199221,2025-06-17,350000.0
199268,2025-05-27,750000.0
199325,2025-06-23,1000000.0
199330,2025-06-24,150000.0
199348,2025-06-15,300000.0
199369,2025-06-08,2500000.0
199633,2025-06-15,50000.0
199726,2013-03-23,0.0
199976,2025-06-16,1000000.0
200056,2025-06-16,1500000.0
200194,2024-02-19,0.0
200612,2025-06-24,100000.0
201497,2025-06-15,100000.0
201574,2025-05-26,2200000.0
202228,2025-06-04,3000000.0
203043,2025-06-23,450000.0
203123,2025-06-04,2500000.0
203394,2025-05-29,18000000.0
203460,2025-05-29,28000000.0
203470,2025-07-17,200000.0
203617,2024-07-18,0.0
203764,2025-07-18,0.0
204198,2025-05-27,1800000.0
205006,2025-05-27,3000000.0
205519,2024-09-26,0.0
205550,2025-06-11,800000.0
205927,2025-06-17,9000000.0
206386,2025-05-22,2700000.0
207014,2025-05-29,7000000.0
207742,2025-05-26,800000.0
207924,2025-04-03,125000.0
207929,2025-06-16,2000000.0
207943,2022-12-31,0.0
208166,2025-05-22,3000000.0
208379,2025-05-29,1000000.0
208690,2025-06-17,1100000.0
209048,2020-09-15,0.0
209513,2025-05-25,1000000.0
209781,2023-11-22,0.0
210153,2025-03-13,0.0
210178,2025-06-16,3500000.0
210202,2020-08-16,0.0
210363,2025-05-28,1300000.0
213260,2025-06-08,2000000.0
213268,2025-05-27,1500000.0
213670,2025-06-08,3000000.0
215089,2025-09-09,0.0
215114,2025-06-11,1500000.0
215118,2025-05-26,1800000.0
216118,2024-09-26,0.0
216181,2025-06-18,600000.0
216464,2025-06-23,1000000.0
216508,2019-09-27,0.0
216599,2025-06-16,500000.0
216872,2025-06-16,1000000.0
217718,2025-06-10,125000.0
217728,2025-03-13,0.0
218087,2025-05-26,750000.0
218144,2025-06-16,200000.0
218306,2025-06-01,500000.0
220491,2025-06-29,225000.0
220686,2025-09-03,750000.0
221309,2025-06-23,500000.0
221624,2025-06-04,2000000.0
221659,2014-04-16,0.0
221873,2025-06-04,1800000.0
221899,2025-06-23,1000000.0
221984,2025-06-24,100000.0
221992,2025-06-03,800000.0
222859,2025-06-02,1200000.0
222905,2018-03-19,0.0
223967,2025-06-04,25000000.0
223972,2025-06-15,2500000.0
223974,2025-06-16,8000000.0
223979,2025-06-04,10000000.0
224774,2025-06-18,750000.0
225055,2025-06-09,700000.0
225122,2025-05-29,11000000.0
225593,2025-06-08,1200000.0
225874,2025-06-05,200000.0
225984,2025-09-04,12000000.0
226006,2025-06-23,200000.0
226009,2023-04-20,0.0
226049,2025-05-26,3500000.0
226058,2025-06-08,250000.0
226074,2025-05-27,1000000.0
226093,2025-06-01,550000.0
226259,2014-08-03,0.0
226450,2025-09-07,450000.0
226968,2021-12-31,0.0
227078,2025-06-10,400000.0
227084,2025-06-04,3000000.0
227102,2025-06-18,5000000.0
227185,2024-12-31,0.0
227511,2025-05-27,350000.0
227805,2025-09-07,0.0
227974,2025-06-10,450000.0
228584,2025-05-15,50000.0
228999,2025-06-16,450000.0
229005,2025-05-27,5000000.0
229006,2025-06-04,12000000.0
229804,2025-06-08,3000000.0
230221,2023-09-20,0.0
230222,2025-06-23,500000.0
231614,2025-06-05,2500000.0
232320,2025-06-04,12000000.0
232895,2025-06-02,1000000.0
232964,2025-05-26,1000000.0
233072,2025-06-24,100000.0
233420,2025-06-10,350000.0
233782,2025-05-27,4000000.0
235371,2025-06-10,150000.0
236045,2025-06-04,8000000.0
236490,2025-05-29,22000000.0
236513,2021-06-30,0.0
236966,2025-06-04,600000.0
237226,2025-06-18,2000000.0
237466,2022-01-20,0.0
237499,2025-06-08,300000.0
237843,2025-06-09,200000.0
238584,2025-06-01,150000.0
238585,2025-06-16,250000.0
238627,2025-05-25,150000.0
238630,2025-04-03,350000.0
238635,2025-06-01,100000.0
238639,2025-06-04,2000000.0
238716,2025-06-01,700000.0
238720,2025-06-16,200000.0
238722,2025-06-18,1000000.0
238809,2025-06-17,1500000.0
238868,2025-06-08,1200000.0
238947,2025-06-01,100000.0
238950,2025-06-01,500000.0
238951,2025-06-18,350000.0
238981,2025-06-18,300000.0
239099,2025-06-01,1400000.0
239584,2025-05-14,100000.0
239743,2025-06-17,7000000.0
240039,2025-04-03,75000.0
240158,2025-06-01,800000.0
240190,2025-06-01,200000.0
240219,2025-06-01,500000.0
240306,2025-05-29,50000000.0
240349,2024-09-22,0.0
240400,2025-06-18,250000.0
240408,2025-06-24,350000.0
240415,2025-06-18,200000.0
240670,2020-02-04,0.0
240900,2025-06-01,800000.0
240955,2025-05-14,50000.0
241076,2025-06-16,1400000.0
241229,2025-06-02,1500000.0
241501,2025-06-15,2000000.0
241527,2025-06-01,1000000.0
241889,2025-06-01,300000.0
242089,2025-06-16,3000000.0
242287,2025-06-24,350000.0
242497,2025-05-28,700000.0
242532,2025-05-22,300000.0
242631,2025-05-29,28000000.0
242632,2025-05-26,5000000.0
242965,2025-02-26,50000.0
243606,2025-05-28,650000.0
243668,2019-11-02,0.0
244125,2025-06-17,175000.0
244491,2025-06-01,400000.0
244945,2025-06-22,75000.0
245585,2025-06-17,250000.0
245625,2025-05-29,1000000.0
245893,2025-06-04,2200000.0
246277,2024-01-05,0.0
246291,2025-06-08,6000000.0
246335,2025-06-23,1200000.0
246877,2025-06-05,125000.0
246963,2025-05-26,5500000.0
247300,2020-07-07,0.0
247366,2025-06-24,100000.0
247377,2025-06-01,750000.0
247906,2024-03-06,0.0
248045,2025-05-26,600000.0
248333,2025-05-14,50000.0
248395,2025-05-27,2500000.0
248870,2024-06-30,0.0
249068,2025-04-03,0.0
249157,2025-06-04,3500000.0
249303,2025-06-11,2500000.0
249356,2025-05-26,2800000.0
249565,2025-05-29,38000000.0
249873,2025-06-17,400000.0
250478,2025-05-29,5000000.0
251302,2025-06-04,3500000.0
251303,2025-06-04,2500000.0
251664,2025-05-26,25000000.0
251676,2025-06-05,800000.0
251846,2025-06-24,200000.0
251883,2024-09-24,0.0
251897,2025-06-08,1200000.0
251912,2025-05-26,1000000.0
252641,2025-05-22,1000000.0
252755,2025-05-01,800000.0
253341,2025-05-26,3500000.0
254016,2019-06-30,0.0
254037,2025-06-23,800000.0
255294,2025-06-18,1500000.0
255450,2025-06-04,9000000.0
255473,2025-05-28,2300000.0
255508,2025-06-08,15000000.0
255570,2025-06-24,150000.0
255653,2025-04-03,0.0
255731,2025-05-29,2000000.0
255901,2025-09-11,20000000.0
255904,2025-06-24,200000.0
255906,2025-06-08,4000000.0
256267,2025-06-08,5000000.0
256339,2025-06-01,3200000.0
256567,2025-06-11,2000000.0
256773,2025-05-26,2000000.0
257097,2025-06-17,2500000.0
257805,2025-05-26,2500000.0
257814,2025-06-04,40000000.0
258039,2025-06-02,5000000.0
258188,2025-04-03,125000.0
258199,2025-08-31,0.0
258374,2025-04-03,250000.0
126768,2019-05-10,0.0
127032,2025-04-03,1500000.0
127040,2023-03-06,0.0
127074,2025-05-28,450000.0
127126,2020-06-27,0.0
127128,2022-06-30,0.0
127143,2023-10-18,0.0
127181,2025-06-02,1500000.0
127187,2025-05-29,7000000.0
127192,2025-05-25,75000.0
127194,2025-06-26,150000.0
127202,2025-05-29,7000000.0
127217,2025-06-16,50000.0
127573,2025-06-04,1800000.0
127802,2016-11-04,0.0
128220,2025-05-27,7000000.0
128816,2025-06-24,100000.0
128895,2025-05-26,300000.0
128912,2025-07-10,0.0
128969,2025-06-02,2500000.0
129062,2025-04-03,400000.0
129129,2025-05-26,1800000.0
129248,2020-06-17,0.0
129476,2025-04-03,800000.0
129515,2025-06-30,0.0
129543,2025-06-08,75000.0
129586,2025-06-11,3000000.0
129592,2025-05-27,6000000.0
129674,2025-06-01,2400000.0
129679,2025-05-15,200000.0
129688,2025-05-28,250000.0
129693,2025-05-28,400000.0
130227,2025-06-09,100000.0
130324,2025-06-18,225000.0
130347,2018-10-21,0.0
130349,2023-09-19,0.0
130360,2025-06-01,1500000.0
130388,2024-03-18,0.0
130925,2020-07-07,0.0
131075,2025-06-16,3000000.0
131101,2025-05-25,800000.0
131731,2025-06-17,550000.0
131827,2025-06-17,800000.0
131918,2022-10-03,0.0
131996,2025-05-27,8000000.0
132056,2017-07-12,0.0
132207,2025-06-16,300000.0
132239,2023-03-06,0.0
133179,2025-06-16,5000000.0
134037,2013-06-30,0.0
134294,2025-05-29,6000000.0
134350,2019-09-27,0.0
134416,2023-10-18,0.0
134424,2025-06-17,250000.0
134983,2025-06-01,300000.0
135213,2025-01-29,0.0
135853,2025-06-01,1000000.0
136308,2025-06-22,100000.0
136368,2022-10-03,0.0
136401,2025-05-29,1500000.0
136501,2025-06-29,125000.0
136610,2025-06-24,125000.0
136647,2025-05-22,300000.0
137114,2018-02-15,0.0
137293,2015-04-10,0.0
138052,2019-06-20,0.0
138144,2025-06-24,25000.0
138295,2025-06-18,250000.0
138584,2025-05-26,300000.0
138655,2025-06-18,25000.0
138803,2025-06-23,300000.0
139173,2024-02-15,0.0
139279,2025-06-02,400000.0
139294,2012-07-27,0.0
139336,2025-05-29,1000000.0
139440,2025-05-12,25000.0
139535,2024-10-26,0.0
139620,2018-05-15,0.0
139859,2025-06-24,25000.0
139895,2024-06-30,0.0
141350,2025-05-26,500000.0
141650,2023-03-06,0.0
141762,2023-11-12,0.0
141803,2018-02-15,0.0
141828,2024-09-23,0.0
142019,2025-06-24,200000.0
142023,2025-05-29,300000.0
142027,2025-06-24,150000.0
142033,2025-06-01,400000.0
142310,2025-05-29,1500000.0
143039,2025-06-09,200000.0
143559,2025-06-08,800000.0
143851,2024-09-26,0.0
143891,2025-06-04,800000.0
145466,2025-06-04,300000.0
145707,2025-09-04,3000000.0
145866,2025-05-28,1300000.0
145988,2025-06-04,5000000.0
146099,2025-06-24,200000.0
146164,2025-05-28,1200000.0
146310,2025-05-29,8000000.0
146373,2025-05-25,250000.0
146488,2019-09-27,0.0
146494,2025-06-17,75000.0
146660,2025-06-18,175000.0
146690,2024-09-25,2000000.0
146714,2025-06-16,500000.0
146854,2025-05-15,2000000.0
147038,2025-03-20,0.0
147051,2025-06-01,3000000.0
147232,2025-06-24,100000.0
147462,2025-05-22,800000.0
147483,2024-06-30,0.0
147487,2025-06-17,1200000.0
148004,2025-06-18,550000.0
148096,2025-06-10,350000.0
148262,2025-05-26,200000.0
148928,2025-06-08,3000000.0
149446,2025-05-15,350000.0
149498,2025-06-17,1000000.0
149518,2025-06-01,200000.0
149729,2025-06-17,2100000.0
149829,2025-06-02,1500000.0
151470,2025-04-03,0.0
152317,2024-06-30,0.0
152733,2025-06-17,850000.0
153238,2025-05-13,600000.0
153555,2025-06-23,250000.0
153664,2024-12-12,2500000.0
154209,2025-04-03,75000.0
155025,2025-05-28,3000000.0
155972,2022-10-03,0.0
156489,2015-06-30,0.0
156501,2024-06-30,0.0
156521,2025-06-15,200000.0
156715,2025-06-18,300000.0
156799,2022-10-03,0.0
156848,2025-04-03,0.0
157490,2024-10-15,250000.0
157501,2025-06-01,1000000.0
157635,2025-06-04,5000000.0
158071,2024-10-12,0.0
158471,2013-06-04,0.0
158474,2019-09-17,0.0
158703,2023-10-18,0.0
158718,2025-06-29,100000.0
158792,2025-06-24,100000.0
158816,2025-06-16,250000.0
159142,2025-05-29,100000.0
159239,2025-06-18,550000.0
159622,2025-04-03,100000.0
159844,2025-06-04,500000.0
160217,2025-06-29,500000.0
160269,2020-01-03,0.0
160285,2025-06-23,300000.0
160357,2025-06-01,350000.0
160561,2025-06-30,0.0
160567,2022-02-16,0.0
160668,2025-06-01,1000000.0
160825,2023-06-19,0.0
160943,2025-05-29,250000.0
160963,2025-06-04,4000000.0
160971,2025-06-04,400000.0
161327,2025-05-14,175000.0
162036,2025-06-24,200000.0
162043,2025-07-07,0.0
162569,2025-06-04,2000000.0
162653,2020-06-30,0.0
163048,2025-06-16,500000.0
163062,2025-05-14,125000.0
163168,2025-05-14,50000.0
163177,2025-05-14,25000.0
163600,2024-01-15,0.0
163744,2025-05-29,1500000.0
164055,2025-06-24,200000.0
164088,2025-05-14,50000.0
164230,2024-03-06,0.0
164277,2025-05-28,400000.0
164534,2025-06-18,200000.0
164770,2024-09-24,0.0
164771,2025-06-02,4000000.0
164816,2023-11-12,0.0
164912,2025-06-24,200000.0
165513,2025-06-16,6000000.0
165895,2025-06-16,10000000.0
166601,2025-06-04,8000000.0
166666,2025-03-13,0.0
166683,2025-06-08,1200000.0
167105,2025-06-15,1800000.0
167189,2025-06-09,100000.0
167254,2025-06-17,275000.0
167444,2025-06-18,400000.0
167685,2025-06-01,300000.0
167859,2025-07-15,0.0
168063,2025-05-22,700000.0
168253,2016-10-16,0.0
168408,2025-06-17,1700000.0
168543,2025-06-18,300000.0
168678,2025-06-04,700000.0
169249,2024-09-30,0.0
169566,2021-09-28,0.0
169801,2025-05-26,500000.0
170344,2025-06-09,200000.0
170487,2023-10-18,0.0
170495,2025-04-03,200000.0
170516,2025-06-23,10000.0
170517,2025-06-10,175000.0
170527,2025-05-29,7000000.0
170929,2025-06-02,1500000.0
170934,2025-06-17,7500000.0
170953,2025-06-17,475000.0
171170,2025-04-03,125000.0
171209,2025-06-18,800000.0
171399,2025-04-03,500000.0
172015,2025-06-08,800000.0
173859,2025-06-16,5000000.0
173900,2025-06-18,400000.0
174304,2023-06-30,0.0
174694,2025-05-29,2000000.0
174915,2025-06-11,500000.0
175014,2025-06-02,1700000.0
175451,2024-07-31,0.0
175921,2025-06-24,50000.0
176285,2022-10-06,0.0
176514,2025-06-05,250000.0
176591,2021-06-30,0.0
176610,2024-09-24,0.0
176936,2025-05-22,400000.0
177321,2023-03-06,0.0
177913,2019-05-24,0.0
178313,2025-06-02,2000000.0
178614,2025-09-08,200000.0
179184,2025-06-04,4000000.0
179408,2023-10-18,0.0
179643,2025-05-22,500000.0
179895,2025-06-08,300000.0
180805,2025-06-01,300000.0
180825,2024-02-19,0.0
181112,2025-06-05,500000.0
181136,2025-06-16,10000000.0
181376,2024-03-06,0.0
181547,2025-06-05,1000000.0
181554,2025-04-03,150000.0
181767,2025-06-02,35000000.0
181783,2025-06-17,800000.0
182312,2022-10-03,0.0
182381,2024-02-28,0.0
182579,2025-05-28,1500000.0
182581,2025-06-17,1300000.0
182660,2025-05-07,175000.0
182813,2023-10-18,0.0
182823,2025-05-25,250000.0
182875,2025-06-02,3500000.0
182877,2025-05-22,7500000.0
182894,2025-06-09,2000000.0
182913,2025-06-02,25000000.0
183161,2021-08-15,0.0
183284,2024-09-26,0.0
183288,2025-05-29,12000000.0
184129,2025-05-26,600000.0
184381,2022-06-30,0.0
184398,2025-06-16,70000.0
184528,2025-05-29,2000000.0
184573,2025-05-29,8000000.0
184767,2025-06-23,200000.0
184894,2025-06-16,1400000.0
185077,2025-06-04,6000000.0
185593,2025-06-09,2000000.0
185699,2025-06-04,600000.0
186477,2025-06-18,500000.0
186590,2025-05-29,25000000.0
187047,2025-05-22,700000.0
187105,2025-05-27,1000000.0
187492,2025-06-04,25000000.0
187496,2025-06-10,350000.0
187530,2025-06-05,1200000.0
187587,2025-06-16,1000000.0
187759,2024-09-26,0.0
188338,2025-06-15,250000.0
188436,2025-06-01,300000.0
189070,2025-06-02,600000.0
189441,2025-05-25,6000000.0
189453,2025-05-28,550000.0
189485,2025-05-27,2500000.0
189740,2025-06-29,500000.0
189940,2024-09-26,0.0
190280,2025-06-02,600000.0
191217,2025-06-08,2000000.0
191614,2025-06-17,10000000.0
191895,2025-06-05,300000.0
191987,2025-04-03,500000.0
192009,2025-06-08,2500000.0
192080,2025-05-29,8000000.0
192266,2025-06-10,450000.0
192492,2025-06-02,1500000.0
192616,2025-06-02,5000000.0
192886,2022-10-03,0.0
193004,2025-06-04,18000000.0
193033,2025-06-04,17000000.0
193050,2025-06-10,200000.0
193116,2025-05-29,16000000.0
193142,2025-05-25,200000.0
193515,2020-07-07,0.0
193830,2025-06-12,2700000.0
193900,2025-06-04,3000000.0
194460,2025-05-26,800000.0
194549,2025-06-01,400000.0
195199,2025-05-14,75000.0
195652,2023-10-18,0.0
195736,2025-06-08,2000000.0
195781,2025-06-10,325000.0
195782,2025-06-18,400000.0
195954,2025-04-03,0.0
196139,2025-06-18,3000000.0
196813,2025-06-04,4500000.0
196834,2025-06-18,500000.0
196948,2025-06-08,12000000.0
196978,2025-06-11,250000.0
197470,2025-06-01,700000.0
197474,2025-06-18,175000.0
197576,2025-06-23,400000.0
197642,2025-06-02,7000000.0
197693,2025-05-26,2800000.0
197838,2025-05-29,1000000.0
198015,2025-05-22,750000.0
198400,2025-06-30,0.0
198873,2024-06-30,0.0
199084,2022-10-03,0.0
199088,2025-05-14,50000.0
199299,2025-06-05,250000.0
199704,2025-06-02,400000.0
199749,2020-03-16,0.0
199941,2025-06-18,150000.0
200320,2024-09-26,0.0
200615,2025-05-14,50000.0
200616,2025-06-05,700000.0
201311,2025-06-17,1200000.0
201656,2018-12-08,0.0
201734,2025-06-18,200000.0
201737,2025-06-02,1000000.0
202838,2025-06-10,225000.0
202977,2025-05-14,25000.0
203348,2025-06-02,2000000.0
203378,2025-05-27,175000.0
203496,2025-05-28,7000000.0
203504,2025-06-01,500000.0
203507,2025-06-02,400000.0
203655,2025-06-17,300000.0
203746,2025-06-02,3500000.0
203773,2025-06-17,700000.0
203853,2025-05-29,20000000.0
203938,2025-05-27,3500000.0
203981,2025-06-22,275000.0
204103,2025-05-29,9000000.0
204195,2024-03-06,0.0
204354,2024-09-26,0.0
205393,2020-06-27,0.0
205465,2025-06-02,100000.0
205497,2019-01-24,0.0
205646,2020-02-20,0.0
205809,2025-05-28,500000.0
205940,2025-06-08,2700000.0
206040,2025-05-29,5000000.0
206947,2025-06-17,1300000.0
207037,2025-04-03,400000.0
207578,2025-06-10,600000.0
207592,2025-05-29,175000.0
207877,2025-06-16,2500000.0
207922,2025-06-23,300000.0
211251,2025-06-08,600000.0
211325,2025-06-17,375000.0
211389,2025-06-19,550000.0
211637,2025-06-02,3000000.0
212718,2025-06-09,550000.0
212804,2025-06-02,600000.0
212829,2023-07-20,0.0
212867,2025-06-24,100000.0
212899,2025-06-18,450000.0
212937,2024-10-13,0.0
214003,2019-10-29,0.0
214113,2020-05-23,0.0
214927,2025-02-20,0.0
215099,2025-05-27,600000.0
215599,2025-06-04,8000000.0
215653,2024-09-26,0.0
215677,2025-06-02,450000.0
215977,2025-06-02,5000000.0
216179,2025-06-16,1000000.0
216426,2024-09-26,0.0
216443,2025-06-17,3000000.0
216569,2025-06-02,10000000.0
216597,2025-06-19,150000.0
217155,2025-06-23,1000000.0
217285,2025-06-10,275000.0
217593,2025-06-01,500000.0
217684,2025-05-21,150000.0
217886,2025-06-05,1200000.0
218067,2025-06-01,600000.0
218140,2025-05-26,700000.0
221076,2021-10-07,0.0
221658,2019-07-03,0.0
221815,2024-03-06,0.0
221958,2025-05-22,3000000.0
221986,2025-06-24,50000.0
222571,2023-06-28,0.0
223053,2025-05-22,200000.0
223215,2025-06-24,150000.0
224088,2025-06-17,2800000.0
224098,2024-09-26,0.0
224884,2025-05-22,2000000.0
225161,2025-05-26,25000000.0
225335,2025-06-26,600000.0
225452,2025-05-26,5000000.0
225459,2025-06-24,100000.0
225616,2019-06-30,0.0
227089,2025-06-18,100000.0
227110,2025-06-11,4000000.0
227183,2025-05-26,1400000.0
227967,2025-06-30,0.0
228444,2025-06-16,900000.0
228761,2025-04-03,0.0
228891,2025-07-20,0.0
228917,2025-05-28,275000.0
228948,2025-06-02,20000000.0
228975,2025-06-18,350000.0
229003,2025-05-25,200000.0
229012,2025-06-01,300000.0
229695,2025-06-17,2000000.0
229812,2025-05-14,325000.0
229853,2025-06-24,800000.0
230140,2025-06-04,2000000.0
230166,2025-06-17,250000.0
230210,2025-07-17,150000.0
230457,2025-05-29,600000.0
230826,2025-06-18,400000.0
230895,2025-06-24,50000.0
231378,2025-06-18,600000.0
231572,2025-05-29,9000000.0
231590,2025-06-10,500000.0
231941,2025-06-01,150000.0
232418,2025-06-16,3500000.0
232463,2025-06-18,600000.0
233124,2025-05-29,1000000.0
233998,2025-06-17,250000.0
234375,2024-09-12,0.0
234509,2025-05-29,25000000.0
234523,2025-06-16,2800000.0
234781,2025-06-16,8000000.0
234803,2025-05-29,18000000.0
234887,2021-04-08,0.0
236041,2025-06-01,1400000.0
236400,2025-06-17,2000000.0
236496,2024-09-26,0.0
236979,2015-06-30,0.0
236981,2025-06-18,3000000.0
236986,2025-06-10,400000.0
237164,2025-06-04,1000000.0
238266,2025-06-02,7000000.0
238986,2022-10-03,0.0
239570,2025-05-27,200000.0
239962,2025-06-04,7000000.0
240129,2025-06-01,750000.0
240197,2025-06-24,250000.0
240260,2025-06-16,450000.0
240274,2025-06-10,275000.0
240414,2025-06-16,18000000.0
240692,2025-06-08,5000000.0
240889,2025-06-02,600000.0
240892,2025-05-27,250000.0
241119,2025-06-09,500000.0
242280,2020-06-28,0.0
242299,2025-06-24,300000.0
242301,2025-06-23,700000.0
242411,2019-04-06,0.0
242661,2025-06-04,3000000.0
242940,2025-06-16,3000000.0
243028,2025-05-29,9000000.0
243188,2025-06-04,3000000.0
243714,2025-06-04,30000000.0
243744,2025-06-24,400000.0
244130,2025-06-17,150000.0
244175,2025-06-18,50000.0
244192,2025-06-16,1000000.0
244338,2025-06-17,1000000.0
244927,2025-06-18,400000.0
245030,2025-06-03,4000000.0
245034,2025-06-05,4000000.0
245048,2025-06-09,700000.0
245056,2025-05-29,14000000.0
245537,2025-06-02,6000000.0
245805,2023-04-05,0.0
246579,2025-06-05,1500000.0
246968,2025-06-08,10000000.0
247915,2025-06-04,2500000.0
248999,2025-06-04,3000000.0
249089,2025-05-29,15000000.0
249994,2025-05-29,7000000.0
250010,2025-06-18,1500000.0
250153,2025-06-16,2500000.0
250683,2025-06-16,400000.0
250781,2025-06-18,150000.0
251075,2025-06-16,6000000.0
251106,2025-05-29,10000000.0
251845,2025-06-08,1000000.0
251878,2025-06-16,6500000.0
251880,2025-06-24,300000.0
251888,2025-06-24,150000.0
251892,2025-06-08,1000000.0
252677,2025-06-23,500000.0
252686,2025-06-23,100000.0
252688,2023-11-12,0.0
253677,2025-05-29,5000000.0
254934,2025-05-26,500000.0
255461,2025-06-01,300000.0
255729,2025-06-23,300000.0
255755,2025-06-05,4000000.0
255916,2025-09-11,1200000.0
255995,2025-06-05,1200000.0
256008,2025-06-18,900000.0
256120,2025-04-03,350000.0
256448,2025-06-16,15000000.0
256680,2025-05-22,400000.0
256996,2024-09-26,0.0
257455,2025-06-04,30000000.0
257831,2024-09-15,0.0
258004,2025-05-29,65000000.0
258011,2025-06-04,800000.0
258267,2025-06-19,175000.0
262389,2025-05-27,400000.0
262391,2025-06-23,500000.0
262396,2025-06-08,28000000.0
262545,2025-06-16,250000.0
263951,2025-05-27,1000000.0
264220,2025-05-26,1500000.0
264480,2023-07-15,0.0
265209,2025-06-18,600000.0
266359,2025-05-27,7000000.0
266795,2025-06-23,600000.0
267160,2025-06-15,6000000.0
267614,2025-06-18,50000.0
268590,2025-06-12,350000.0
268958,2025-06-22,500000.0
269601,2025-06-02,400000.0
270051,2025-05-26,3000000.0
270171,2025-05-29,20000000.0
270411,2025-06-02,750000.0
270646,2025-05-25,25000.0
270678,2015-01-12,0.0
271451,2025-06-24,250000.0
272619,2024-09-26,0.0
272622,2025-05-29,14000000.0
272638,2025-04-03,250000.0
272640,2025-06-09,800000.0
272644,2025-06-01,200000.0
273738,2025-06-05,1000000.0
274461,2025-06-04,2000000.0
274771,2023-03-06,0.0
274862,2025-06-02,12000000.0
275249,2025-06-02,1800000.0
276566,2024-06-30,0.0
276768,2025-06-01,250000.0
276895,2024-10-15,200000.0
277033,2025-05-29,10000000.0
277093,2023-01-04,0.0
277179,2025-06-16,20000000.0
278323,2025-06-10,150000.0
278531,2025-06-16,4000000.0
278690,2025-06-05,300000.0
279079,2025-06-09,300000.0
279529,2021-06-30,0.0
280039,2025-05-14,125000.0
280178,2025-06-05,500000.0
280701,2025-06-03,6000000.0
280730,2025-06-08,1000000.0
282169,2025-06-16,1000000.0
282349,2025-06-04,1500000.0
282388,2025-06-16,5000000.0
282409,2025-06-24,150000.0
282410,2025-06-23,700000.0
282429,2025-05-29,6000000.0
282434,2025-06-05,1500000.0
282689,2025-06-17,1500000.0
282694,2025-06-01,250000.0
282724,2025-06-23,400000.0
282823,2025-05-29,500000.0
283060,2025-06-01,800000.0
283227,2025-06-02,4500000.0
283420,2016-06-05,0.0
283497,2025-06-04,2000000.0
283863,2025-04-03,0.0
283994,2025-06-02,4000000.0
284165,2025-05-26,14000000.0
284454,2025-06-24,200000.0
284595,2025-06-16,1800000.0
284724,2025-06-01,300000.0
284732,2025-06-04,7000000.0
284737,2025-06-26,600000.0
284769,2025-06-04,1200000.0
284883,2025-05-29,6000000.0
285323,2025-06-02,7000000.0
285548,2025-06-03,2000000.0
285551,2025-06-17,100000.0
286259,2025-06-18,100000.0
286297,2025-06-16,9000000.0
286378,2022-06-30,0.0
286415,2025-05-25,2500000.0
286596,2025-06-05,700000.0
286919,2024-08-14,0.0
287167,2025-06-02,1200000.0
287188,2025-06-18,4000000.0
287315,2025-04-03,0.0
287600,2025-06-01,200000.0
287636,2024-09-26,0.0
287656,2025-05-14,100000.0
287836,2022-10-03,0.0
288348,2025-06-09,300000.0
288352,2022-06-30,0.0
288454,2025-06-24,150000.0
288499,2025-05-28,900000.0
289085,2025-05-14,25000.0
289194,2019-12-27,0.0
289241,2025-06-24,100000.0
289272,2025-06-23,500000.0
289286,2025-06-23,200000.0
289587,2025-06-01,400000.0
289843,2025-06-19,250000.0
290032,2025-06-09,500000.0
290249,2025-06-08,12000000.0
290256,2025-05-29,2000000.0
290532,2025-06-23,10000000.0
290559,2025-06-01,1000000.0
290569,2024-09-26,0.0
290587,2025-06-04,7500000.0
290595,2024-09-26,0.0
290785,2022-12-31,0.0
290940,2024-04-07,0.0
291110,2025-06-09,1000000.0
291178,2022-10-03,0.0
291200,2025-06-02,15000000.0
291266,2025-05-14,75000.0
291278,2025-06-18,125000.0
291314,2025-06-18,350000.0
291422,2025-06-19,200000.0
291432,2025-06-18,200000.0
291544,2025-06-17,175000.0
291856,2025-06-26,150000.0
292246,2025-05-29,12000000.0
292820,2025-06-02,150000.0
293169,2025-06-17,3300000.0
293257,2024-05-23,1500000.0
293283,2025-06-15,350000.0
293388,2025-06-23,1600000.0
294894,2025-05-25,2500000.0
295060,2025-06-04,1500000.0
295082,2025-06-24,200000.0
295183,2025-06-16,3500000.0
295360,2025-05-28,300000.0
295414,2025-05-29,1500000.0
296363,2024-07-15,0.0
296428,2025-06-04,1000000.0
296741,2025-06-18,500000.0
296879,2025-06-18,700000.0
297202,2016-02-16,100000.0
297212,2025-05-26,10000000.0
297731,2025-05-14,100000.0
298583,2025-06-08,2000000.0
298975,2025-06-02,4000000.0
298976,2025-06-08,7500000.0
300137,2025-06-01,1000000.0
300508,2025-06-18,600000.0
301235,2025-06-01,750000.0
301240,2025-06-01,400000.0
303187,2023-03-06,0.0
303406,2025-06-09,25000.0
304250,2025-06-24,150000.0
306024,2025-05-29,16000000.0
306166,2025-06-17,600000.0
307052,2025-05-28,1000000.0
307058,2025-06-16,3500000.0
307519,2025-06-23,800000.0
307924,2025-06-04,3500000.0
308989,2025-06-08,800000.0
310662,2025-06-04,2500000.0
311277,2025-05-29,275000.0
311489,2025-06-17,2500000.0
312553,2025-06-29,100000.0
312773,2025-06-16,100000.0
313477,2025-06-01,700000.0
314210,2025-05-26,4000000.0
314241,2025-05-26,1800000.0
314280,2025-06-17,300000.0
314284,2023-10-18,0.0
314295,2025-06-04,500000.0
314875,2025-05-29,40000000.0
314912,2022-10-03,0.0
315283,2025-05-27,1300000.0
315289,2025-09-11,7000000.0
315291,2025-05-26,8000000.0
315853,2025-06-16,80000000.0
315856,2025-06-18,175000.0
315858,2025-06-02,40000000.0
315867,2025-06-16,24000000.0
315870,2025-06-18,300000.0
316245,2019-05-15,0.0
316419,2018-09-26,0.0
316575,2025-06-18,1000000.0
316889,2025-06-04,10000000.0
316915,2023-07-24,0.0
316934,2025-06-16,4500000.0
316983,2025-06-18,400000.0
317057,2025-06-01,3500000.0
317806,2025-06-16,4000000.0
318507,2025-06-09,2800000.0
319160,2025-08-20,0.0
319180,2025-05-14,50000.0
319900,2025-05-26,6500000.0
321070,2025-06-04,3500000.0
321099,2025-04-03,50000.0
321528,2025-06-16,35000000.0
321629,2024-10-15,150000.0
321647,2025-06-11,700000.0
322075,2025-06-17,500000.0
322305,2025-06-01,2500000.0
322397,2019-09-27,0.0
323147,2025-06-18,100000.0
323379,2025-06-24,225000.0
323934,2025-06-23,1200000.0
324475,2025-06-24,200000.0
324799,2025-07-14,0.0
324800,2025-06-01,1000000.0
324804,2025-06-16,1800000.0
324829,2022-10-03,0.0
325105,2025-06-17,350000.0
325443,2025-05-29,75000000.0
326204,2025-06-19,75000.0
326300,2025-06-01,900000.0
326363,2025-05-26,800000.0
327251,2025-06-04,9000000.0
327402,2025-06-17,1200000.0
327755,2025-06-05,150000.0
327757,2025-06-17,8500000.0
327911,2025-05-25,350000.0
328609,2025-06-02,5000000.0
328914,2025-05-26,400000.0
329221,2025-04-03,350000.0
330223,2023-06-30,0.0
330699,2025-06-18,1500000.0
331505,2025-06-08,20000000.0
331508,2025-06-24,200000.0
332798,2025-06-17,10000000.0
333014,2025-05-29,25000000.0
333074,2025-06-30,0.0
334186,2025-06-18,1200000.0
334207,2025-06-04,1500000.0
334213,2025-06-09,900000.0
334221,2025-06-04,3500000.0
334999,2025-06-04,2000000.0
335216,2025-06-23,3000000.0
335245,2025-06-05,350000.0
336012,2025-06-16,12000000.0
336168,2025-06-04,1500000.0
336331,2025-06-08,400000.0
336367,2025-05-29,500000.0
336382,2025-06-04,5500000.0
336828,2024-10-24,0.0
337333,2025-06-08,6000000.0
337388,2025-06-18,275000.0
337716,2025-06-18,200000.0
337725,2025-06-16,4000000.0
337798,2025-06-09,700000.0
337922,2025-06-01,225000.0
338070,2025-05-29,18000000.0
338670,2025-06-16,25000000.0
338673,2025-06-11,1700000.0
339079,2025-06-08,2000000.0
339314,2025-06-04,20000000.0
339332,2025-05-27,25000000.0
339982,2025-06-18,275000.0
340205,2025-06-08,9000000.0
340353,2025-06-16,7500000.0
340376,2025-06-08,4000000.0
340394,2025-05-26,1700000.0
340444,2025-06-18,250000.0
340446,2025-07-26,0.0
340460,2025-05-27,2300000.0
340480,2025-03-13,0.0
340707,2025-06-01,1800000.0
340853,2025-06-08,1500000.0
340950,2025-05-29,40000000.0
341043,2025-08-31,0.0
341049,2025-06-16,14000000.0
341263,2025-06-23,1200000.0
341317,2025-06-04,3000000.0
341429,2025-06-17,20000000.0
341647,2025-06-04,7500000.0
341705,2025-06-05,25000000.0
341942,2025-06-08,700000.0
342202,2025-04-03,75000.0
342212,2020-07-07,0.0
342226,2025-06-02,2500000.0
342229,2025-06-08,180000000.0
342385,2025-05-29,10000000.0
342702,2025-05-27,5000000.0
342877,2025-06-05,2000000.0
343052,2025-06-08,6000000.0
343475,2025-05-29,6000000.0
343954,2025-06-03,100000.0
344009,2025-05-29,4500000.0
344072,2025-06-02,2500000.0
344374,2017-06-29,0.0
344457,2025-05-29,1500000.0
344575,2025-06-01,500000.0
344576,2025-06-09,2000000.0
344606,2025-03-17,0.0
344610,2025-06-09,900000.0
344864,2025-06-11,2500000.0
344870,2025-04-03,75000.0
344886,2025-06-01,3500000.0
344888,2025-05-26,6500000.0
344916,2022-10-03,0.0
345437,2025-06-17,1800000.0
345742,2025-06-18,125000.0
345886,2025-06-08,7000000.0
345899,2020-03-09,0.0
347353,2025-06-18,250000.0
348431,2025-05-25,200000.0
348601,2025-06-01,2200000.0
348795,2025-06-08,15000000.0
349300,2025-06-17,2500000.0
349433,2025-06-18,1500000.0
349856,2025-06-01,2000000.0
350364,2025-05-22,1300000.0
351749,2025-05-29,12000000.0
351898,2025-04-03,0.0
352017,2025-05-26,1500000.0
352041,2025-06-02,10000000.0
352393,2025-05-25,250000.0
353403,2025-06-17,1600000.0
353404,2025-06-02,8000000.0
353796,2025-06-01,1500000.0
354278,2025-06-25,250000.0
354340,2025-06-17,2700000.0
354359,2023-06-30,0.0
354361,2025-06-16,27000000.0
354609,2025-06-04,400000.0
354726,2025-06-02,2000000.0
354741,2025-05-22,3000000.0
354742,2025-05-22,700000.0
355104,2025-06-23,500000.0
355368,2025-05-22,100000.0
355370,2025-04-03,150000.0
355397,2025-06-24,250000.0
355501,2025-06-23,700000.0
355816,2025-06-04,12000000.0
357147,2025-05-29,30000000.0
357176,2025-06-01,250000.0
357233,2025-05-29,15000000.0
357796,2025-06-16,4000000.0
357884,2025-06-08,1500000.0
357967,2025-06-17,600000.0
357983,2025-06-01,300000.0
357991,2025-06-18,1000000.0
358025,2025-04-23,500000.0
358505,2025-06-01,400000.0
358515,2025-06-01,5000000.0
358870,2025-06-18,400000.0
359210,2025-06-23,1200000.0
361068,2025-06-16,7000000.0
361093,2025-05-29,42000000.0
361254,2025-06-08,800000.0
361516,2025-06-09,150000.0
361575,2025-05-26,1500000.0
362809,2025-06-29,100000.0
363223,2025-05-26,2500000.0
364206,2025-06-01,4000000.0
364239,2025-05-29,400000.0
364405,2025-05-27,3500000.0
364827,2025-06-02,3000000.0
364857,2025-06-02,1500000.0
365172,2025-05-29,9000000.0
365449,2025-06-09,300000.0
365770,2025-06-09,1800000.0
366045,2025-06-01,1500000.0
366930,2025-06-08,20000000.0
368860,2025-06-10,300000.0
368891,2025-06-04,24000000.0
369316,2025-05-29,25000000.0
369684,2025-06-04,14000000.0
370691,2024-03-18,0.0
370998,2025-06-08,1500000.0
371003,2025-06-16,600000.0
371013,2025-05-26,2000000.0
371021,2025-05-29,5000000.0
371141,2025-06-04,2500000.0
371256,2025-05-22,11000000.0
371967,2025-06-26,1000000.0
372246,2025-05-29,18000000.0
372445,2025-06-15,2500000.0
372711,2025-06-02,8000000.0
372712,2025-06-04,6000000.0
373359,2024-09-24,0.0
373373,2025-06-01,7000000.0
373898,2025-06-02,350000.0
374055,2025-06-11,1000000.0
374077,2025-05-25,400000.0
374081,2025-06-23,500000.0
374283,2025-06-17,600000.0
374889,2025-05-27,750000.0
374954,2025-06-04,6500000.0
375299,2025-06-09,100000.0
375320,2025-05-14,100000.0
375885,2025-05-29,24000000.0
377219,2025-06-08,1600000.0
377387,2025-06-17,1700000.0
377641,2025-06-02,8000000.0
377665,2025-06-17,2500000.0
378293,2025-06-08,15000000.0
378947,2025-06-25,0.0
379869,2025-06-02,1200000.0
380598,2025-06-08,8000000.0
381156,2023-10-18,0.0
381187,2025-06-04,1500000.0
381284,2020-03-24,0.0
381362,2025-06-24,1800000.0
382478,2025-06-04,7000000.0
383109,2025-05-26,1300000.0
383153,2025-06-17,400000.0
384859,2025-06-02,1800000.0
386196,2025-05-29,200000.0
386315,2019-06-26,1750000.0
386446,2025-06-16,50000000.0
386552,2025-06-16,2500000.0
386685,2025-06-18,600000.0
386726,2025-05-22,5000000.0
386786,2025-06-05,1500000.0
387106,2025-06-04,17000000.0
387687,2025-06-03,4500000.0
388029,2025-06-18,600000.0
388160,2025-06-18,2000000.0
390548,2020-06-27,0.0
390724,2025-06-18,75000.0
391004,2025-06-04,12000000.0
391049,2025-06-18,100000.0
391192,2025-04-03,150000.0
391332,2025-05-22,800000.0
391719,2025-05-28,850000.0
392033,2025-06-01,250000.0
392133,2025-06-18,450000.0
392156,2025-06-22,100000.0
392331,2022-06-27,0.0
392500,2025-06-18,225000.0
392538,2025-06-16,9000000.0
392550,2023-03-06,0.0
392570,2025-06-16,900000.0
392717,2025-06-15,550000.0
392761,2025-06-29,250000.0
392770,2025-06-02,20000000.0
392771,2025-05-26,20000000.0
392773,2025-06-17,2000000.0
392774,2025-05-26,600000.0
392777,2025-05-29,1200000.0
393321,2025-06-04,3000000.0
393512,2025-06-04,8000000.0
394033,2025-06-04,500000.0
394296,2025-06-04,100000.0
394327,2025-05-29,40000000.0
394348,2025-02-26,0.0
394906,2025-04-03,150000.0
395075,2024-12-05,75000.0
395083,2025-06-17,1800000.0
395228,2025-06-01,800000.0
395516,2025-05-26,30000000.0
395674,2025-06-10,450000.0
395693,2025-05-26,8500000.0
395694,2025-04-03,75000.0
395870,2025-06-18,175000.0
396094,2023-09-19,0.0
396115,2025-06-24,200000.0
396324,2025-06-23,500000.0
396327,2025-06-24,100000.0
396337,2025-06-23,600000.0
396682,2025-06-18,150000.0
397171,2025-06-02,4000000.0
398025,2025-06-18,200000.0
398031,2025-06-01,450000.0
398131,2025-06-23,100000.0
398402,2025-09-11,7000000.0
398738,2025-06-24,200000.0
398945,2025-06-18,175000.0
399907,2025-06-12,75000.0
400485,2025-05-27,2000000.0
401173,2025-05-29,28000000.0
401356,2025-05-29,25000000.0
401836,2025-06-02,600000.0
401922,2025-06-16,10000000.0
402004,2025-06-04,1800000.0
402733,2025-06-01,5000000.0
403564,2025-06-16,500000.0
403718,2025-06-01,650000.0
403898,2025-05-26,6000000.0
404384,2025-06-18,1500000.0
404950,2025-06-04,18000000.0
405389,2025-06-09,1000000.0
405564,2025-06-23,5000000.0
405670,2025-06-16,6000000.0
405674,2025-09-04,125000.0
405686,2025-06-02,2000000.0
406560,2025-05-26,3500000.0
407021,2025-05-26,2000000.0
407094,2025-06-05,400000.0
407265,2025-06-01,1200000.0
409517,2025-06-05,6000000.0
410185,2025-06-08,3500000.0
410237,2025-06-18,0.0
410436,2025-06-17,1000000.0
412045,2025-06-08,5000000.0
412085,2025-06-01,150000.0
412363,2025-06-08,90000000.0
412513,2025-06-01,1000000.0
412932,2025-06-04,7000000.0
413032,2025-05-27,4000000.0
413262,2025-06-08,2500000.0
413403,2025-05-29,35000000.0
413459,2025-06-04,225000.0
413605,2025-06-17,2200000.0
415381,2025-05-29,25000000.0
415550,2025-06-01,200000.0
416108,2025-05-27,3000000.0
418225,2025-06-15,75000.0
418543,2025-06-16,5000000.0
418559,2025-06-17,3500000.0
418561,2025-06-17,1500000.0
419067,2025-06-23,2000000.0
419596,2025-06-24,150000.0
419929,2025-05-26,3500000.0
420243,2025-05-29,55000000.0
420782,2023-03-06,0.0
420808,2025-05-29,4000000.0
421424,2022-10-03,0.0
421637,2025-06-04,7000000.0
421726,2025-05-28,450000.0
421769,2025-06-18,200000.0
421775,2025-06-18,175000.0
421780,2025-06-01,200000.0
421871,2025-06-18,225000.0
421873,2025-06-16,9000000.0
422460,2025-06-23,1000000.0
422764,2025-03-17,0.0
424051,2025-04-03,1200000.0
424709,2025-06-29,275000.0
424784,2025-06-23,8000000.0
425334,2025-05-29,25000000.0
425400,2025-06-02,3500000.0
425894,2023-10-18,0.0
425902,2025-05-29,12000000.0
426192,2025-05-26,7500000.0
427568,2025-05-29,16000000.0
428189,2025-06-04,1200000.0
428563,2025-06-16,28000000.0
428791,2025-09-04,14000000.0
429790,2025-06-11,2000000.0
429915,2025-06-11,16000000.0
429983,2025-05-29,30000000.0
431475,2025-05-25,7500000.0
432772,2025-06-01,800000.0
432895,2025-09-04,20000000.0
433177,2025-05-29,150000000.0
433184,2025-06-19,100000.0
433186,2025-05-26,2500000.0
434207,2025-05-26,2200000.0
434358,2025-06-01,250000.0
434433,2025-06-16,15000000.0
435406,2025-06-01,1500000.0
435500,2025-06-23,600000.0
436064,2025-06-04,5000000.0
438315,2025-06-18,1200000.0
438961,2025-06-16,2500000.0
439022,2025-06-08,2000000.0
439072,2025-09-04,5000000.0
439292,2025-05-27,1000000.0
440887,2024-07-30,0.0
441264,2025-06-01,400000.0
442816,2025-06-23,300000.0
442891,2025-06-04,17000000.0
443263,2025-05-22,100000.0
258827,2025-06-01,3200000.0
258878,2025-05-29,20000000.0
258885,2025-05-26,2500000.0
258889,2025-05-29,40000000.0
260655,2025-06-04,4000000.0
261056,2025-06-01,250000.0
261406,2025-05-01,200000.0
261738,2025-03-24,0.0
261988,2025-06-08,2000000.0
262300,2025-05-29,3000000.0
263065,2025-06-04,200000.0
263214,2025-06-24,200000.0
263267,2025-06-24,450000.0
263361,2025-05-26,8000000.0
264116,2025-06-01,500000.0
264485,2025-03-05,0.0
264956,2025-06-05,250000.0
264960,2025-06-18,1800000.0
264966,2022-10-03,0.0
265127,2025-06-19,700000.0
265471,2025-05-26,5000000.0
265569,2025-06-17,1300000.0
268176,2025-06-04,2500000.0
268670,2025-06-08,1500000.0
268949,2021-12-13,0.0
268957,2025-06-23,1000000.0
269878,2025-09-11,3000000.0
271256,2025-05-25,3500000.0
271622,2025-06-18,200000.0
271966,2025-06-23,1200000.0
271988,2025-06-24,150000.0
272855,2025-05-29,6000000.0
273773,2025-04-03,225000.0
274039,2025-06-18,250000.0
275028,2025-06-24,200000.0
275423,2025-06-05,200000.0
275590,2025-05-26,1000000.0
277692,2017-06-29,0.0
278166,2025-05-26,1200000.0
278296,2025-06-08,1800000.0
278332,2025-06-04,3500000.0
278343,2025-06-17,7000000.0
278357,2025-05-28,800000.0
278992,2025-06-04,5000000.0
279009,2025-06-18,1500000.0
279457,2025-06-04,2500000.0
279570,2025-06-02,3500000.0
280416,2025-05-14,25000.0
280575,2025-06-04,3500000.0
281769,2025-06-04,7000000.0
281900,2025-06-18,150000.0
282041,2025-06-02,5000000.0
282144,2025-06-16,10000000.0
282180,2025-05-11,150000.0
282406,2025-04-03,300000.0
282671,2025-05-15,200000.0
282727,2025-05-22,6000000.0
283141,2025-04-03,350000.0
283223,2025-06-17,1400000.0
284035,2025-06-09,700000.0
284248,2025-06-18,1000000.0
284730,2025-05-29,28000000.0
284857,2025-05-29,35000000.0
285796,2025-05-14,100000.0
285920,2022-12-31,0.0
285929,2025-05-14,50000.0
286005,2025-06-11,400000.0
286849,2025-06-24,150000.0
286938,2025-05-14,50000.0
286949,2025-06-16,1500000.0
287663,2025-06-18,400000.0
287871,2025-06-18,150000.0
287875,2025-06-18,275000.0
288230,2025-06-02,90000000.0
288237,2025-05-22,900000.0
288241,2025-04-03,250000.0
288251,2025-05-25,2500000.0
288318,2025-06-08,1200000.0
288323,2025-05-26,800000.0
288415,2025-06-05,7000000.0
289061,2025-06-09,1200000.0
289182,2025-06-18,600000.0
289216,2025-06-02,0.0
289255,2025-06-08,5000000.0
289433,2025-05-26,1200000.0
290017,2025-06-16,3500000.0
290552,2025-06-16,4000000.0
290605,2025-07-15,0.0
290746,2025-04-03,300000.0
290754,2025-05-14,50000.0
290862,2025-06-01,6000000.0
291400,2025-06-24,450000.0
291417,2025-06-08,14000000.0
291739,2025-06-17,6500000.0
292139,2025-05-29,10000000.0
292808,2025-05-29,15000000.0
293168,2025-06-17,1500000.0
293194,2025-06-16,4500000.0
293450,2025-06-17,200000.0
293944,2025-05-27,2500000.0
294057,2025-05-29,42000000.0
294321,2025-05-29,700000.0
294873,2025-09-04,4000000.0
296227,2025-05-27,600000.0
296345,2025-04-03,0.0
296422,2025-06-02,1200000.0
296622,2025-05-29,20000000.0
296783,2025-06-04,5000000.0
297194,2025-06-08,900000.0
298091,2025-05-29,6000000.0
298197,2025-06-08,6000000.0
298240,2025-09-10,0.0
298613,2025-06-23,500000.0
299715,2025-05-07,200000.0
300168,2025-06-08,2500000.0
300532,2025-06-16,2500000.0
300716,2025-05-29,9000000.0
301236,2025-06-01,600000.0
303116,2025-06-16,1500000.0
303248,2025-06-24,250000.0
303414,2018-05-18,0.0
304144,2025-06-16,1000000.0
305274,2025-06-17,600000.0
305686,2025-05-14,25000.0
305957,2025-06-24,200000.0
306382,2025-05-26,1000000.0
308256,2025-06-19,300000.0
308632,2025-06-17,500000.0
309110,2025-06-08,22000000.0
309397,2025-06-18,450000.0
309841,2025-06-17,400000.0
311287,2025-06-18,400000.0
311333,2025-06-16,850000.0
311696,2025-06-24,300000.0
312314,2025-09-04,2500000.0
312678,2025-06-17,3000000.0
312735,2025-03-16,0.0
313094,2025-05-27,6500000.0
314140,2025-05-26,4000000.0
314237,2025-06-17,300000.0
314353,2025-05-29,75000000.0
314366,2025-06-17,175000.0
314367,2025-05-26,12000000.0
314468,2025-06-18,300000.0
314862,2025-06-01,150000.0
314965,2025-06-16,1500000.0
315110,2025-05-26,2000000.0
315125,2025-05-25,2500000.0
315185,2022-10-03,0.0
315312,2025-06-23,600000.0
315604,2025-06-04,1000000.0
315751,2025-04-03,0.0
315843,2025-05-14,50000.0
315852,2025-06-01,800000.0
315969,2025-06-16,50000000.0
316137,2025-05-25,500000.0
316760,2025-06-08,400000.0
317444,2025-06-18,900000.0
317482,2025-06-08,750000.0
317739,2025-06-10,325000.0
318204,2025-06-04,20000000.0
318470,2025-06-02,20000000.0
318508,2025-05-27,20000000.0
318547,2023-07-31,0.0
319745,2025-06-08,10000000.0
320259,2025-06-24,200000.0
320466,2025-06-24,150000.0
321096,2025-06-05,250000.0
322293,2025-06-15,2000000.0
322655,2025-06-16,2700000.0
322985,2025-05-26,16000000.0
324358,2025-05-29,40000000.0
324690,2025-06-16,7000000.0
324727,2025-05-25,200000.0
324760,2025-06-10,250000.0
324795,2025-06-02,9000000.0
324803,2025-06-17,750000.0
324851,2025-06-10,700000.0
325887,2025-06-08,3000000.0
325924,2025-06-11,2500000.0
327126,2025-06-08,900000.0
327326,2025-06-01,200000.0
327536,2025-06-09,600000.0
328770,2025-06-02,600000.0
329723,2025-05-29,1500000.0
329812,2025-06-16,8000000.0
330085,2025-06-05,7500000.0
330269,2025-06-10,400000.0
330472,2025-06-30,0.0
330684,2025-06-04,2000000.0
331498,2025-05-29,500000.0
331511,2025-06-04,20000000.0
332305,2025-06-23,2000000.0
332560,2025-06-02,3000000.0
332705,2025-05-29,18000000.0
332889,2025-06-02,9000000.0
333175,2025-06-01,800000.0
333516,2025-06-10,500000.0
333694,2023-03-06,0.0
334042,2025-05-22,7000000.0
334222,2025-06-23,3500000.0
334238,2025-06-10,250000.0
334526,2025-06-02,30000000.0
335100,2025-06-10,350000.0
335221,2025-06-23,600000.0
336077,2025-05-29,8000000.0
336307,2025-06-16,1300000.0
336956,2019-10-29,0.0
336960,2025-06-16,2500000.0
337027,2022-07-31,0.0
337036,2025-06-04,1800000.0
337082,2025-06-18,1000000.0
337090,2025-06-22,125000.0
337670,2025-05-27,600000.0
337781,2025-04-03,225000.0
337811,2025-06-01,700000.0
338628,2025-04-23,250000.0
339152,2023-06-25,0.0
339340,2025-05-27,8000000.0
339699,2025-06-03,2500000.0
339814,2024-09-01,0.0
339829,2025-05-28,1200000.0
340075,2025-06-18,200000.0
340166,2025-06-11,5000000.0
340177,2025-06-01,2500000.0
340256,2025-06-09,50000.0
340260,2025-06-18,100000.0
340324,2025-05-29,18000000.0
340329,2025-05-29,22000000.0
340427,2025-05-26,4000000.0
340456,2025-05-29,25000000.0
340459,2025-06-04,2500000.0
340870,2025-06-23,900000.0
340879,2025-05-26,13000000.0
341092,2025-05-29,14000000.0
341230,2024-09-24,0.0
342215,2019-04-29,0.0
342364,2022-10-03,0.0
342472,2025-05-22,450000.0
343273,2025-06-08,800000.0
343337,2025-06-04,800000.0
343463,2025-06-08,3500000.0
343537,2025-06-16,30000000.0
343945,2025-06-18,500000.0
344151,2025-06-17,1700000.0
344381,2025-05-29,35000000.0
344596,2025-06-02,5000000.0
344599,2025-06-01,1200000.0
344605,2025-05-29,12000000.0
344655,2025-06-18,100000.0
344830,2025-05-26,5000000.0
344892,2025-06-01,4000000.0
345041,2025-05-22,175000.0
345083,2025-06-23,400000.0
345590,2025-06-16,12000000.0
345746,2025-06-15,700000.0
345772,2025-04-03,125000.0
346018,2025-05-29,2500000.0
346289,2025-06-08,2000000.0
346314,2025-05-29,25000000.0
346315,2025-06-16,3500000.0
346332,2025-06-10,225000.0
346483,2025-05-29,28000000.0
346562,2025-06-18,300000.0
346707,2025-05-29,20000000.0
346849,2025-06-17,4000000.0
347619,2025-06-16,1000000.0
348026,2025-06-04,10000000.0
348214,2025-06-10,175000.0
348553,2025-06-24,200000.0
348623,2025-05-26,4000000.0
348778,2025-06-18,350000.0
349530,2025-06-10,75000.0
349599,2025-05-29,30000000.0
349836,2024-12-31,0.0
349873,2025-06-24,150000.0
349884,2025-06-23,800000.0
350219,2025-06-02,40000000.0
351540,2025-03-03,0.0
352332,2025-06-18,600000.0
352392,2025-06-11,2000000.0
352464,2025-03-20,0.0
352567,2025-06-11,550000.0
353032,2025-06-08,8000000.0
353366,2025-06-16,25000000.0
353400,2023-10-18,0.0
353609,2025-06-18,225000.0
353892,2025-06-04,25000000.0
353922,2025-06-17,6000000.0
354134,2025-06-17,600000.0
354136,2025-06-12,600000.0
354232,2022-10-03,0.0
354352,2025-06-16,2500000.0
354482,2025-06-02,10000000.0
354697,2025-06-23,600000.0
354909,2025-06-01,1000000.0
355540,2022-10-03,0.0
355861,2025-06-08,4000000.0
355915,2025-05-29,50000000.0
356009,2025-08-07,0.0
356118,2025-04-03,175000.0
356640,2025-06-18,450000.0
357003,2025-06-16,4000000.0
357047,2025-06-02,3000000.0
357066,2023-03-06,0.0
357117,2025-06-02,3000000.0
357119,2025-05-29,60000000.0
357162,2025-05-29,22000000.0
357498,2025-06-16,35000000.0
357658,2025-05-26,4000000.0
357770,2025-06-08,1200000.0
357992,2025-06-16,24000000.0
357998,2025-06-18,700000.0
358143,2025-06-04,2000000.0
358165,2025-06-16,1500000.0
358507,2025-06-09,1500000.0
358508,2022-10-03,0.0
360516,2025-05-26,250000.0
362108,2025-06-02,7000000.0
362184,2025-06-10,350000.0
363177,2024-07-12,0.0
363610,2025-06-18,200000.0
363717,2025-06-17,400000.0
364132,2025-06-01,300000.0
364134,2023-03-06,0.0
364258,2025-06-04,5500000.0
364409,2025-06-02,3000000.0
364525,2025-06-01,150000.0
366948,2025-06-08,1000000.0
367284,2025-06-04,10000000.0
368559,2025-06-01,900000.0
369258,2025-06-10,250000.0
370701,2025-06-01,700000.0
370704,2025-06-18,175000.0
370791,2025-06-02,8000000.0
371142,2025-05-26,1000000.0
371371,2025-06-08,7500000.0
371814,2025-05-26,3000000.0
371998,2025-06-08,170000000.0
372240,2025-06-15,5000000.0
372713,2025-06-02,1200000.0
372720,2025-06-01,3000000.0
373353,2025-06-24,200000.0
373381,2025-06-18,275000.0
373683,2025-06-24,500000.0
373714,2025-06-19,800000.0
374082,2025-06-24,200000.0
374139,2025-05-26,8000000.0
375137,2025-06-17,7000000.0
375877,2025-05-26,4000000.0
375881,2025-06-08,1000000.0
376082,2025-06-19,1500000.0
378482,2025-05-29,4000000.0
379548,2025-06-23,2500000.0
379742,2025-05-25,250000.0
379979,2025-06-10,225000.0
379980,2025-04-03,175000.0
380350,2025-05-29,20000000.0
381243,2025-08-07,0.0
381967,2025-06-08,8000000.0
382774,2025-06-09,600000.0
384553,2025-06-18,400000.0
384745,2025-06-18,500000.0
385105,2025-06-02,4000000.0
385379,2025-06-01,900000.0
385394,2025-06-16,8000000.0
385396,2025-05-19,100000.0
385918,2025-06-04,3000000.0
386455,2025-06-16,5000000.0
386567,2025-06-01,250000.0
386576,2025-05-14,50000.0
386829,2025-05-14,100000.0
386846,2025-05-14,150000.0
386914,2025-05-27,4000000.0
387626,2025-05-29,28000000.0
388058,2025-06-18,400000.0
388121,2025-06-03,250000.0
388125,2025-06-08,1200000.0
388165,2025-05-29,32000000.0
388198,2025-06-04,40000000.0
388382,2025-05-26,1200000.0
388409,2025-06-04,4000000.0
388513,2025-06-08,800000.0
388542,2025-06-23,500000.0
388555,2025-06-12,200000.0
389078,2025-06-22,175000.0
390159,2025-06-18,200000.0
390638,2025-05-29,10000000.0
391005,2025-06-04,6000000.0
391065,2025-06-02,20000000.0
391376,2025-06-02,600000.0
391470,2025-06-29,150000.0
391686,2023-08-18,0.0
391742,2025-06-18,1000000.0
392048,2025-06-18,275000.0
392049,2025-03-13,0.0
392124,2025-06-04,150000.0
392179,2025-05-27,4500000.0
392545,2025-06-01,500000.0
392591,2025-05-29,7000000.0
392765,2025-05-29,30000000.0
392768,2025-05-29,25000000.0
392810,2025-06-11,300000.0
392881,2025-06-08,1800000.0
392963,2025-06-01,1000000.0
392966,2025-06-16,5000000.0
393325,2025-05-26,16000000.0
393436,2025-06-09,700000.0
393605,2025-06-01,250000.0
393621,2025-06-02,6000000.0
393797,2025-06-18,500000.0
393806,2025-06-09,1300000.0
394152,2025-06-05,2000000.0
394300,2025-06-16,35000000.0
394309,2020-08-02,0.0
394328,2025-05-29,4000000.0
394345,2025-05-14,100000.0
394346,2025-06-01,500000.0
394855,2025-05-14,125000.0
395237,2025-06-16,16000000.0
395242,2025-06-11,1000000.0
395251,2025-06-01,200000.0
395597,2025-05-14,75000.0
395602,2025-06-02,200000.0
395671,2025-06-18,1000000.0
395677,2025-06-02,400000.0
395805,2025-06-01,1200000.0
395928,2025-09-11,6000000.0
396131,2025-05-11,175000.0
396340,2025-06-23,500000.0
396341,2025-06-24,25000.0
396516,2025-06-17,1500000.0
396861,2023-06-30,0.0
397099,2025-06-17,400000.0
397486,2025-06-16,10000000.0
397676,2025-06-08,1800000.0
398065,2025-05-29,35000000.0
398073,2025-06-02,80000000.0
398163,2025-06-23,2000000.0
399273,2025-06-04,200000.0
399357,2025-06-24,500000.0
399382,2023-03-06,0.0
399543,2025-06-01,1500000.0
399780,2025-05-29,500000.0
399944,2020-02-16,0.0
400001,2025-06-04,500000.0
400489,2025-06-16,14000000.0
400546,2025-06-04,400000.0
400680,2025-06-01,1200000.0
401065,2022-10-03,0.0
401530,2025-06-08,30000000.0
403151,2025-05-29,20000000.0
404688,2025-06-23,700000.0
405397,2025-06-02,8000000.0
405568,2025-06-05,2200000.0
406609,2025-05-27,3500000.0
406633,2023-10-18,0.0
406638,2025-05-29,10000000.0
406973,2025-06-04,2000000.0
408895,2022-06-29,0.0
410238,2024-09-26,0.0
410708,2025-05-26,18000000.0
411287,2025-05-27,500000.0
411537,2025-05-26,6500000.0
412041,2025-06-23,500000.0
412042,2025-06-24,150000.0
412366,2025-06-16,4000000.0
412649,2025-06-01,700000.0
412671,2025-05-28,550000.0
412829,2025-06-02,900000.0
412934,2025-06-02,150000.0
413118,2025-05-29,8000000.0
413502,2025-06-24,400000.0
413507,2025-05-29,35000000.0
413565,2025-06-16,22000000.0
415042,2025-05-07,150000.0
415646,2025-06-05,400000.0
415801,2025-05-14,25000.0
416168,2025-06-24,350000.0
417414,2025-06-01,50000.0
417575,2025-05-29,3500000.0
418658,2025-05-25,400000.0
418662,2024-06-24,0.0
418881,2025-05-14,50000.0
419025,2025-06-17,1500000.0
419061,2025-06-09,400000.0
419325,2025-05-26,2000000.0
419930,2025-06-17,225000.0
419996,2025-06-02,50000.0
419999,2025-05-15,125000.0
421764,2025-06-01,100000.0
421778,2025-05-14,100000.0
422281,2025-06-17,5500000.0
422380,2025-06-01,4500000.0
422715,2025-06-01,400000.0
423436,2025-06-01,7000000.0
423440,2025-06-08,60000000.0
423444,2025-06-08,8000000.0
423614,2025-06-23,500000.0
424042,2025-06-08,20000000.0
424881,2025-05-29,2500000.0
425028,2025-05-25,2000000.0
427691,2025-05-01,250000.0
427693,2025-06-01,1200000.0
428016,2025-05-29,600000.0
428948,2025-05-13,275000.0
429309,2025-05-29,3500000.0
429563,2025-06-11,1000000.0
429987,2025-06-08,2800000.0
430579,2025-05-27,1500000.0
430623,2025-06-18,50000.0
430788,2025-06-29,300000.0
431698,2025-06-11,2500000.0
432089,2025-06-18,600000.0
432090,2025-06-16,18000000.0
432092,2025-06-16,12000000.0
432298,2025-06-16,20000000.0
433049,2025-06-17,24000000.0
433329,2025-06-16,350000.0
433984,2025-06-16,28000000.0
434015,2025-06-16,150000.0
434223,2025-06-16,6500000.0
434675,2025-05-29,70000000.0
434676,2025-06-01,400000.0
434990,2025-06-08,2500000.0
435228,2025-06-16,6000000.0
435338,2025-05-29,75000000.0
435485,2025-09-04,6000000.0
435492,2025-06-01,1500000.0
439465,2025-05-29,2000000.0
439914,2025-06-16,2800000.0
441170,2025-06-08,3000000.0
441515,2025-06-01,7500000.0
442802,2025-06-24,400000.0
266807,2025-06-08,10000000.0
267330,2025-05-22,250000.0
268178,2025-06-01,1000000.0
268506,2025-06-05,700000.0
268946,2025-06-23,600000.0
270027,2025-06-18,500000.0
270188,2025-06-05,3500000.0
270393,2025-06-04,4000000.0
270541,2025-06-04,45000000.0
271021,2025-06-23,1500000.0
271455,2025-06-08,900000.0
271787,2025-05-28,2200000.0
272636,2025-05-22,4000000.0
273236,2025-06-04,3000000.0
274571,2024-09-26,0.0
274839,2025-05-29,15000000.0
274958,2025-06-01,150000.0
274989,2023-01-07,0.0
275303,2025-06-02,2500000.0
275361,2024-03-05,0.0
276111,2025-06-23,1400000.0
276255,2025-06-01,250000.0
277335,2025-06-05,400000.0
277384,2025-06-08,6000000.0
278359,2025-06-08,3000000.0
278553,2025-06-24,200000.0
278796,2025-06-15,800000.0
279090,2025-08-05,0.0
279454,2025-06-29,175000.0
280387,2025-06-02,4000000.0
280589,2025-06-18,325000.0
280795,2025-06-04,2500000.0
281404,2025-06-08,300000.0
281989,2025-06-08,3500000.0
282028,2025-06-02,1200000.0
282058,2024-09-30,0.0
282421,2025-06-08,2000000.0
282544,2025-05-25,1300000.0
282577,2025-06-10,350000.0
282672,2025-06-08,700000.0
282722,2025-05-26,2200000.0
282734,2025-05-29,600000.0
282900,2025-06-23,200000.0
283127,2025-09-09,0.0
283140,2025-06-22,150000.0
283170,2025-06-08,8000000.0
283233,2025-06-15,3500000.0
283286,2025-06-18,600000.0
283489,2025-06-23,1500000.0
284010,2025-06-04,12000000.0
284177,2025-06-18,450000.0
284346,2025-06-10,500000.0
284884,2025-06-08,2000000.0
284890,2018-12-02,0.0
285033,2025-06-17,350000.0
285845,2025-06-02,12000000.0
285951,2025-06-11,100000.0
286384,2025-06-08,2000000.0
287313,2024-09-26,0.0
287367,2025-06-01,700000.0
287431,2023-02-13,0.0
287635,2025-06-02,700000.0
287638,2020-07-31,0.0
287640,2025-06-18,200000.0
287686,2023-06-30,0.0
287700,2025-05-22,600000.0
287717,2025-06-18,375000.0
287920,2025-06-04,2000000.0
288429,2025-06-04,2000000.0
288496,2025-06-26,700000.0
288506,2023-11-28,0.0
289087,2025-05-18,200000.0
289196,2025-05-25,250000.0
289236,2025-06-23,2200000.0
289257,2025-06-08,3000000.0
289287,2025-06-24,150000.0
289432,2025-06-02,1200000.0
289510,2025-05-27,650000.0
289802,2025-05-28,2700000.0
289835,2025-06-04,14000000.0
289844,2025-04-03,75000.0
290346,2025-06-08,700000.0
290533,2025-06-23,500000.0
290537,2025-06-16,3500000.0
290549,2025-08-10,0.0
290551,2025-03-11,0.0
290561,2025-06-01,1500000.0
290770,2019-02-24,0.0
290876,2023-03-06,0.0
291140,2024-09-26,0.0
291222,2025-06-18,3500000.0
291383,2025-06-09,200000.0
291392,2025-05-14,25000.0
291408,2022-10-03,0.0
292333,2025-06-24,150000.0
292417,2025-05-26,3500000.0
292734,2025-06-17,600000.0
293281,2025-06-04,5000000.0
293383,2025-06-24,300000.0
293385,2025-06-08,60000000.0
293569,2025-05-26,14000000.0
293592,2025-06-02,750000.0
294576,2025-05-28,125000.0
294895,2025-06-29,100000.0
295313,2025-05-29,16000000.0
295330,2025-05-26,4500000.0
295331,2025-04-03,1400000.0
295622,2025-06-23,2000000.0
295766,2025-06-18,200000.0
296397,2025-06-04,4000000.0
296802,2025-05-27,7500000.0
296986,2025-06-17,2000000.0
297070,2025-06-08,2000000.0
297367,2025-05-14,50000.0
297583,2025-06-04,4000000.0
297645,2025-06-01,1300000.0
298575,2025-06-08,1500000.0
298589,2025-05-27,7000000.0
298602,2024-09-05,0.0
298603,2025-06-18,4000000.0
298607,2021-06-30,0.0
298635,2025-06-16,1500000.0
301238,2025-06-16,18000000.0
301841,2022-10-03,0.0
302215,2025-05-27,1000000.0
302478,2025-05-14,75000.0
302497,2025-06-01,450000.0
302991,2025-06-23,300000.0
303259,2025-06-08,20000000.0
305947,2025-06-16,18000000.0
305956,2024-03-05,0.0
306668,2025-05-29,300000.0
307183,2025-06-04,1500000.0
307781,2025-05-26,1000000.0
307805,2025-06-24,150000.0
309007,2025-04-03,75000.0
309393,2025-06-05,400000.0
309944,2025-06-16,1000000.0
310458,2025-06-01,1800000.0
310527,2025-06-01,800000.0
311044,2025-06-08,1200000.0
311680,2025-05-25,1200000.0
312017,2025-06-12,1500000.0
312862,2025-06-05,750000.0
314183,2025-05-26,3800000.0
314214,2025-06-10,350000.0
314266,2025-06-29,150000.0
314288,2025-06-04,3000000.0
314372,2024-12-20,0.0
314886,2025-05-29,200000.0
314940,2025-06-30,0.0
314959,2025-04-03,150000.0
315063,2025-05-26,4500000.0
315131,2025-04-03,500000.0
315145,2025-06-02,8000000.0
315253,2025-06-02,2000000.0
315332,2025-06-18,500000.0
315762,2025-09-11,2500000.0
315788,2025-06-18,100000.0
315845,2025-05-14,50000.0
315862,2025-06-01,700000.0
316111,2025-06-26,175000.0
316125,2025-05-29,15000000.0
318707,2025-06-09,1200000.0
319171,2025-06-18,250000.0
319539,2023-07-31,0.0
319541,2025-06-24,250000.0
320263,2025-01-17,0.0
320411,2025-06-16,10000000.0
320871,2025-05-26,50000.0
321247,2025-06-04,15000000.0
322089,2024-09-24,0.0
322517,2025-06-18,2000000.0
323169,2025-06-24,150000.0
323255,2025-06-01,400000.0
323704,2025-05-26,22000000.0
323740,2025-05-28,1800000.0
323831,2025-09-04,6000000.0
323929,2025-03-31,0.0
324223,2025-05-29,2500000.0
324278,2025-06-04,12000000.0
324321,2025-05-26,2500000.0
324344,2025-05-22,700000.0
324351,2025-05-22,5000000.0
324806,2025-05-29,1500000.0
324811,2025-06-04,5000000.0
324861,2025-06-18,2200000.0
324882,2025-05-26,1800000.0
324946,2025-06-01,400000.0
325200,2025-06-01,600000.0
325223,2025-06-02,4000000.0
326029,2025-05-29,25000000.0
328480,2025-06-08,9000000.0
328784,2025-06-04,18000000.0
329373,2025-06-04,2000000.0
329517,2025-06-04,2000000.0
329813,2025-05-29,800000.0
329814,2025-06-22,100000.0
330208,2025-06-16,2800000.0
330289,2025-05-14,75000.0
330352,2025-06-23,1500000.0
330659,2025-05-29,35000000.0
331362,2025-06-04,1500000.0
331467,2025-05-26,100000.0
331496,2025-06-08,2000000.0
331501,2025-06-22,500000.0
331726,2025-06-16,15000000.0
332142,2025-06-01,300000.0
332612,2025-06-17,1600000.0
333241,2025-05-29,35000000.0
333347,2023-11-12,0.0
333361,2025-06-23,1800000.0
333383,2025-06-24,300000.0
333647,2025-06-04,35000000.0
333903,2025-06-04,1000000.0
334006,2025-05-25,250000.0
335103,2025-06-18,4000000.0
335225,2025-06-08,2500000.0
335631,2025-06-04,800000.0
335993,2025-06-04,5000000.0
336103,2025-06-24,300000.0
336704,2018-12-31,0.0
337066,2025-06-23,800000.0
337070,2025-06-23,300000.0
337381,2025-06-01,1000000.0
337715,2025-06-08,5000000.0
337787,2025-06-04,1200000.0
337800,2025-06-17,18000000.0
337917,2025-06-23,600000.0
338100,2025-05-14,75000.0
338101,2025-06-01,250000.0
338285,2025-06-08,3000000.0
338424,2025-05-29,35000000.0
338425,2025-06-08,9000000.0
338635,2025-05-26,3500000.0
338668,2025-06-04,9000000.0
339556,2025-05-29,15000000.0
339816,2025-06-16,2000000.0
339820,2025-06-08,900000.0
339866,2024-09-15,0.0
339892,2025-06-18,300000.0
339943,2025-05-26,2200000.0
340003,2024-06-26,0.0
340322,2025-06-04,15000000.0
340328,2025-05-29,10000000.0
340521,2025-05-29,700000.0
340538,2025-05-28,450000.0
340700,2025-06-04,1200000.0
340864,2025-05-29,700000.0
340990,2025-05-26,4000000.0
341054,2025-06-18,25000.0
341110,2025-06-08,800000.0
341278,2025-06-08,6000000.0
341393,2025-05-27,3000000.0
341501,2025-05-26,4500000.0
341713,2025-06-08,7500000.0
341993,2025-05-26,500000.0
342039,2025-06-04,3500000.0
342209,2025-05-26,1200000.0
342216,2023-10-18,0.0
342218,2025-06-19,600000.0
342230,2025-08-29,0.0
342405,2025-06-04,12000000.0
342967,2025-06-04,7000000.0
343963,2025-06-09,800000.0
344595,2025-04-03,500000.0
344598,2025-06-04,2000000.0
344607,2025-06-17,1600000.0
344677,2023-06-30,0.0
344695,2025-06-04,50000000.0
344806,2025-06-05,700000.0
344869,2025-06-17,14000000.0
345225,2025-07-06,0.0
345449,2025-06-17,4500000.0
345458,2025-06-16,4500000.0
345468,2025-06-11,4000000.0
345473,2025-06-09,250000.0
345654,2025-06-23,400000.0
346291,2025-06-09,250000.0
346472,2025-05-26,1500000.0
346478,2025-05-26,2500000.0
346499,2025-06-04,1500000.0
346551,2025-06-04,14000000.0
346567,2025-06-16,3000000.0
346766,2025-09-04,8000000.0
346853,2025-06-04,17000000.0
346890,2025-06-16,13000000.0
346900,2025-06-09,1000000.0
347100,2025-06-26,200000.0
347253,2025-06-16,4000000.0
347595,2025-07-15,0.0
347913,2025-06-05,1000000.0
348425,2025-06-17,2000000.0
348791,2025-06-02,6000000.0
348863,2025-05-26,3000000.0
349701,2025-05-29,35000000.0
349719,2025-02-26,50000.0
349905,2025-06-18,225000.0
350357,2025-06-22,300000.0
351072,2025-06-09,300000.0
351746,2025-07-21,0.0
351755,2025-05-26,2800000.0
351809,2025-06-08,40000000.0
351816,2025-06-02,15000000.0
351892,2025-06-05,2000000.0
351955,2025-06-16,3600000.0
353108,2025-06-05,1000000.0
353205,2025-06-18,200000.0
353365,2025-06-02,1200000.0
353372,2018-05-31,0.0
353395,2025-06-01,600000.0
353396,2025-06-15,75000.0
353399,2025-06-02,7000000.0
353826,2025-06-04,1500000.0
353948,2025-06-04,2500000.0
353959,2025-06-11,400000.0
354362,2025-05-29,30000000.0
354664,2025-05-28,800000.0
354666,2025-05-25,3800000.0
354910,2022-11-16,0.0
355335,2025-06-05,1000000.0
355479,2025-06-18,300000.0
355624,2025-06-23,800000.0
355628,2025-06-08,12000000.0
355689,2025-06-23,1000000.0
355924,2025-05-14,75000.0
356141,2025-05-29,12000000.0
357072,2025-04-03,1500000.0
357156,2025-06-04,17000000.0
357164,2025-06-16,70000000.0
357397,2025-04-03,175000.0
357565,2025-05-29,110000000.0
357628,2025-06-08,5000000.0
357987,2025-06-18,150000.0
358032,2025-06-16,8000000.0
358250,2025-06-08,1200000.0
358504,2025-06-04,25000000.0
361081,2025-06-11,600000.0
361104,2025-05-27,16000000.0
361238,2025-05-22,250000.0
361914,2025-06-08,18000000.0
362977,2025-06-04,4000000.0
363178,2025-06-04,1200000.0
363205,2025-05-29,32000000.0
363424,2025-06-10,200000.0
364133,2025-06-16,2000000.0
364233,2025-06-02,250000.0
364237,2025-05-29,1200000.0
364245,2025-06-02,9000000.0
365108,2025-06-16,35000000.0
366974,2025-06-09,150000.0
367195,2025-06-17,375000.0
368373,2022-01-31,0.0
368482,2025-06-16,25000000.0
368624,2025-06-09,1000000.0
368635,2025-06-24,150000.0
369081,2025-06-08,130000000.0
369267,2025-06-05,1000000.0
369962,2025-05-26,18000000.0
370789,2025-06-04,20000000.0
371174,2025-05-25,3500000.0
371554,2025-06-09,800000.0
371851,2025-06-16,18000000.0
373358,2022-01-20,0.0
373899,2025-06-01,1800000.0
375391,2025-06-01,1000000.0
376514,2025-06-16,20000000.0
376856,2025-06-17,225000.0
377043,2025-06-18,350000.0
377393,2025-06-02,6000000.0
377468,2025-05-26,18000000.0
378139,2025-06-08,3500000.0
378260,2025-06-04,1500000.0
378463,2025-05-25,800000.0
378710,2025-05-29,20000000.0
378965,2025-05-29,200000.0
379163,2025-06-01,3000000.0
379168,2025-06-11,3000000.0
379807,2025-06-05,6000000.0
379879,2025-06-05,350000.0
380913,2025-06-24,75000.0
381248,2025-05-28,500000.0
381250,2025-06-22,50000.0
381469,2025-05-29,1000000.0
381753,2025-05-26,5000000.0
381950,2025-06-16,17000000.0
382007,2025-06-22,400000.0
382554,2025-05-26,8000000.0
384060,2025-06-02,2500000.0
384461,2025-05-27,12000000.0
384593,2025-06-04,12000000.0
385084,2025-06-23,400000.0
385271,2025-06-05,4000000.0
385817,2025-06-11,600000.0
386047,2025-05-29,22000000.0
386057,2025-06-01,1200000.0
386574,2025-06-01,900000.0
386755,2025-05-26,1200000.0
387110,2025-06-04,6000000.0
387129,2025-06-23,1000000.0
387331,2025-05-26,3200000.0
388067,2024-12-19,325000.0
388266,2025-05-25,4000000.0
388516,2025-06-16,12000000.0
388519,2025-05-22,450000.0
388548,2025-05-29,1000000.0
388795,2025-05-26,1500000.0
388815,2025-06-08,350000.0
389578,2025-05-14,75000.0
389837,2025-06-16,6000000.0
390117,2025-06-18,200000.0
390160,2025-06-01,10000000.0
390664,2025-05-26,1000000.0
390688,2025-06-08,3500000.0
390823,2025-06-23,500000.0
391045,2025-06-24,150000.0
391346,2025-06-24,200000.0
391421,2025-05-14,25000.0
392131,2025-06-18,1000000.0
392139,2025-06-23,200000.0
392149,2025-06-23,100000.0
392154,2025-06-23,125000.0
392276,2023-10-18,0.0
392444,2025-06-18,225000.0
392516,2025-06-16,4300000.0
392763,2025-05-26,900000.0
392775,2025-05-29,15000000.0
392924,2025-03-09,100000.0
392956,2025-06-16,6500000.0
393323,2025-05-26,15000000.0
393489,2023-03-06,0.0
393745,2025-06-18,4000000.0
393904,2025-06-18,500000.0
394236,2025-06-09,7000000.0
394304,2025-06-01,500000.0
394694,2025-06-23,2000000.0
395239,2025-06-01,2800000.0
395512,2025-06-16,2500000.0
395519,2025-05-25,100000.0
395523,2025-06-08,2500000.0
395685,2025-06-01,2000000.0
395797,2025-06-17,300000.0
396107,2025-06-04,300000.0
396145,2025-06-24,200000.0
396328,2025-06-23,400000.0
396768,2020-02-04,0.0
396857,2025-06-17,350000.0
396894,2025-06-09,1500000.0
397033,2025-05-29,60000000.0
397301,2017-06-29,0.0
397696,2025-06-10,600000.0
397860,2025-06-18,300000.0
397896,2025-06-29,350000.0
398030,2025-06-01,1200000.0
398159,2025-06-08,150000.0
398275,2022-04-07,0.0
398809,2025-06-24,400000.0
398886,2025-06-08,400000.0
399369,2025-06-16,1500000.0
399383,2025-06-01,2500000.0
399434,2025-05-29,18000000.0
399551,2025-05-25,200000.0
399887,2025-06-01,400000.0
401161,2025-04-03,175000.0
401521,2025-06-01,1500000.0
401527,2025-06-04,2500000.0
401529,2025-06-16,24000000.0
401624,2025-06-23,2000000.0
401639,2025-06-18,1200000.0
401920,2025-06-02,100000.0
401923,2025-06-17,70000000.0
401935,2025-06-01,250000.0
402106,2025-03-13,0.0
405398,2025-06-08,30000000.0
405679,2025-06-18,600000.0
405690,2025-05-29,2500000.0
406042,2025-06-01,3500000.0
406558,2025-06-17,300000.0
406559,2025-06-17,200000.0
406614,2025-06-18,700000.0
406625,2025-06-16,95000000.0
406635,2025-05-29,100000000.0
406640,2025-06-04,28000000.0
406806,2025-06-01,1500000.0
406842,2025-06-18,400000.0
407098,2025-06-04,5000000.0
408288,2025-06-23,700000.0
409106,2025-06-24,400000.0
409344,2025-05-27,7000000.0
410425,2025-05-29,25000000.0
411211,2025-05-14,25000.0
411416,2025-06-23,250000.0
411465,2025-06-01,300000.0
411975,2025-06-08,65000000.0
412092,2025-06-01,400000.0
412095,2025-05-07,300000.0
412629,2025-06-16,450000.0
412660,2025-06-16,3400000.0
412669,2025-05-29,35000000.0
413039,2025-05-29,55000000.0
413220,2025-05-29,13000000.0
414318,2025-06-18,400000.0
414908,2025-05-29,15000000.0
415035,2025-06-11,11000000.0
415194,2025-06-18,1000000.0
415383,2025-06-02,1200000.0
416380,2025-06-18,7000000.0
416386,2025-06-16,1800000.0
417346,2025-05-29,14000000.0
417896,2025-06-18,400000.0
418659,2025-06-02,30000000.0
418660,2025-06-05,400000.0
419648,2025-06-16,5000000.0
420064,2025-06-02,15000000.0
420465,2025-05-29,8000000.0
420890,2025-06-05,4000000.0
421765,2025-06-18,375000.0
421773,2025-06-18,300000.0
421777,2025-06-18,175000.0
421781,2025-05-14,150000.0
422355,2025-06-17,4000000.0
422951,2025-06-16,10000000.0
423443,2025-06-23,1400000.0
423678,2025-06-02,4000000.0
424015,2025-05-29,15000000.0
425306,2025-05-29,2500000.0
425462,2025-06-26,400000.0
425713,2025-05-26,800000.0
427291,2025-06-22,200000.0
427572,2025-06-02,10000000.0
428954,2025-06-01,800000.0
429086,2025-05-11,100000.0
429259,2025-06-02,6000000.0
430280,2025-06-16,8500000.0
430310,2025-05-29,4000000.0
431422,2025-06-15,1500000.0
431424,2025-04-03,125000.0
431561,2025-06-18,800000.0
431755,2025-05-29,50000000.0
431811,2025-06-16,2300000.0
432281,2025-06-18,2000000.0
432982,2025-06-04,14000000.0
433181,2025-06-16,6000000.0
433183,2025-05-29,10000000.0
433257,2025-05-29,500000.0
433388,2025-06-18,800000.0
434110,2025-05-27,2000000.0
434116,2025-06-04,5000000.0
434224,2025-05-29,25000000.0
434551,2025-06-01,3000000.0
434602,2025-06-23,600000.0
435648,2025-05-29,30000000.0
435772,2025-06-16,35000000.0
435796,2025-06-04,6000000.0
438971,2025-06-08,2000000.0
442248,2025-05-29,7000000.0
442320,2025-06-11,500000.0
442805,2025-06-23,1200000.0
443900,2022-10-03,0.0
445939,2025-05-29,75000000.0
447053,2024-03-18,0.0
447995,2025-05-29,4000000.0
448466,2025-05-29,1000000.0
448705,2025-06-15,7000000.0
449496,2025-06-08,1800000.0
450417,2025-06-01,1000000.0
451154,2025-06-16,200000.0
451310,2025-06-18,500000.0
451340,2025-04-03,250000.0
451677,2025-06-11,25000000.0
452054,2025-06-08,400000.0
452065,2025-06-22,75000.0
452084,2025-06-17,5000000.0
452121,2025-06-18,2000000.0
452707,2025-06-16,100000.0
452877,2025-06-25,450000.0
453594,2025-06-09,300000.0
453597,2025-05-25,200000.0
453737,2025-06-10,800000.0
453742,2025-06-04,500000.0
453824,2025-05-26,10000000.0
454187,2024-09-24,0.0
454667,2025-01-23,0.0
454863,2025-06-04,5000000.0
455662,2025-06-04,450000.0
455922,2025-06-10,500000.0
456492,2025-06-18,1000000.0
457221,2025-06-23,4000000.0
457236,2025-06-18,300000.0
457237,2025-06-01,200000.0
258519,2025-05-26,1500000.0
258879,2025-04-03,150000.0
258923,2025-05-29,50000000.0
259025,2025-06-17,1400000.0
259350,2025-06-02,400000.0
259930,2025-05-25,2000000.0
260662,2025-05-25,400000.0
260806,2025-06-11,800000.0
260827,2025-05-29,27000000.0
261155,2025-06-05,250000.0
261927,2025-05-29,12000000.0
261963,2025-06-02,1000000.0
262365,2025-06-23,1000000.0
262521,2025-06-18,250000.0
262523,2025-06-16,4500000.0
262597,2025-06-12,200000.0
262608,2025-06-24,1200000.0
262972,2023-01-26,0.0
262980,2025-05-29,10000000.0
263183,2025-04-03,0.0
263294,2022-10-03,0.0
263380,2025-06-11,1700000.0
263627,2025-04-03,100000.0
263727,2025-06-08,2500000.0
263801,2025-06-09,500000.0
263856,2025-06-23,500000.0
263918,2025-06-02,20000000.0
264304,2025-06-10,150000.0
264514,2025-06-01,400000.0
264567,2025-05-27,450000.0
265079,2025-06-08,100000.0
265176,2025-06-18,3000000.0
265504,2023-06-06,0.0
265573,2025-03-13,0.0
265590,2025-06-11,200000.0
265625,2025-06-01,400000.0
267101,2025-06-18,150000.0
267147,2025-05-22,400000.0
267420,2025-06-09,300000.0
268179,2025-06-08,400000.0
268185,2025-05-26,1200000.0
268429,2025-06-16,8500000.0
268555,2023-11-12,0.0
270412,2017-06-30,0.0
270901,2025-06-11,700000.0
271390,2025-06-01,300000.0
272261,2025-06-17,2500000.0
272278,2025-06-04,15000000.0
272549,2023-11-24,0.0
272587,2025-06-04,800000.0
272631,2025-05-28,1000000.0
272633,2024-07-02,0.0
272642,2025-06-17,13000000.0
272679,2025-04-03,400000.0
272812,2025-06-16,2400000.0
272999,2025-06-04,10000000.0
273000,2025-09-04,3000000.0
273054,2025-06-18,550000.0
273130,2025-05-15,175000.0
273132,2025-06-16,8000000.0
273438,2025-06-05,2500000.0
273669,2025-06-04,2000000.0
274347,2025-05-27,250000.0
274484,2025-04-03,700000.0
275218,2025-06-08,6000000.0
276896,2025-06-16,3000000.0
277114,2025-04-03,2000000.0
277137,2025-06-08,2000000.0
277167,2025-09-08,0.0
277268,2022-10-03,0.0
277533,2025-06-23,450000.0
277635,2025-06-04,2000000.0
277723,2025-06-17,700000.0
278404,2025-06-04,150000.0
278578,2024-09-15,0.0
278651,2025-06-23,800000.0
278837,2025-06-08,2000000.0
279064,2025-05-07,150000.0
279455,2025-05-29,15000000.0
279657,2024-08-25,0.0
280239,2025-06-02,550000.0
281319,2025-05-07,500000.0
281755,2025-05-28,1200000.0
281963,2025-06-02,25000000.0
281990,2025-06-23,200000.0
282076,2025-06-16,1500000.0
282199,2025-05-22,900000.0
282250,2025-06-15,2500000.0
282371,2025-06-05,1000000.0
282411,2025-06-08,25000000.0
282660,2025-06-04,20000000.0
282700,2025-06-08,1500000.0
282721,2025-06-24,300000.0
282726,2025-05-29,200000.0
282810,2025-06-08,2000000.0
282939,2025-05-26,1500000.0
283001,2025-06-10,400000.0
283136,2021-06-30,0.0
283196,2025-06-11,13000000.0
283528,2025-05-25,2200000.0
283628,2025-05-29,18000000.0
283735,2025-06-16,20000000.0
284188,2025-04-03,300000.0
284430,2025-06-23,1000000.0
284636,2025-05-14,75000.0
284727,2025-09-04,2000000.0
284854,2025-06-08,2500000.0
284872,2025-06-24,100000.0
285322,2025-06-11,1300000.0
285771,2025-05-26,1500000.0
286047,2025-05-29,32000000.0
286779,2025-04-03,450000.0
286841,2023-07-16,0.0
287254,2019-06-02,0.0
287307,2025-05-14,100000.0
287528,2025-06-29,175000.0
287579,2025-06-17,17000000.0
287631,2023-09-01,0.0
287648,2025-06-18,450000.0
287681,2025-06-18,200000.0
287863,2025-06-01,2400000.0
287876,2025-06-01,350000.0
288225,2025-06-02,18000000.0
288248,2025-06-09,100000.0
288253,2025-05-29,6000000.0
288255,2025-06-08,5000000.0
288259,2025-06-11,800000.0
288340,2025-06-04,5000000.0
288371,2020-05-10,0.0
288376,2021-06-30,0.0
288570,2025-05-14,75000.0
289065,2025-06-18,250000.0
289167,2025-06-23,1200000.0
289446,2025-06-16,3000000.0
289592,2025-05-29,18000000.0
289791,2025-06-16,150000.0
289846,2025-06-17,350000.0
290087,2022-10-03,0.0
290273,2025-06-08,1800000.0
290418,2025-05-14,150000.0
290573,2018-05-19,0.0
290577,2016-05-03,0.0
290593,2025-04-03,400000.0
290603,2025-03-20,0.0
290698,2025-05-26,100000.0
290733,2025-06-18,100000.0
290928,2024-03-06,0.0
290951,2025-05-15,750000.0
291039,2025-06-24,300000.0
291103,2015-04-10,0.0
291111,2025-05-28,450000.0
291171,2025-06-17,200000.0
291276,2025-06-05,250000.0
291522,2025-05-14,100000.0
292422,2025-06-01,1000000.0
292534,2025-06-04,5000000.0
292772,2025-06-01,1500000.0
292818,2025-06-04,3500000.0
293200,2025-06-16,8000000.0
293784,2025-06-29,175000.0
294534,2025-06-18,400000.0
294791,2025-06-09,2500000.0
294798,2025-06-05,700000.0
294808,2025-05-26,14000000.0
295065,2025-06-23,1500000.0
295630,2025-06-04,3000000.0
296284,2025-05-14,75000.0
296340,2025-06-01,400000.0
296356,2025-06-04,1000000.0
296359,2025-06-01,600000.0
296378,2025-06-18,1500000.0
297064,2025-05-14,75000.0
297444,2025-06-01,700000.0
297635,2022-10-03,0.0
297649,2025-05-14,100000.0
297784,2025-06-11,700000.0
298276,2025-06-04,50000.0
298477,2025-06-08,2500000.0
298983,2025-06-23,2500000.0
301237,2025-06-18,200000.0
302371,2025-06-08,2500000.0
302886,2020-07-31,0.0
303140,2025-09-04,2000000.0
303219,2025-06-04,12000000.0
303254,2025-06-16,20000000.0
303402,2016-06-05,0.0
303657,2025-06-16,2500000.0
306191,2025-07-09,0.0
307807,2025-06-08,1200000.0
308133,2025-06-02,1500000.0
308278,2025-06-17,3000000.0
308279,2025-06-16,12000000.0
308371,2025-05-29,1000000.0
308439,2025-06-17,6000000.0
308552,2025-06-15,2500000.0
308801,2025-06-19,200000.0
309180,2025-06-08,2000000.0
309400,2025-05-29,65000000.0
309847,2025-06-05,650000.0
311178,2025-06-16,2500000.0
312341,2025-06-01,1600000.0
312819,2025-06-16,1400000.0
313113,2025-06-24,200000.0
313830,2025-06-01,1500000.0
314268,2024-09-26,0.0
314369,2025-05-14,100000.0
314678,2025-06-08,40000000.0
314944,2025-06-03,2500000.0
315054,2025-04-03,0.0
315256,2024-10-24,0.0
315437,2023-08-03,0.0
315779,2025-06-16,50000000.0
315850,2025-06-18,450000.0
315857,2025-06-01,750000.0
315865,2025-06-16,15000000.0
315866,2024-09-24,0.0
316264,2025-05-29,85000000.0
316551,2025-05-26,1000000.0
316884,2025-06-08,6000000.0
317740,2025-06-10,500000.0
317753,2024-01-25,0.0
318058,2025-06-18,75000.0
318077,2025-06-17,13000000.0
318520,2025-06-23,1500000.0
318523,2025-06-08,5000000.0
318528,2025-06-16,75000000.0
319176,2022-12-31,0.0
319177,2025-06-18,175000.0
319231,2025-06-09,550000.0
319301,2025-05-26,18000000.0
319817,2025-05-27,175000.0
319859,2025-05-29,14000000.0
320271,2025-06-08,1800000.0
321065,2025-06-01,450000.0
321079,2025-05-26,1000000.0
322065,2025-06-18,2000000.0
322702,2025-05-26,3500000.0
322917,2025-03-17,0.0
323167,2025-06-16,14000000.0
323872,2025-06-04,4000000.0
324282,2025-06-01,1400000.0
324341,2025-06-04,1000000.0
324377,2025-06-16,3200000.0
324378,2025-06-01,600000.0
324819,2025-06-02,2000000.0
325993,2025-06-01,1000000.0
326031,2025-05-29,38000000.0
326330,2025-06-08,45000000.0
326416,2025-06-23,1200000.0
327863,2025-06-05,700000.0
328658,2025-05-29,18000000.0
329145,2025-06-17,9500000.0
330126,2025-05-22,4500000.0
330635,2025-06-18,2000000.0
331389,2025-06-01,250000.0
331514,2025-06-24,650000.0
331560,2025-05-29,18000000.0
331575,2025-06-04,1500000.0
331779,2025-05-26,500000.0
331977,2025-06-01,400000.0
332047,2025-06-01,800000.0
332134,2023-03-06,0.0
332179,2025-06-16,6000000.0
332341,2025-05-26,3500000.0
332342,2025-06-16,450000.0
332697,2025-06-16,22000000.0
333450,2025-06-09,800000.0
333464,2025-06-18,450000.0
333802,2025-05-26,2500000.0
333901,2024-03-18,0.0
334835,2025-06-16,800000.0
334992,2025-06-01,2000000.0
335003,2025-06-15,1200000.0
335147,2025-06-16,1000000.0
335209,2025-06-15,5000000.0
335457,2025-06-04,22000000.0
335516,2025-06-01,4000000.0
335721,2025-05-29,45000000.0
335954,2025-06-05,75000.0
335997,2025-05-27,500000.0
336125,2025-06-16,3000000.0
336646,2025-05-27,8000000.0
336731,2025-05-22,400000.0
336747,2025-05-15,275000.0
336760,2025-05-14,50000.0
336869,2025-06-08,6000000.0
336959,2025-06-18,225000.0
337083,2025-06-10,250000.0
337092,2025-06-04,2000000.0
337179,2025-06-16,100000.0
337310,2025-02-26,100000.0
337321,2025-04-03,75000.0
337946,2025-06-23,600000.0
338032,2025-06-18,1000000.0
338629,2025-06-04,6000000.0
338637,2025-06-11,2500000.0
338672,2025-06-11,1000000.0
339501,2025-06-23,500000.0
339566,2022-10-03,0.0
339707,2025-05-27,5000000.0
339782,2025-05-14,100000.0
340070,2025-05-14,125000.0
340151,2025-06-01,300000.0
340206,2025-06-24,250000.0
340264,2025-06-18,100000.0
340321,2025-05-29,5000000.0
340325,2025-05-29,16000000.0
340339,2025-06-08,1500000.0
340435,2025-06-18,225000.0
340448,2025-06-01,200000.0
340636,2024-09-15,0.0
340639,2023-07-05,0.0
340867,2025-06-23,2000000.0
340918,2025-05-29,20000000.0
341051,2025-05-29,15000000.0
341227,2025-06-16,15000000.0
341228,2025-06-24,200000.0
341264,2025-06-08,18000000.0
341272,2025-06-23,1500000.0
341277,2025-06-23,1500000.0
341394,2025-05-01,350000.0
341396,2025-06-01,900000.0
341710,2025-06-05,4500000.0
342046,2025-05-29,5000000.0
342048,2025-05-26,3500000.0
342100,2025-06-19,175000.0
342204,2025-06-18,100000.0
342878,2025-05-25,250000.0
342966,2025-06-22,75000.0
343332,2025-06-10,600000.0
343959,2025-06-04,2000000.0
344015,2025-06-29,325000.0
344069,2025-06-04,14000000.0
344152,2025-05-29,8000000.0
344393,2025-05-29,150000.0
344591,2025-06-23,800000.0
344592,2025-06-12,150000.0
344600,2025-06-18,3500000.0
345084,2025-04-03,600000.0
345172,2025-03-10,175000.0
345189,2025-06-01,500000.0
345748,2025-06-15,900000.0
345780,2025-06-09,2000000.0
346482,2025-06-17,350000.0
346528,2025-06-01,50000.0
346546,2025-06-02,6000000.0
346561,2025-06-16,12000000.0
346779,2025-06-16,15000000.0
347594,2025-06-23,1200000.0
347900,2025-05-27,22000000.0
349066,2025-05-29,120000000.0
349503,2025-05-29,6000000.0
350082,2025-06-01,300000.0
351478,2025-06-08,25000000.0
351506,2025-06-05,175000.0
351843,2025-06-01,800000.0
353211,2025-06-26,250000.0
353674,2025-06-17,500000.0
353932,2024-09-30,0.0
354312,2025-06-24,50000.0
354814,2025-06-02,6000000.0
355369,2025-06-02,3000000.0
355627,2025-06-02,7000000.0
355641,2025-06-09,3000000.0
356197,2025-06-08,2500000.0
357158,2025-06-05,3500000.0
357656,2025-05-26,3000000.0
357662,2025-05-29,120000000.0
357885,2025-06-08,6000000.0
357995,2025-06-01,300000.0
358003,2025-06-01,7000000.0
358008,2025-06-16,4000000.0
358115,2025-06-08,1400000.0
358166,2025-06-16,5000000.0
358509,2025-06-01,250000.0
358981,2024-09-26,0.0
360518,2025-06-16,35000000.0
361065,2025-06-02,7000000.0
361256,2025-06-17,6000000.0
361260,2025-06-04,5000000.0
362086,2025-06-08,3500000.0
362835,2025-05-28,175000.0
362842,2025-06-08,5000000.0
363057,2025-06-08,3000000.0
363541,2025-06-24,150000.0
364135,2025-06-16,50000000.0
364232,2025-06-02,700000.0
364234,2025-05-27,1200000.0
364603,2025-06-08,1500000.0
364828,2025-08-31,0.0
364861,2025-06-09,1200000.0
364938,2025-06-17,2500000.0
365565,2025-06-18,500000.0
366931,2025-06-24,250000.0
367464,2025-06-23,3000000.0
367466,2025-06-08,3000000.0
368582,2025-06-24,350000.0
368887,2025-06-04,50000000.0
369567,2025-05-29,4000000.0
369674,2025-06-04,14000000.0
370435,2025-06-18,150000.0
370846,2025-06-16,17000000.0
371145,2025-05-28,1000000.0
371149,2025-06-16,30000000.0
371150,2025-06-19,250000.0
371247,2025-09-04,8000000.0
371436,2025-05-26,1500000.0
371686,2025-06-02,1800000.0
371816,2025-06-02,1000000.0
372051,2025-05-29,900000.0
372267,2025-05-27,12000000.0
372809,2025-06-01,4000000.0
373379,2025-06-18,175000.0
373433,2025-06-11,3500000.0
373939,2025-06-01,700000.0
374040,2025-06-01,2000000.0
374418,2025-06-01,700000.0
375382,2025-06-08,10000000.0
375816,2025-06-01,2000000.0
375857,2025-06-03,2000000.0
376211,2025-05-26,5000000.0
376588,2025-06-11,2500000.0
377042,2025-06-16,6000000.0
377243,2025-06-01,4500000.0
377729,2025-06-18,4000000.0
378630,2019-09-27,0.0
378883,2025-06-18,1000000.0
378954,2024-03-05,0.0
380078,2025-06-10,250000.0
380415,2025-05-26,3000000.0
380423,2025-06-23,150000.0
380744,2025-05-26,1500000.0
381706,2025-06-16,600000.0
381724,2025-06-03,3000000.0
381963,2025-05-26,5000000.0
382552,2022-10-03,0.0
382571,2025-05-14,50000.0
385412,2025-06-16,200000.0
385848,2025-05-26,800000.0
386447,2025-06-18,150000.0
386967,2025-06-01,2200000.0
387017,2023-07-28,0.0
387036,2024-06-26,0.0
387047,2025-06-04,13000000.0
387112,2025-05-26,200000.0
387191,2025-05-26,1800000.0
387234,2025-06-16,1800000.0
387313,2025-06-04,300000.0
388294,2025-06-04,4000000.0
388545,2025-06-23,2500000.0
388820,2025-06-17,2500000.0
389253,2025-06-16,6000000.0
389441,2025-06-11,350000.0
390163,2025-06-01,900000.0
390177,2025-06-16,3000000.0
390304,2025-06-16,1500000.0
390942,2025-06-23,500000.0
391406,2024-03-18,0.0
391498,2025-06-24,400000.0
391720,2025-06-01,1000000.0
391780,2025-06-04,5000000.0
391931,2025-05-29,300000.0
392085,2025-06-16,12000000.0
392163,2025-06-04,5000000.0
392514,2025-05-14,25000.0
392569,2025-06-16,4000000.0
392757,2025-05-29,45000000.0
392767,2025-05-29,4000000.0
392772,2024-09-26,0.0
392959,2025-06-16,9500000.0
392964,2025-06-04,18000000.0
393238,2025-06-02,12000000.0
393239,2025-05-27,1500000.0
393804,2025-06-18,200000.0
394330,2023-10-18,0.0
395122,2025-06-23,3000000.0
395190,2025-06-18,200000.0
395234,2025-06-17,10000000.0
395236,2025-06-16,11000000.0
395295,2025-06-01,250000.0
395522,2025-06-04,4500000.0
395695,2025-06-02,3000000.0
396109,2025-06-23,500000.0
396174,2025-05-26,4000000.0
396333,2025-06-23,1800000.0
396334,2025-06-23,1000000.0
396638,2025-05-26,14000000.0
396681,2025-05-14,75000.0
397102,2025-06-17,200000.0
397225,2025-06-16,6000000.0
398184,2025-06-08,40000000.0
398808,2025-06-23,1800000.0
399775,2025-06-24,150000.0
399776,2025-05-29,32000000.0
399779,2025-06-24,250000.0
400131,2025-06-04,2500000.0
400536,2025-05-29,15000000.0
401320,2025-05-29,14000000.0
401578,2025-06-04,40000000.0
401583,2025-06-08,500000.0
401604,2025-06-18,2000000.0
402008,2025-06-04,16000000.0
403177,2025-06-18,2000000.0
403808,2025-06-05,2000000.0
404418,2025-05-27,30000000.0
404584,2025-05-26,2200000.0
404839,2025-06-08,18000000.0
404842,2025-05-29,28000000.0
405385,2025-05-29,11000000.0
405393,2025-06-10,350000.0
405399,2025-06-17,3500000.0
405685,2025-06-22,175000.0
405687,2025-06-04,4000000.0
405689,2025-06-18,600000.0
405885,2025-06-16,25000000.0
406008,2025-05-26,1400000.0
406040,2025-06-16,60000000.0
406151,2025-05-29,4000000.0
406556,2025-05-29,600000.0
406632,2025-06-01,2800000.0
406634,2025-05-29,22000000.0
406637,2025-06-16,150000.0
408471,2025-06-08,10000000.0
409153,2025-06-02,3000000.0
410059,2025-05-25,150000.0
410225,2025-05-29,25000000.0
410561,2025-06-18,300000.0
410649,2025-06-05,4000000.0
411295,2025-06-08,90000000.0
411379,2022-10-03,0.0
411495,2025-06-29,225000.0
412758,2025-06-01,1500000.0
412935,2025-06-18,2000000.0
412953,2025-05-26,4500000.0
413112,2025-06-08,75000000.0
413245,2025-06-12,550000.0
413843,2025-06-04,6000000.0
415912,2025-05-29,17000000.0
415970,2025-05-26,5000000.0
416074,2019-09-27,0.0
417278,2025-06-01,2500000.0
417913,2025-04-03,2500000.0
418215,2025-06-15,175000.0
418560,2025-05-29,180000000.0
418651,2025-06-02,7000000.0
420002,2025-05-29,30000000.0
420179,2025-06-01,300000.0
420210,2025-06-04,20000000.0
420515,2025-07-29,0.0
421766,2025-06-01,150000.0
421768,2025-06-18,250000.0
422466,2025-06-08,2500000.0
422850,2025-06-23,1000000.0
422851,2022-12-31,0.0
422893,2025-06-02,550000.0
422986,2025-06-02,150000.0
423166,2025-06-23,1400000.0
423571,2025-01-23,0.0
423744,2025-06-16,20000000.0
424072,2025-06-02,2500000.0
424204,2025-06-04,50000000.0
425026,2025-06-18,1000000.0
425571,2025-06-24,150000.0
425918,2025-05-29,28000000.0
426790,2025-06-12,250000.0
426906,2025-06-18,50000.0
427161,2025-05-27,1000000.0
429014,2025-05-29,50000000.0
429874,2025-06-04,15000000.0
429901,2025-06-02,800000.0
430503,2025-06-18,450000.0
431417,2025-06-16,50000.0
432141,2023-06-30,0.0
432164,2025-06-05,15000000.0
432671,2025-06-04,750000.0
432914,2025-06-05,8000000.0
433188,2025-05-29,45000000.0
433584,2025-06-16,4000000.0
433887,2025-06-01,600000.0
435493,2025-06-23,800000.0
436585,2025-05-26,3000000.0
438001,2025-05-29,10000000.0
438682,2025-06-05,900000.0
440878,2025-05-14,100000.0
441238,2024-09-24,0.0
441287,2025-05-25,1200000.0
441986,2025-06-16,35000000.0
442531,2025-05-26,5000000.0
442552,2025-06-01,1000000.0
442703,2025-06-16,1800000.0
443222,2025-06-08,800000.0
443710,2025-06-04,45000000.0
444725,2025-05-07,200000.0
445631,2025-06-24,150000.0
446106,2025-05-25,6500000.0
447063,2025-08-20,0.0
447221,2025-05-22,1000000.0
447661,2025-06-16,30000000.0
448177,2025-06-18,1000000.0
448628,2025-06-08,4000000.0
450050,2025-05-29,18000000.0
450234,2025-06-18,1000000.0
451353,2025-06-24,1400000.0
451403,2025-06-05,200000.0
452483,2025-06-23,5000000.0
453864,2025-06-03,1000000.0
455068,2025-09-07,2500000.0
455348,2025-06-24,200000.0
456080,2025-06-25,275000.0
456877,2025-06-29,200000.0
456938,2025-06-24,150000.0
457422,2025-06-01,4000000.0
457674,2025-06-01,800000.0
458466,2025-05-28,225000.0
458777,2025-06-01,1200000.0
459095,2022-05-03,0.0
459101,2025-05-14,125000.0
459128,2025-06-16,8000000.0
459151,2025-06-16,8500000.0
459763,2025-06-16,25000000.0
459842,2025-06-04,300000.0
459953,2025-06-01,300000.0
460255,2025-04-03,50000.0
460654,2025-04-03,200000.0
460757,2025-06-18,100000.0
461600,2025-04-03,50000.0
461619,2025-06-23,400000.0
462251,2024-01-16,0.0
462348,2025-06-02,5000000.0
463600,2025-06-02,30000000.0
463608,2024-03-06,0.0
463610,2025-06-11,2000000.0
463611,2025-04-03,300000.0
463618,2025-06-16,40000000.0
464465,2025-06-18,50000.0
465003,2020-06-30,0.0
465555,2025-06-02,20000000.0
465715,2025-06-16,1500000.0
465955,2025-06-02,20000000.0
466794,2025-06-08,18000000.0
466802,2025-06-16,15000000.0
466807,2025-06-08,1500000.0
467426,2025-06-10,300000.0
467434,2025-06-04,15000000.0
467992,2025-06-16,30000000.0
468249,2025-06-05,6000000.0
469690,2025-06-05,1500000.0
469737,2025-06-24,200000.0
469822,2025-06-16,30000000.0
469949,2025-06-18,600000.0
469958,2025-05-26,2500000.0
470038,2025-06-18,6000000.0
470391,2025-06-01,650000.0
470422,2025-05-22,450000.0
470816,2025-06-18,200000.0
471890,2025-06-04,1500000.0
471901,2025-06-22,175000.0
472243,2025-06-18,600000.0
472249,2025-06-18,3000000.0
475188,2025-05-29,20000000.0
476344,2025-06-16,9000000.0
476367,2025-06-16,150000.0
476498,2025-06-10,75000.0
476701,2025-05-29,45000000.0
477758,2025-05-29,24000000.0
478872,2025-05-15,800000.0
479999,2025-05-29,55000000.0
480987,2025-05-26,6000000.0
481166,2023-06-20,0.0
481834,2025-06-16,2800000.0
482573,2025-06-09,3500000.0
483007,2025-06-02,100000.0
483461,2025-05-27,2200000.0
483573,2025-06-23,600000.0
484387,2025-06-04,1200000.0
484389,2025-06-17,200000.0
484390,2022-10-03,0.0
484547,2025-06-04,50000000.0
484987,2025-05-27,375000.0
484991,2025-06-01,50000.0
485960,2025-06-02,10000000.0
485962,2023-03-06,0.0
486031,2025-06-16,24000000.0
486477,2025-05-26,4000000.0
487633,2025-06-18,400000.0
487688,2025-06-22,450000.0
487828,2025-06-18,200000.0
487836,2025-06-18,1000000.0
487838,2025-06-18,400000.0
487843,2025-06-16,5000000.0
488270,2025-08-28,75000.0
488656,2025-05-26,2000000.0
488784,2025-06-16,1000000.0
488996,2025-06-16,3000000.0
489971,2019-05-15,0.0
490307,2022-10-09,0.0
491648,2025-06-29,700000.0
492319,2025-05-29,5000000.0
493674,2025-05-29,200000.0
494236,2025-06-08,2000000.0
494586,2025-06-02,2000000.0
495489,2025-04-23,500000.0
495622,2025-06-24,300000.0
495627,2025-06-24,200000.0
496857,2025-06-02,25000000.0
497312,2025-06-01,250000.0
498043,2023-10-27,0.0
500067,2025-06-08,4000000.0
500087,2022-06-30,0.0
500419,2025-06-18,175000.0
501049,2025-06-04,500000.0
502065,2025-05-26,1000000.0
502511,2025-05-25,250000.0
502676,2025-06-08,30000000.0
503162,2025-06-11,500000.0
503679,2025-06-29,700000.0
503686,2025-05-26,8000000.0
503733,2025-05-29,65000000.0
503795,2025-05-26,1500000.0
503871,2025-06-16,20000000.0
504084,2025-06-22,150000.0
504089,2025-06-22,250000.0
504148,2025-05-29,11000000.0
504209,2025-06-16,6000000.0
504507,2025-06-29,175000.0
504518,2025-06-16,200000.0
504581,2025-05-26,4500000.0
504825,2025-06-18,100000.0
504849,2025-05-29,40000000.0
504855,2025-06-17,400000.0
505194,2025-05-29,6000000.0
505219,2025-05-29,18000000.0
505674,2025-06-08,3000000.0
506941,2025-06-24,400000.0
507472,2025-06-09,600000.0
507486,2025-06-16,5000000.0
509022,2025-06-16,24000000.0
509268,2023-10-18,0.0
511021,2025-06-08,1500000.0
511246,2025-06-18,700000.0
513972,2025-06-24,150000.0
514888,2025-06-15,7000000.0
517376,2025-06-17,3800000.0
520054,2022-10-03,0.0
521412,2025-06-23,125000.0
521455,2025-06-23,600000.0
521919,2025-06-10,175000.0
521964,2025-06-16,18000000.0
522223,2025-06-04,2500000.0
522788,2025-06-01,2500000.0
522791,2025-05-25,400000.0
522850,2025-06-11,700000.0
523318,2025-06-16,10000000.0
523913,2025-05-29,250000.0
524010,2025-06-16,2000000.0
524393,2025-06-18,0.0
524428,2025-06-01,1000000.0
524937,2025-06-23,300000.0
525140,2025-06-02,2500000.0
525578,2025-06-08,2000000.0
526258,2025-06-08,150000.0
526873,2025-06-29,75000.0
527425,2025-05-29,2000000.0
528888,2025-06-17,300000.0
529895,2025-06-18,3500000.0
530742,2025-06-16,7500000.0
531274,2025-06-24,250000.0
531404,2025-06-23,1400000.0
531829,2025-06-23,500000.0
531949,2025-06-04,2000000.0
532464,2024-12-11,0.0
532539,2025-06-17,1800000.0
532541,2025-05-26,3200000.0
532776,2025-06-04,18000000.0
533662,2025-05-29,12000000.0
534024,2025-06-22,600000.0
534084,2025-06-01,1500000.0
534376,2025-05-29,700000.0
535740,2025-06-16,100000.0
535820,2025-06-05,3500000.0
536030,2025-06-23,1500000.0
536482,2025-06-04,6000000.0
536507,2025-05-22,2500000.0
537182,2025-09-04,25000.0
537367,2025-06-23,200000.0
537373,2025-05-22,250000.0
537598,2025-05-29,22000000.0
538063,2025-06-18,250000.0
538864,2025-06-24,350000.0
538972,2025-08-25,100000.0
538974,2025-06-18,2000000.0
538994,2025-06-02,7000000.0
539065,2025-06-01,800000.0
539154,2025-06-22,350000.0
539810,2025-05-27,150000.0
540302,2025-05-25,2000000.0
540630,2025-06-17,100000.0
540665,2025-06-12,150000.0
540687,2025-05-26,800000.0
542588,2025-06-01,500000.0
542697,2025-06-05,2000000.0
543164,2025-05-26,2200000.0
543387,2025-05-29,25000000.0
543499,2025-05-29,45000000.0
543736,2025-05-27,1000000.0
544149,2025-06-16,5500000.0
545503,2025-06-02,225000.0
545520,2025-06-25,325000.0
545538,2025-06-16,4500000.0
546543,2025-05-29,45000000.0
547248,2025-06-08,800000.0
548031,2025-06-17,2200000.0
548348,2025-06-04,10000000.0
550106,2025-06-16,4500000.0
550108,2025-06-16,12000000.0
550550,2025-06-02,40000000.0
550957,2025-06-16,700000.0
552223,2025-06-16,6000000.0
552472,2025-06-16,2000000.0
552655,2025-05-27,14000000.0
553285,2025-06-18,5000000.0
554395,2025-05-15,175000.0
555015,2025-06-05,2000000.0
557132,2025-06-18,150000.0
558139,2025-04-23,300000.0
561702,2025-06-24,300000.0
562049,2025-06-16,5000000.0
562058,2025-06-05,400000.0
562255,2025-06-01,400000.0
562287,2025-06-18,150000.0
564529,2025-05-29,15000000.0
564532,2025-06-18,225000.0
565420,2025-08-20,0.0
565435,2025-06-16,12000000.0
565684,2024-09-24,0.0
566025,2025-06-02,4000000.0
566613,2025-06-16,800000.0
566723,2025-06-04,100000000.0
566799,2025-05-26,22000000.0
567114,2025-05-26,400000.0
567576,2025-05-29,32000000.0
568005,2025-05-26,7000000.0
568149,2025-06-24,150000.0
568156,2025-06-23,700000.0
568698,2025-06-02,2000000.0
569140,2025-06-02,4000000.0
569288,2025-06-10,100000.0
569366,2025-06-04,35000000.0
569387,2025-06-04,7000000.0
569845,2025-06-11,6000000.0
570864,2025-05-26,500000.0
571020,2025-06-08,60000000.0
571271,2025-06-16,1800000.0
571743,2025-05-29,12000000.0
572271,2025-06-23,1200000.0
572658,2025-06-18,75000.0
572919,2025-06-10,600000.0
574164,2025-05-29,200000.0
574193,2025-06-18,1200000.0
574197,2025-06-10,225000.0
574669,2025-06-03,800000.0
574889,2025-06-18,300000.0
575472,2025-06-24,100000.0
576028,2025-06-02,25000000.0
576033,2025-06-02,1500000.0
576099,2025-06-19,300000.0
578419,2025-06-23,2000000.0
578421,2025-05-29,700000.0
580030,2025-06-29,300000.0
580451,2025-06-08,22000000.0
580560,2025-06-08,6000000.0
580809,2025-06-17,350000.0
581113,2025-06-05,300000.0
581357,2025-06-04,4000000.0
581683,2025-06-22,300000.0
582078,2025-05-29,350000.0
582353,2025-06-09,13000000.0
583046,2025-06-16,1500000.0
583508,2025-06-24,200000.0
583699,2025-06-04,4000000.0
583767,2025-06-18,1500000.0
583952,2024-09-13,0.0
584254,2025-06-04,1500000.0
584769,2025-05-29,25000000.0
587505,2025-06-08,750000.0
588747,2025-06-10,300000.0
590629,2025-05-25,300000.0
590914,2025-06-01,300000.0
591190,2025-05-27,150000.0
591197,2025-05-25,25000.0
591796,2025-06-23,800000.0
591844,2025-06-17,1500000.0
591914,2025-04-03,200000.0
591949,2025-05-29,10000000.0
592735,2025-09-04,8000000.0
593482,2025-05-22,10000000.0
594992,2025-06-01,1500000.0
596153,2025-06-04,7000000.0
596216,2024-09-26,0.0
596813,2025-06-10,350000.0
597004,2025-06-22,75000.0
597432,2025-06-04,13000000.0
597659,2025-06-02,10000000.0
598608,2025-06-24,200000.0
598958,2024-09-24,0.0
599419,2025-06-04,8000000.0
599663,2025-06-02,5000000.0
601883,2025-05-29,35000000.0
602124,2025-06-16,5000000.0
602979,2024-09-24,0.0
603675,2025-06-01,700000.0
604326,2025-06-18,1800000.0
604327,2025-06-04,3000000.0
604359,2025-06-04,1500000.0
605184,2025-05-29,25000000.0
605558,2025-06-15,200000.0
605893,2025-06-26,1000000.0
606119,2025-06-04,4000000.0
606160,2025-06-24,300000.0
606301,2025-06-22,125000.0
607034,2025-06-08,5000000.0
607223,2025-06-02,45000000.0
607226,2025-06-16,10000000.0
607779,2025-06-24,150000.0
607780,2025-06-22,300000.0
608172,2025-06-11,32000000.0
610238,2025-06-23,600000.0
610428,2025-05-27,3500000.0
610461,2025-06-23,1000000.0
610581,2025-05-26,2500000.0
610881,2025-06-18,75000.0
611075,2025-06-23,800000.0
611202,2025-06-24,150000.0
611426,2025-06-05,6000000.0
612517,2025-05-26,7000000.0
612826,2025-06-11,7000000.0
613533,2025-06-18,100000.0
614826,2024-01-16,0.0
615350,2025-06-08,1200000.0
616142,2025-06-18,300000.0
616162,2025-06-01,700000.0
616638,2025-06-05,350000.0
617019,2025-05-27,400000.0
617170,2025-06-18,400000.0
618408,2025-06-09,100000.0
618415,2025-04-23,250000.0
618681,2025-05-14,50000.0
619461,2025-06-01,5000000.0
620164,2025-06-23,2500000.0
620312,2025-06-09,400000.0
620321,2025-06-22,100000.0
620322,2025-05-29,35000000.0
620598,2025-06-04,7500000.0
621232,2025-05-14,50000.0
621993,2025-06-02,8000000.0
622992,2025-05-29,500000.0
623023,2025-06-24,25000.0
623412,2025-06-09,650000.0
624436,2025-06-01,1000000.0
625047,2025-06-08,18000000.0
625202,2025-06-16,1500000.0
625654,2025-06-23,1200000.0
625660,2025-06-08,4000000.0
626291,2024-10-31,0.0
626888,2025-05-26,2500000.0
626960,2025-06-24,400000.0
627228,2025-06-04,20000000.0
627290,2025-06-23,800000.0
627463,2025-06-01,1500000.0
627626,2025-05-26,22000000.0
628464,2025-06-23,400000.0
628487,2025-06-08,300000.0
628496,2025-06-24,300000.0
628498,2025-06-08,3000000.0
630984,2025-06-24,50000.0
631099,2025-06-24,250000.0
631927,2025-06-16,3000000.0
632498,2025-06-24,100000.0
632499,2025-06-24,50000.0
632501,2025-06-24,100000.0
632831,2025-06-01,6000000.0
632913,2025-06-24,50000.0
633056,2025-06-08,1000000.0
633306,2025-06-16,3000000.0
633454,2025-06-04,3000000.0
633652,2025-06-16,2500000.0
634431,2025-06-08,10000000.0
635336,2025-05-26,6000000.0
636093,2025-06-08,3000000.0
636686,2025-06-24,200000.0
636688,2025-06-08,60000000.0
636695,2025-06-08,30000000.0
636697,2025-06-24,400000.0
637117,2025-06-15,350000.0
638124,2025-06-24,200000.0
638964,2025-05-29,1000000.0
640428,2025-06-08,60000000.0
641553,2025-06-01,200000.0
644032,2025-06-16,2500000.0
644408,2025-06-16,3500000.0
644768,2025-06-02,50000.0
644771,2025-06-16,25000000.0
646353,2025-05-29,3000000.0
646738,2025-05-29,3500000.0
646750,2025-06-08,30000000.0
646991,2025-05-27,4000000.0
648020,2025-06-02,20000000.0
648032,2025-05-26,1000000.0
648046,2025-05-29,25000000.0
648195,2025-05-29,75000000.0
648779,2025-06-02,25000000.0
649023,2025-06-01,2500000.0
649026,2025-06-01,4000000.0
649490,2025-06-16,1400000.0
650224,2025-06-01,250000.0
650990,2025-06-18,125000.0
651002,2025-06-18,1000000.0
651569,2025-06-16,1500000.0
652275,2025-06-02,18000000.0
653415,2025-05-29,2000000.0
654991,2025-06-16,14000000.0
655143,2025-06-09,900000.0
655835,2025-05-26,400000.0
655986,2025-05-29,350000.0
657430,2025-06-08,15000000.0
657635,2025-06-18,600000.0
658116,2025-06-05,1200000.0
658674,2025-06-16,1000000.0
659089,2025-05-29,42000000.0
659420,2025-06-18,150000.0
659543,2025-06-02,18000000.0
662261,2025-06-16,7000000.0
663244,2025-05-29,15000000.0
663581,2025-05-26,15000000.0
665971,2025-06-22,175000.0
666234,2025-05-26,23000000.0
666547,2025-06-16,5000000.0
666977,2025-06-09,800000.0
667457,2025-06-09,10000000.0
667517,2025-06-02,8000000.0
667925,2025-06-17,500000.0
667965,2025-05-27,4000000.0
667967,2025-06-02,5000000.0
668177,2025-06-24,700000.0
668184,2025-06-24,100000.0
668207,2025-06-08,14000000.0
668273,2025-06-24,50000.0
668606,2025-06-15,10000000.0
668996,2025-06-01,225000.0
670096,2025-06-02,6000000.0
670861,2025-06-17,1500000.0
671542,2025-06-16,700000.0
671543,2025-06-19,50000.0
671649,2025-06-08,5000000.0
673514,2025-06-02,4000000.0
676318,2025-05-22,8000000.0
676411,2025-06-16,800000.0
677820,2025-06-02,50000.0
678006,2025-06-18,275000.0
678402,2025-03-17,0.0
678641,2025-05-29,300000.0
679754,2025-06-01,1700000.0
680447,2025-06-01,1500000.0
680806,2025-06-11,6000000.0
683840,2025-06-08,140000000.0
683895,2025-05-29,20000000.0
684062,2025-06-01,400000.0
686839,2025-06-17,300000.0
690218,2025-06-22,100000.0
691825,2025-06-01,2400000.0
691828,2025-05-14,0.0
691892,2025-06-04,22000000.0
692713,2025-06-22,125000.0
692734,2025-06-18,2500000.0
693095,2025-05-29,18000000.0
694535,2022-10-03,0.0
695646,2025-05-28,250000.0
696027,2025-06-22,75000.0
696164,2025-06-04,5000000.0
696600,2025-05-25,500000.0
696762,2025-06-16,125000.0
696892,2025-05-26,150000.0
697282,2025-05-29,150000.0
698110,2025-06-18,150000.0
698259,2025-06-16,6000000.0
698546,2025-06-18,6000000.0
698678,2025-05-27,8000000.0
700437,2024-09-26,0.0
701021,2025-05-26,1800000.0
703227,2025-06-18,100000.0
703245,2025-06-01,2200000.0
703577,2025-06-17,200000.0
704117,2024-06-26,0.0
704155,2025-06-11,2500000.0
704176,2025-06-18,200000.0
704553,2024-12-10,200000.0
704979,2025-06-19,1000000.0
705355,2025-06-01,300000.0
706138,2025-06-23,800000.0
706815,2025-05-29,500000.0
706889,2025-05-26,1000000.0
707450,2025-06-01,3500000.0
707643,2025-05-14,150000.0
708275,2025-06-18,100000.0
708370,2024-06-29,0.0
708635,2025-06-18,800000.0
708680,2023-03-06,0.0
709482,2025-06-01,1000000.0
709960,2025-06-24,150000.0
709971,2025-06-24,250000.0
710885,2025-06-19,2000000.0
711247,2025-05-26,2500000.0
711517,2025-06-04,7500000.0
711626,2025-06-24,300000.0
711969,2025-06-02,9000000.0
712042,2025-05-14,25000.0
714458,2025-05-26,500000.0
715630,2024-09-26,0.0
715679,2025-06-23,300000.0
716163,2025-06-24,300000.0
716276,2025-05-29,8000000.0
718034,2025-06-23,700000.0
718250,2024-12-15,200000.0
718303,2025-05-27,4000000.0
718581,2025-06-24,150000.0
719442,2025-06-04,6000000.0
719694,2025-06-04,800000.0
719999,2025-06-24,250000.0
721481,2025-05-14,25000.0
721746,2025-05-28,550000.0
721953,2023-10-18,0.0
722377,2025-05-26,50000.0
723485,2025-06-11,1500000.0
723771,2025-06-18,150000.0
724041,2025-05-26,600000.0
724108,2025-06-18,700000.0
724785,2025-05-26,2000000.0
726992,2025-06-29,100000.0
728311,2025-05-29,125000.0
728485,2025-06-16,1000000.0
728733,2025-06-16,3500000.0
729872,2025-06-02,1000000.0
730126,2025-06-16,1200000.0
730861,2025-05-29,45000000.0
731525,2025-06-16,700000.0
732096,2025-05-29,800000.0
734171,2022-10-07,0.0
734425,2025-06-29,550000.0
737781,2025-06-01,3000000.0
739076,2025-06-01,300000.0
739443,2025-05-29,18000000.0
741238,2025-05-29,22000000.0
741267,2025-06-16,175000.0
742201,2025-06-08,35000000.0
742451,2025-05-29,8000000.0
743495,2025-06-01,250000.0
743515,2025-06-01,1500000.0
743599,2025-06-17,1400000.0
743987,2025-06-22,300000.0
744942,2023-12-17,0.0
745181,2025-06-02,12000000.0
745446,2025-05-14,100000.0
745461,2025-05-26,12000000.0
745846,2025-05-26,50000.0
745851,2025-05-26,7500000.0
746712,2025-06-16,25000000.0
746740,2025-05-29,4000000.0
746910,2025-06-04,32000000.0
747009,2025-05-29,6000000.0
747996,2024-12-22,125000.0
748319,2025-05-29,14000000.0
750878,2025-06-01,5000000.0
750886,2025-06-05,300000.0
750903,2025-06-09,9000000.0
756591,2025-06-17,300000.0
763182,2025-06-02,4000000.0
764859,2025-06-08,5000000.0
766412,2025-06-01,1500000.0
766583,2025-06-08,8000000.0
766723,2025-06-08,1500000.0
767255,2025-06-24,100000.0
768380,2025-06-02,8000000.0
770407,2025-06-02,400000.0
770438,2025-06-02,50000.0
775985,2024-12-09,150000.0
780630,2025-06-08,4000000.0
783396,2025-06-08,4000000.0
783429,2025-06-24,200000.0
784429,2025-06-05,400000.0
784717,2025-03-17,0.0
787154,2025-06-24,300000.0
787232,2025-05-29,6000000.0
788283,2025-05-26,3000000.0
792380,2025-06-04,55000000.0
794349,2025-06-02,2000000.0
795431,2025-06-05,1000000.0
796300,2025-06-16,700000.0
796913,2025-06-09,300000.0
797791,2025-06-05,700000.0
798404,2025-06-02,9000000.0
799936,2025-06-01,800000.0
801420,2025-06-16,450000.0
801472,2025-05-26,200000.0
801474,2025-06-16,200000.0
804550,2024-07-12,0.0
804831,2025-06-05,3000000.0
804934,2025-06-01,800000.0
805835,2025-06-01,800000.0
807165,2025-06-02,4000000.0
807688,2025-06-02,1000000.0
807689,2025-06-02,3000000.0
808559,2025-06-01,750000.0
809498,2025-06-04,1500000.0
809716,2025-06-05,1000000.0
810092,2025-06-02,55000000.0
810205,2025-06-04,250000.0
810791,2024-12-03,200000.0
811431,2025-05-25,100000.0
811779,2025-05-29,45000000.0
812902,2025-05-26,1400000.0
814725,2025-04-03,250000.0
814848,2025-06-29,600000.0
814930,2025-06-01,100000.0
815359,2025-05-27,1000000.0
815546,2025-05-14,75000.0
815554,2025-05-14,10000.0
816930,2025-06-18,100000.0
817612,2025-06-17,1000000.0
818159,2025-05-14,50000.0
818237,2024-12-26,200000.0
818448,2025-06-16,2000000.0
818507,2025-05-14,50000.0
818898,2025-06-16,300000.0
818955,2025-06-18,125000.0
819215,2025-06-04,8500000.0
820146,2025-06-11,2000000.0
820261,2025-06-18,2500000.0
821136,2025-04-23,200000.0
821522,2025-05-29,250000.0
822331,2025-06-08,15000000.0
822958,2025-06-18,3000000.0
823231,2025-05-29,28000000.0
825024,2025-05-29,150000.0
825073,2025-06-04,600000.0
826064,2025-06-10,600000.0
827950,2025-06-23,500000.0
829299,2025-06-18,4000000.0
829874,2025-06-02,800000.0
830243,2025-06-18,400000.0
831162,2025-05-28,2000000.0
833884,2023-07-16,0.0
834483,2025-05-25,3000000.0
834752,2025-06-08,6000000.0
835794,2025-06-24,300000.0
836132,2025-06-02,50000.0
838236,2025-06-04,4000000.0
838562,2025-06-01,600000.0
842338,2025-06-02,2500000.0
842341,2025-05-26,20000000.0
842425,2025-05-29,200000.0
844299,2025-06-01,800000.0
845568,2025-06-23,600000.0
845872,2025-05-27,5000000.0
849865,2025-05-26,4000000.0
854158,2025-06-24,75000.0
854488,2025-06-22,100000.0
855014,2025-05-26,700000.0
855015,2025-06-04,9000000.0
855158,2025-06-01,150000.0
855256,2025-05-29,20000000.0
856530,2025-06-16,6000000.0
857155,2025-06-01,50000.0
857653,2025-05-25,300000.0
860078,2025-05-29,200000.0
862297,2025-05-29,10000000.0
863759,2025-06-04,1000000.0
864799,2025-06-08,9000000.0
866579,2025-06-10,1500000.0
866916,2025-06-02,50000.0
867711,2025-05-26,400000.0
868891,2025-06-05,3000000.0
869458,2025-06-08,500000.0
872380,2025-06-18,2000000.0
874043,2025-06-29,150000.0
874066,2025-05-26,1400000.0
875332,2025-06-04,5000000.0
875929,2024-12-26,500000.0
876631,2025-06-02,20000000.0
880169,2025-05-27,125000.0
882710,2025-06-08,1000000.0
883007,2025-06-10,600000.0
884810,2025-06-10,2500000.0
886189,2025-06-18,100000.0
887054,2025-06-25,175000.0
890817,2025-06-24,200000.0
892482,2025-06-26,150000.0
892932,2025-06-24,400000.0
893675,2025-06-16,8500000.0
894324,2025-06-18,100000.0
894579,2025-03-13,0.0
894692,2025-06-18,150000.0
895333,2025-06-24,200000.0
897480,2025-06-24,2000000.0
898812,2025-06-26,800000.0
900601,2025-06-17,300000.0
900909,2025-06-04,18000000.0
901019,2025-06-02,15000000.0
901980,2025-05-14,25000.0
903213,2025-06-26,250000.0
903693,2025-06-02,15000000.0
904707,2025-06-01,50000.0
905408,2025-06-02,0.0
906315,2025-06-16,300000.0
909894,2025-06-18,500000.0
444211,2025-05-29,6000000.0
445126,2025-06-16,3000000.0
445434,2025-06-22,150000.0
445517,2025-06-12,550000.0
446491,2025-06-11,3000000.0
447052,2025-06-23,1000000.0
447217,2025-03-23,50000.0
447823,2025-06-23,1000000.0
448028,2025-06-18,1500000.0
448258,2025-06-04,10000000.0
448344,2025-06-23,800000.0
448632,2025-06-02,12000000.0
448835,2025-06-24,150000.0
448854,2025-05-26,2500000.0
449151,2025-06-16,1500000.0
449597,2025-05-26,2200000.0
449844,2024-07-28,0.0
450936,2025-06-02,7000000.0
451801,2025-06-08,5000000.0
452068,2025-06-10,700000.0
452222,2025-05-29,250000.0
452803,2023-10-18,0.0
452876,2023-10-18,0.0
453376,2025-06-02,7000000.0
453770,2025-06-18,500000.0
453870,2025-06-04,12000000.0
454149,2025-07-02,0.0
454238,2025-06-29,600000.0
455056,2025-06-24,250000.0
455181,2025-06-08,4000000.0
455661,2025-06-04,30000000.0
456292,2025-06-16,400000.0
456650,2024-02-20,0.0
457773,2024-03-18,0.0
458178,2025-05-29,3000000.0
458614,2025-06-18,150000.0
459149,2025-06-18,100000.0
459658,2025-06-16,35000000.0
459665,2025-06-16,6000000.0
459707,2025-06-18,50000.0
459988,2025-06-01,2200000.0
460034,2024-03-18,0.0
460626,2025-06-12,200000.0
460651,2025-06-16,3500000.0
460658,2024-09-26,0.0
461906,2025-06-05,1500000.0
462086,2025-06-01,1200000.0
462699,2025-06-09,250000.0
463332,2025-06-12,200000.0
463497,2025-05-14,75000.0
463605,2025-06-02,28000000.0
463613,2025-06-02,8000000.0
463751,2025-06-17,650000.0
463775,2024-09-26,0.0
463792,2025-06-18,300000.0
464333,2025-06-04,800000.0
465294,2025-06-01,800000.0
465537,2025-09-01,400000.0
465606,2025-06-17,900000.0
465830,2025-06-16,32000000.0
465836,2025-05-26,800000.0
466268,2025-05-25,6500000.0
466298,2025-04-03,700000.0
466602,2025-05-26,1200000.0
466910,2020-03-18,0.0
467437,2025-05-27,32000000.0
467563,2025-05-29,9000000.0
467632,2025-06-02,6000000.0
468301,2025-09-04,8000000.0
468539,2025-06-04,3000000.0
469669,2025-06-08,3000000.0
469709,2025-06-04,2500000.0
469976,2025-06-17,3800000.0
470618,2025-06-23,800000.0
470794,2025-06-16,16000000.0
470815,2025-06-18,500000.0
471004,2025-05-26,2200000.0
471582,2025-05-26,6000000.0
471888,2025-06-10,125000.0
471936,2025-06-01,1500000.0
472176,2025-06-18,275000.0
472423,2025-05-29,30000000.0
473169,2025-05-27,22000000.0
473871,2025-06-01,400000.0
474800,2025-06-02,25000000.0
475208,2025-06-11,3500000.0
475412,2025-06-12,1000000.0
475416,2025-06-02,3500000.0
476219,2025-06-08,2500000.0
476527,2025-05-25,350000.0
477546,2025-06-18,225000.0
478346,2023-10-18,0.0
479648,2025-05-29,4000000.0
480267,2025-06-08,35000000.0
480763,2025-06-08,15000000.0
480883,2025-06-08,2000000.0
480955,2025-06-23,1000000.0
480958,2024-07-31,0.0
481173,2025-05-22,7500000.0
481513,2025-06-01,2000000.0
481675,2025-06-16,10000000.0
482769,2025-06-01,600000.0
482836,2025-06-19,8000000.0
483046,2025-06-04,32000000.0
484551,2025-06-17,275000.0
484743,2025-06-23,300000.0
484838,2025-06-16,1000000.0
484888,2025-06-02,1800000.0
485424,2025-06-17,2000000.0
485961,2024-01-27,0.0
487474,2025-06-16,28000000.0
487835,2025-06-01,450000.0
488052,2025-06-16,1400000.0
488626,2025-06-08,12000000.0
490223,2025-05-26,1800000.0
490224,2025-06-05,1500000.0
490421,2025-06-18,400000.0
490581,2025-06-18,1000000.0
491296,2025-06-02,8000000.0
491616,2025-05-25,2000000.0
492627,2025-06-18,250000.0
493702,2025-06-16,5500000.0
493899,2025-06-18,500000.0
494237,2025-05-26,12000000.0
495200,2020-06-24,0.0
495600,2025-06-24,200000.0
495666,2025-05-29,80000000.0
495667,2025-06-16,10000000.0
495752,2025-05-28,1200000.0
496270,2025-06-18,400000.0
496601,2025-05-25,150000.0
496706,2025-06-01,6000000.0
496745,2025-06-16,8000000.0
496767,2025-06-09,2000000.0
499319,2025-06-09,100000.0
501709,2025-06-02,1800000.0
502070,2025-06-17,550000.0
502074,2025-06-05,300000.0
502475,2025-06-18,300000.0
502722,2025-06-08,15000000.0
502821,2025-05-29,35000000.0
503075,2025-06-16,30000000.0
503241,2024-03-06,0.0
503518,2023-04-18,0.0
503638,2025-05-27,1000000.0
503683,2025-06-29,225000.0
503768,2025-06-17,275000.0
503769,2025-06-17,2000000.0
503866,2025-05-29,11000000.0
503977,2025-05-29,22000000.0
503981,2025-05-29,40000000.0
503987,2025-05-29,40000000.0
503988,2025-06-04,700000.0
503990,2025-05-29,3500000.0
504298,2025-09-03,1500000.0
505308,2025-06-23,2000000.0
505675,2025-06-23,1500000.0
506009,2025-09-11,3500000.0
506189,2025-05-29,13000000.0
506213,2025-06-17,175000.0
506248,2025-06-08,3000000.0
507254,2025-09-11,0.0
507700,2025-04-03,1200000.0
509234,2025-06-01,300000.0
509510,2025-06-01,200000.0
510396,2025-06-08,1000000.0
511552,2025-06-16,600000.0
513970,2025-05-29,10000000.0
515624,2025-06-04,2000000.0
517753,2025-06-08,2500000.0
517842,2025-06-08,4000000.0
518644,2025-05-26,7500000.0
518860,2025-05-29,450000.0
519175,2023-03-06,0.0
519872,2025-06-18,4000000.0
523972,2025-06-18,1000000.0
524000,2025-06-08,40000000.0
524481,2025-05-26,17000000.0
524929,2025-06-01,400000.0
525155,2025-06-02,500000.0
525704,2025-06-16,30000000.0
526422,2019-09-27,0.0
527276,2025-06-18,800000.0
527838,2025-06-23,500000.0
527964,2025-06-24,400000.0
527966,2025-06-08,12000000.0
527972,2025-06-23,1400000.0
528181,2025-06-16,350000.0
528833,2025-06-16,17000000.0
530157,2025-06-24,350000.0
530173,2025-06-04,1500000.0
530552,2025-06-01,4000000.0
530915,2024-09-26,0.0
531062,2025-06-23,500000.0
531277,2025-06-23,4000000.0
532040,2025-06-01,1000000.0
532169,2025-06-18,1000000.0
532824,2022-10-03,0.0
532826,2025-06-02,40000000.0
532937,2025-06-16,14000000.0
533110,2025-06-24,200000.0
533134,2025-05-14,50000.0
533523,2025-05-26,1200000.0
533568,2025-06-08,3000000.0
533657,2025-06-17,600000.0
534198,2025-05-14,150000.0
534700,2025-05-26,1500000.0
535479,2025-06-17,400000.0
535551,2025-06-04,800000.0
535955,2025-06-16,25000000.0
536152,2024-07-24,0.0
536341,2025-06-18,150000.0
536476,2022-10-03,0.0
536520,2025-05-27,350000.0
537171,2025-06-16,800000.0
537458,2025-06-24,200000.0
537488,2024-09-26,0.0
537602,2025-05-29,10000000.0
537860,2025-06-26,0.0
538919,2025-06-09,350000.0
538964,2025-06-16,12000000.0
538969,2025-06-09,50000.0
538977,2025-05-29,32000000.0
538996,2025-06-08,1500000.0
539134,2025-06-16,10000000.0
539220,2025-06-18,150000.0
539798,2025-06-04,6000000.0
540643,2025-06-01,0.0
540664,2025-06-02,25000000.0
540727,2022-10-03,0.0
541646,2025-06-24,250000.0
542571,2023-03-06,0.0
542819,2025-05-26,2500000.0
543382,2025-05-27,14000000.0
543503,2025-06-22,175000.0
543727,2025-06-16,2400000.0
543771,2025-06-16,13000000.0
544106,2025-06-11,700000.0
546176,2025-04-03,125000.0
546527,2025-06-18,200000.0
546627,2025-06-18,300000.0
546712,2025-05-26,3000000.0
547533,2025-08-23,0.0
547534,2025-06-29,150000.0
548187,2025-06-24,100000.0
549791,2025-05-26,1000000.0
549815,2025-05-28,1800000.0
550443,2024-11-09,0.0
550549,2025-05-29,800000.0
552057,2025-06-04,18000000.0
552425,2025-06-08,7000000.0
552549,2025-09-04,5000000.0
552955,2025-06-16,30000000.0
554432,2024-02-19,0.0
555074,2025-05-29,800000.0
555500,2025-06-08,4000000.0
556385,2025-05-29,40000000.0
556865,2025-06-05,500000.0
557149,2025-06-02,25000000.0
557610,2025-05-27,700000.0
557613,2025-06-02,15000000.0
557939,2025-05-26,3000000.0
559263,2025-05-29,14000000.0
559328,2025-06-02,25000000.0
559330,2025-05-29,400000.0
560483,2025-06-08,1500000.0
560694,2025-05-26,4000000.0
561452,2025-06-29,150000.0
562175,2025-05-25,200000.0
562742,2025-06-08,5000000.0
563963,2025-06-02,12000000.0
564785,2025-06-01,9000000.0
565406,2025-06-02,5000000.0
565424,2025-05-27,30000000.0
566823,2025-06-12,1500000.0
566936,2025-06-18,300000.0
567445,2025-06-18,200000.0
567454,2025-06-01,1400000.0
567465,2025-06-01,2000000.0
567504,2025-06-24,150000.0
568006,2025-05-26,8000000.0
568007,2025-04-03,175000.0
568148,2025-06-23,1800000.0
568157,2025-06-08,30000000.0
568535,2025-09-11,1800000.0
568559,2025-05-29,25000000.0
568693,2025-05-29,32000000.0
568695,2025-05-27,275000.0
568728,2025-06-01,300000.0
569031,2025-06-04,6000000.0
569349,2025-06-17,700000.0
569365,2024-03-06,0.0
569367,2025-06-16,1500000.0
569384,2025-06-08,8000000.0
569385,2025-05-26,1500000.0
569390,2025-06-01,4000000.0
569457,2025-06-18,2500000.0
569598,2025-06-16,30000000.0
571140,2025-06-22,100000.0
571607,2025-06-16,14000000.0
571827,2025-06-29,175000.0
572326,2025-06-02,6000000.0
574201,2025-06-18,500000.0
574203,2025-06-10,350000.0
574495,2025-06-17,900000.0
574671,2025-06-16,18000000.0
575610,2025-06-09,4000000.0
575693,2025-05-26,1500000.0
576024,2025-06-08,100000000.0
576314,2025-05-29,32000000.0
577394,2025-05-27,4000000.0
577590,2025-06-17,800000.0
577779,2025-07-01,0.0
578292,2025-05-26,500000.0
578391,2025-05-29,35000000.0
578392,2025-06-04,25000000.0
578680,2025-06-11,4000000.0
578878,2025-06-05,400000.0
579294,2025-06-17,1300000.0
579459,2025-06-09,12000000.0
579565,2025-06-18,7000000.0
579930,2025-06-01,15000000.0
580193,2025-05-29,6000000.0
580715,2025-06-09,650000.0
581890,2025-05-26,900000.0
582664,2025-06-23,1000000.0
583255,2025-05-29,40000000.0
583258,2025-07-19,0.0
585951,2025-06-01,400000.0
586756,2025-06-17,4600000.0
586834,2025-05-26,6000000.0
586982,2025-05-11,50000.0
586986,2025-06-16,500000.0
587002,2025-05-26,900000.0
587520,2025-06-08,2500000.0
587562,2025-06-24,200000.0
591193,2025-06-04,3500000.0
591194,2025-05-25,150000.0
591195,2024-09-26,0.0
592975,2025-05-29,2000000.0
592979,2025-06-02,7000000.0
593318,2023-11-07,0.0
593319,2025-04-03,150000.0
593320,2024-09-26,0.0
594991,2025-06-11,2800000.0
595169,2023-03-06,0.0
595809,2025-05-29,22000000.0
596122,2025-06-08,5000000.0
596881,2025-06-18,800000.0
598577,2025-06-04,140000000.0
599733,2025-06-05,2000000.0
600936,2025-06-01,2000000.0
601577,2025-06-16,150000.0
601816,2022-10-03,0.0
602156,2025-06-24,300000.0
602299,2025-04-03,50000.0
602607,2025-06-01,250000.0
603940,2025-06-08,1200000.0
604207,2025-06-18,325000.0
604322,2025-06-23,125000.0
604323,2025-06-18,500000.0
604579,2025-05-22,300000.0
605222,2025-06-10,250000.0
605396,2025-05-29,7000000.0
605498,2025-04-03,200000.0
606307,2025-06-23,75000.0
606718,2025-05-29,28000000.0
608382,2025-06-08,200000.0
608469,2025-06-17,1400000.0
610083,2025-06-23,2200000.0
610163,2025-06-26,50000.0
610190,2025-06-04,2500000.0
610336,2025-06-24,350000.0
610383,2025-06-18,50000.0
610878,2025-06-01,250000.0
611195,2025-06-17,700000.0
611793,2025-05-29,3000000.0
612143,2025-06-01,1200000.0
613539,2025-06-18,100000.0
614082,2025-06-17,200000.0
614258,2025-05-29,55000000.0
614498,2025-06-18,225000.0
614700,2025-06-17,450000.0
614811,2025-06-29,275000.0
614988,2025-06-24,500000.0
615618,2025-06-16,1500000.0
615636,2025-05-27,400000.0
616228,2025-06-18,200000.0
616628,2025-06-01,1000000.0
617081,2025-06-08,15000000.0
617164,2025-06-18,50000.0
618416,2025-04-23,350000.0
618463,2025-04-23,250000.0
618465,2025-05-25,400000.0
618472,2025-06-04,40000000.0
618505,2024-09-15,0.0
618801,2025-06-24,2000000.0
618813,2025-06-08,2800000.0
618898,2025-06-04,2500000.0
620217,2025-06-04,3500000.0
620295,2025-06-04,2000000.0
620315,2025-06-22,350000.0
620317,2025-05-27,1000000.0
621965,2025-06-11,800000.0
622029,2022-10-25,0.0
622236,2025-06-05,2000000.0
622800,2025-06-18,100000.0
623524,2025-06-23,1000000.0
623525,2025-06-23,300000.0
623570,2025-05-29,22000000.0
624037,2025-06-02,6000000.0
624267,2025-06-17,900000.0
624548,2025-06-01,400000.0
625630,2025-05-14,125000.0
626724,2025-05-29,50000000.0
626913,2025-06-16,15000000.0
626954,2025-06-16,800000.0
627163,2025-06-01,500000.0
627213,2025-05-28,225000.0
627276,2025-06-24,250000.0
627287,2025-06-23,400000.0
627356,2025-06-10,600000.0
627439,2025-09-08,250000.0
628365,2025-06-01,4500000.0
628492,2024-07-24,0.0
628886,2025-06-23,1500000.0
628926,2025-06-24,200000.0
629566,2025-06-01,300000.0
630523,2025-06-24,200000.0
630990,2025-06-24,150000.0
630995,2025-05-27,2700000.0
631002,2025-06-08,3000000.0
631098,2025-06-24,200000.0
631221,2025-06-23,600000.0
631223,2025-06-24,300000.0
631472,2025-06-23,1200000.0
631821,2025-06-09,15000000.0
631996,2025-05-29,1500000.0
632495,2025-05-22,300000.0
632829,2025-06-18,75000.0
633167,2024-08-19,0.0
633668,2025-06-16,12000000.0
634105,2025-06-23,1000000.0
634131,2025-06-08,15000000.0
634427,2025-05-27,4500000.0
635344,2025-06-24,100000.0
637803,2025-06-22,1200000.0
638793,2025-06-08,6000000.0
640109,2025-06-02,5000000.0
640556,2025-05-26,4500000.0
641036,2025-06-26,450000.0
641537,2025-06-16,12000000.0
644563,2025-04-03,250000.0
644613,2025-06-05,700000.0
644676,2025-05-25,2800000.0
646658,2025-05-26,10000000.0
646733,2025-06-02,1500000.0
646740,2025-06-08,60000000.0
646741,2025-06-24,200000.0
646746,2025-06-24,300000.0
646747,2025-06-23,500000.0
646829,2025-06-01,1500000.0
649020,2025-05-29,5000000.0
649032,2023-10-18,0.0
649035,2025-06-15,1000000.0
649317,2025-05-26,35000000.0
649452,2025-06-04,4000000.0
649457,2025-05-04,250000.0
650350,2025-06-09,2000000.0
650966,2025-06-16,2200000.0
650989,2025-06-18,25000.0
651269,2025-06-04,3000000.0
652330,2025-06-23,400000.0
652920,2025-05-14,50000.0
652996,2025-06-05,400000.0
654234,2025-06-09,5000000.0
654408,2025-05-25,200000.0
654414,2025-06-24,50000.0
654415,2025-06-09,3000000.0
654420,2025-06-01,25000.0
655136,2024-09-26,0.0
655456,2025-06-16,2000000.0
655488,2025-05-29,55000000.0
655525,2025-06-01,450000.0
656316,2025-05-29,3500000.0
657742,2025-06-01,900000.0
657863,2022-03-17,0.0
658533,2025-06-11,1800000.0
658536,2025-05-29,28000000.0
658612,2025-06-18,50000.0
659415,2025-06-01,2500000.0
659459,2025-06-04,18000000.0
659516,2025-06-16,10000000.0
659517,2025-05-25,150000.0
659518,2025-06-02,10000000.0
659648,2025-06-18,600000.0
660867,2025-05-29,22000000.0
661207,2025-05-29,25000000.0
662752,2025-06-18,125000.0
663225,2025-05-29,300000.0
664708,2025-05-26,12000000.0
666744,2025-05-25,350000.0
667056,2025-06-18,175000.0
667991,2025-06-02,400000.0
668167,2025-06-01,700000.0
668183,2025-06-23,1200000.0
669000,2025-06-01,1500000.0
669366,2025-05-26,10000000.0
670116,2025-06-15,1000000.0
670681,2025-06-02,80000000.0
670840,2025-06-17,1700000.0
670877,2025-06-17,900000.0
670987,2025-06-16,450000.0
671548,2025-06-05,550000.0
671590,2025-06-05,2000000.0
671594,2025-06-02,4000000.0
671799,2025-06-16,2000000.0
672803,2025-06-08,2000000.0
673071,2025-06-18,1000000.0
674612,2025-06-02,12000000.0
674921,2025-04-03,350000.0
677935,2025-06-17,900000.0
678088,2025-06-22,175000.0
678441,2025-06-18,400000.0
679423,2025-06-01,7000000.0
681740,2025-07-31,0.0
684116,2025-06-10,200000.0
684317,2024-12-19,0.0
685086,2025-06-01,50000.0
686454,2025-04-23,450000.0
687609,2025-06-08,6000000.0
689637,2025-05-29,15000000.0
691482,2025-06-16,10000000.0
692209,2025-06-30,0.0
692737,2025-06-04,7000000.0
693312,2025-06-18,10000.0
694498,2025-06-18,100000.0
694509,2025-06-08,1800000.0
694549,2025-06-01,1200000.0
694928,2025-06-08,22000000.0
695454,2025-06-08,2000000.0
696346,2025-06-17,11000000.0
696597,2024-09-26,0.0
696598,2025-09-01,600000.0
696849,2025-05-26,700000.0
696883,2025-06-18,200000.0
696996,2023-03-06,0.0
697144,2025-06-05,400000.0
697277,2025-06-11,3000000.0
697280,2025-05-26,2000000.0
698111,2025-06-18,200000.0
698151,2024-03-06,0.0
699442,2025-06-16,6000000.0
700078,2025-06-01,2500000.0
700106,2025-05-29,25000000.0
700998,2025-06-18,1000000.0
701757,2025-06-04,4000000.0
702372,2024-09-24,0.0
702441,2025-06-02,5000000.0
703225,2025-06-18,150000.0
703240,2025-06-18,300000.0
703470,2023-03-06,0.0
704156,2025-05-22,1300000.0
704335,2025-06-01,1800000.0
704347,2025-05-18,100000.0
704708,2025-08-23,0.0
704729,2025-06-18,75000.0
705242,2025-05-14,50000.0
705808,2025-05-29,500000.0
705810,2025-06-24,150000.0
705813,2025-06-23,1000000.0
706617,2025-06-10,600000.0
707225,2025-05-25,400000.0
707242,2025-06-02,7000000.0
707844,2025-06-16,12000000.0
708079,2025-06-18,500000.0
709215,2025-06-24,400000.0
709372,2025-06-08,5000000.0
709727,2025-05-29,4000000.0
709767,2025-05-29,600000.0
709955,2025-06-24,800000.0
709969,2025-06-08,15000000.0
710004,2025-06-08,1200000.0
710474,2025-06-23,400000.0
710679,2025-06-23,1500000.0
711337,2025-05-29,35000000.0
711374,2025-06-23,3000000.0
711377,2025-06-23,200000.0
711544,2025-05-29,18000000.0
711625,2025-06-08,12000000.0
711638,2025-06-24,250000.0
711976,2025-06-02,15000000.0
711999,2025-05-29,18000000.0
712911,2025-06-16,75000.0
713632,2025-06-24,150000.0
713644,2025-06-08,12000000.0
713649,2025-06-23,1000000.0
716756,2025-05-27,600000.0
717900,2025-06-05,650000.0
717957,2025-06-23,500000.0
718027,2025-06-24,200000.0
719673,2025-05-26,14000000.0
719681,2025-06-16,50000.0
720488,2025-06-24,250000.0
720518,2025-06-08,6000000.0
721227,2025-06-01,2000000.0
724069,2025-06-16,1400000.0
724104,2025-06-04,2000000.0
724106,2025-06-01,3500000.0
724418,2025-06-18,200000.0
724529,2025-06-29,800000.0
724530,2025-06-19,175000.0
724537,2025-05-26,3500000.0
724783,2025-06-17,500000.0
725242,2025-06-01,600000.0
725963,2025-05-25,75000.0
727089,2025-06-11,12000000.0
729680,2023-10-18,0.0
729814,2025-06-02,22000000.0
730893,2025-05-29,25000000.0
731466,2024-12-29,500000.0
732119,2025-05-26,1000000.0
732529,2025-05-26,500000.0
733576,2025-06-08,25000000.0
735364,2025-05-22,200000.0
739315,2025-06-23,4000000.0
741236,2025-06-17,800000.0
741251,2025-06-24,200000.0
741292,2025-06-16,3000000.0
743091,2025-06-16,1700000.0
743384,2025-06-11,8000000.0
743386,2025-06-02,30000000.0
743395,2025-06-11,1500000.0
743494,2025-03-17,0.0
743496,2025-06-02,8000000.0
743498,2025-05-29,20000000.0
743500,2025-06-18,2000000.0
743501,2025-06-02,100000.0
743516,2025-05-25,250000.0
743533,2025-04-23,800000.0
743587,2025-06-09,5000000.0
743591,2025-05-29,50000000.0
744131,2025-05-29,150000.0
745173,2025-06-02,200000.0
745178,2025-06-02,600000.0
745452,2025-05-29,250000.0
745716,2025-05-29,150000.0
746711,2025-06-26,350000.0
746739,2025-05-26,3000000.0
746778,2025-07-01,0.0
746830,2025-06-04,100000.0
746891,2025-06-01,6500000.0
747197,2025-06-24,100000.0
748070,2025-06-02,350000.0
748358,2025-06-09,200000.0
750904,2025-06-02,2500000.0
767229,2025-06-24,300000.0
773795,2025-06-11,350000.0
774771,2025-06-11,400000.0
776737,2025-06-18,150000.0
776798,2025-06-02,9000000.0
776890,2025-05-29,50000000.0
782476,2025-05-27,8000000.0
782630,2025-06-02,3000000.0
783635,2025-05-25,100000.0
783799,2024-12-09,0.0
787907,2025-06-15,3000000.0
787912,2025-06-04,18000000.0
789419,2025-06-02,50000.0
790918,2025-06-18,3000000.0
791173,2022-10-03,0.0
792331,2025-06-15,7500000.0
794758,2025-06-02,2000000.0
794816,2024-12-29,200000.0
795657,2025-05-26,2000000.0
795738,2025-05-27,8000000.0
795762,2025-06-05,400000.0
797560,2025-06-10,125000.0
798043,2025-06-04,10000000.0
798927,2024-12-01,300000.0
800175,2025-06-03,25000000.0
801005,2025-05-26,300000.0
801734,2025-05-29,35000000.0
801754,2025-06-09,2000000.0
802243,2025-06-18,150000.0
804134,2025-06-05,1200000.0
804661,2025-05-29,1000000.0
804708,2025-05-27,700000.0
804799,2025-05-26,300000.0
804812,2025-06-01,1400000.0
805476,2025-06-01,150000.0
805484,2025-06-11,500000.0
805714,2025-06-16,25000000.0
805886,2025-06-16,2000000.0
806168,2025-06-02,1800000.0
806793,2025-06-02,5000000.0
807318,2025-06-17,125000.0
807648,2025-06-16,325000.0
807687,2024-03-06,0.0
808477,2025-05-26,500000.0
808509,2025-05-29,28000000.0
808582,2025-06-18,150000.0
810108,2025-06-10,400000.0
810895,2025-06-02,28000000.0
810909,2025-06-02,500000.0
814434,2025-05-14,75000.0
814446,2025-06-16,7500000.0
815180,2025-06-18,200000.0
815539,2025-06-18,75000.0
815563,2025-06-18,100000.0
815652,2025-05-29,3000000.0
816124,2025-06-01,250000.0
816679,2025-06-18,100000.0
817275,2025-05-14,100000.0
818495,2025-05-29,10000000.0
818703,2025-06-18,200000.0
818878,2025-06-26,350000.0
818929,2025-06-18,150000.0
819036,2025-06-18,75000.0
819566,2025-06-02,1800000.0
820374,2025-05-29,50000000.0
820633,2025-06-01,250000.0
821105,2025-05-14,125000.0
826224,2025-06-08,10000000.0
827734,2025-06-16,20000000.0
829820,2025-06-10,500000.0
833340,2025-06-24,100000.0
834742,2025-05-26,3500000.0
834755,2025-06-24,200000.0
843595,2025-05-29,500000.0
845321,2025-05-29,1000000.0
845723,2025-06-24,150000.0
848509,2025-06-16,8000000.0
849520,2025-06-16,35000000.0
851385,2025-06-16,2000000.0
852024,2025-06-09,10000000.0
852727,2025-06-08,1500000.0
852998,2022-03-08,0.0
853344,2025-05-27,1000000.0
854079,2025-06-18,800000.0
855134,2025-06-04,2500000.0
855309,2023-10-18,0.0
855615,2025-05-27,275000.0
857482,2025-06-01,800000.0
858719,2025-06-04,2500000.0
861221,2025-06-11,2500000.0
861410,2025-06-08,45000000.0
865682,2025-06-11,13000000.0
865993,2025-05-26,700000.0
867688,2025-05-29,24000000.0
868622,2025-05-29,2000000.0
871837,2025-06-17,400000.0
457931,2025-06-02,5000000.0
458715,2025-05-29,3000000.0
459248,2025-06-18,100000.0
459300,2025-06-18,25000.0
459452,2025-06-18,500000.0
459463,2025-06-08,18000000.0
459655,2025-06-01,3000000.0
459991,2025-06-01,2000000.0
460114,2023-06-27,0.0
460630,2024-03-06,0.0
460655,2025-06-18,6000000.0
461019,2025-06-16,2800000.0
461496,2025-05-29,50000000.0
461581,2025-06-22,50000.0
461607,2025-06-02,7000000.0
461617,2025-06-08,12000000.0
461629,2025-05-29,1000000.0
461631,2025-06-23,2500000.0
461790,2025-06-01,1500000.0
461843,2025-06-08,1500000.0
461858,2025-06-24,150000.0
461882,2024-09-26,0.0
462250,2025-06-16,20000000.0
462380,2024-03-06,0.0
462820,2025-06-15,250000.0
462832,2025-06-05,10000000.0
463527,2025-06-05,5000000.0
464307,2025-04-03,0.0
464446,2025-06-16,600000.0
464469,2025-05-26,1200000.0
464598,2025-06-16,6000000.0
464682,2025-05-14,125000.0
464896,2024-03-18,0.0
465279,2025-06-18,100000.0
465717,2025-05-26,9000000.0
466783,2025-06-02,3000000.0
466801,2025-06-08,15000000.0
466805,2025-05-29,40000000.0
466806,2025-06-23,800000.0
466809,2025-06-09,800000.0
466810,2025-06-08,5000000.0
466811,2025-06-24,150000.0
467599,2025-05-26,4800000.0
467623,2025-05-26,6000000.0
468002,2025-05-29,8000000.0
468309,2025-05-27,3000000.0
469064,2025-06-29,300000.0
469781,2025-05-29,22000000.0
470491,2022-10-03,0.0
470606,2025-06-16,1300000.0
470607,2025-05-29,40000000.0
471055,2025-06-04,5500000.0
472161,2025-06-01,600000.0
473050,2025-05-29,30000000.0
473887,2025-06-16,125000.0
474382,2025-06-29,175000.0
475413,2025-06-04,18000000.0
475946,2025-05-26,14000000.0
475959,2025-05-29,75000000.0
476237,2025-09-11,3000000.0
476624,2025-08-10,300000.0
476836,2025-06-02,4000000.0
477109,2025-06-09,600000.0
477556,2025-06-01,600000.0
477834,2025-06-25,175000.0
478573,2025-05-29,75000000.0
479638,2025-05-29,4000000.0
479675,2025-06-05,800000.0
479942,2023-10-18,0.0
480762,2025-05-29,40000000.0
480966,2025-06-23,200000.0
481116,2025-06-11,1300000.0
481623,2025-05-29,3000000.0
482163,2022-08-30,0.0
482792,2025-06-01,350000.0
483453,2025-06-23,500000.0
484988,2025-06-08,18000000.0
485583,2025-06-02,5000000.0
485965,2025-06-02,3500000.0
486049,2025-05-29,50000000.0
486604,2025-05-29,4000000.0
486624,2025-05-26,6500000.0
486814,2025-05-27,4000000.0
487180,2025-06-23,200000.0
487465,2025-05-29,50000000.0
487469,2025-06-02,80000000.0
487850,2025-06-04,4000000.0
488362,2025-06-08,40000000.0
488755,2025-06-04,2000000.0
488785,2025-06-16,2000000.0
488873,2022-11-14,0.0
489611,2025-06-01,3500000.0
490417,2025-06-02,1000000.0
490423,2025-06-16,4000000.0
490426,2025-06-02,7000000.0
491693,2025-05-29,13000000.0
491705,2025-06-01,6000000.0
492313,2025-05-27,2800000.0
493003,2025-05-29,25000000.0
493513,2025-06-08,3000000.0
494177,2025-06-17,800000.0
494284,2025-09-01,100000.0
494880,2025-05-29,5000000.0
495033,2025-06-17,275000.0
495441,2025-06-29,50000.0
495602,2025-06-24,50000.0
495621,2025-06-08,10000000.0
495722,2025-06-16,2000000.0
497175,2025-06-11,1800000.0
497663,2025-06-11,8000000.0
498557,2025-06-18,450000.0
498862,2025-06-04,2500000.0
499441,2024-09-24,0.0
499604,2024-12-29,175000.0
500053,2025-06-16,10000000.0
500054,2025-06-04,5000000.0
502073,2025-06-17,300000.0
502670,2025-06-02,90000000.0
503619,2025-06-01,1200000.0
503687,2024-09-24,0.0
503688,2025-06-16,450000.0
503740,2025-04-03,500000.0
503770,2025-06-02,18000000.0
503881,2025-06-04,7000000.0
503883,2025-06-11,9000000.0
503975,2025-06-17,1000000.0
503991,2025-06-16,20000000.0
504073,2025-05-29,18000000.0
504856,2025-06-16,800000.0
505324,2025-06-08,650000.0
505653,2025-06-08,20000000.0
507344,2025-06-02,4500000.0
507345,2025-06-04,5000000.0
507479,2025-06-09,3000000.0
507496,2025-06-09,600000.0
508639,2025-05-27,2000000.0
508941,2025-06-04,2000000.0
510971,2025-06-24,150000.0
511551,2025-05-26,175000.0
511815,2025-04-03,50000.0
512352,2025-06-04,1500000.0
512354,2025-05-29,1200000.0
512385,2025-05-29,15000000.0
513031,2025-06-08,2500000.0
513245,2025-05-29,18000000.0
514285,2025-05-27,14000000.0
515017,2025-06-18,800000.0
515544,2025-05-26,12000000.0
516716,2025-06-16,50000000.0
517845,2025-06-23,900000.0
519035,2025-06-04,100000.0
519184,2025-06-02,12000000.0
520530,2025-06-16,2500000.0
520624,2025-05-29,80000000.0
520651,2025-06-17,350000.0
521329,2025-06-24,300000.0
521474,2025-06-18,500000.0
522245,2025-06-18,1200000.0
522248,2025-06-05,500000.0
524610,2021-10-04,0.0
524986,2025-03-13,0.0
525299,2025-06-08,20000000.0
525602,2025-05-29,2500000.0
527350,2025-06-23,300000.0
527698,2025-06-16,2800000.0
528892,2025-05-26,4500000.0
530732,2025-06-29,150000.0
530807,2025-06-17,300000.0
531065,2025-06-16,1400000.0
531825,2025-06-24,250000.0
531960,2025-05-25,400000.0
532178,2025-05-26,4500000.0
532495,2025-06-05,600000.0
533086,2024-09-26,0.0
533295,2025-06-04,15000000.0
533738,2025-06-02,45000000.0
534202,2025-05-29,250000.0
534379,2025-06-23,800000.0
535834,2025-05-26,2000000.0
535881,2025-05-31,25000.0
536156,2025-06-02,800000.0
536460,2025-06-18,175000.0
536472,2024-12-03,50000.0
536823,2025-06-24,50000.0
536826,2025-06-23,400000.0
537127,2025-06-02,800000.0
537548,2025-06-01,50000.0
537759,2025-06-24,200000.0
537762,2025-06-23,8000000.0
537763,2025-06-23,800000.0
538045,2025-04-23,400000.0
538079,2025-06-16,50000.0
538569,2025-06-01,600000.0
538810,2025-06-23,2500000.0
538971,2025-06-02,3500000.0
539132,2025-06-01,400000.0
539232,2025-06-01,2500000.0
539612,2025-05-27,10000.0
539807,2025-06-09,2000000.0
540536,2025-06-08,10000000.0
540642,2025-03-11,0.0
540659,2025-06-23,200000.0
540887,2025-06-18,375000.0
541282,2024-02-19,0.0
541555,2025-06-08,20000000.0
541621,2025-06-24,300000.0
542336,2025-06-01,500000.0
542394,2025-05-14,50000.0
542570,2025-06-18,200000.0
542586,2025-05-26,16000000.0
542690,2025-06-15,2500000.0
543051,2025-06-11,1800000.0
543726,2025-05-27,450000.0
543822,2025-06-01,1200000.0
545576,2025-06-18,125000.0
545647,2025-06-08,4000000.0
546047,2025-02-11,0.0
546213,2025-06-04,15000000.0
546529,2025-06-18,100000.0
546880,2025-06-18,1000000.0
546944,2025-06-17,2500000.0
547786,2025-06-09,5000000.0
547985,2025-06-16,6000000.0
548188,2025-06-23,1500000.0
548729,2025-05-29,12000000.0
549027,2025-05-29,2500000.0
549318,2025-06-01,250000.0
550116,2025-06-01,1800000.0
551505,2025-06-02,6000000.0
553282,2025-06-18,2500000.0
554251,2025-05-26,3500000.0
554433,2025-06-01,800000.0
554903,2025-06-16,45000000.0
555076,2025-06-02,6000000.0
555106,2025-06-16,3000000.0
557057,2025-06-23,2000000.0
557147,2025-06-08,2000000.0
557459,2025-05-29,50000000.0
557612,2025-06-02,5000000.0
559130,2025-05-26,1400000.0
559801,2025-05-26,800000.0
559979,2025-06-08,7500000.0
560417,2025-06-23,3500000.0
560705,2025-06-23,2000000.0
560725,2025-06-01,800000.0
561150,2025-04-03,50000.0
561613,2025-06-08,25000000.0
561745,2025-06-24,400000.0
562254,2025-01-31,0.0
562259,2025-06-16,150000.0
562948,2025-06-04,3500000.0
563137,2025-06-08,6000000.0
563335,2024-08-13,0.0
563812,2025-06-09,1200000.0
564126,2024-09-26,0.0
564305,2025-06-16,4000000.0
564451,2025-06-05,500000.0
564545,2025-06-04,35000000.0
564792,2025-06-18,75000.0
566036,2025-06-24,300000.0
566221,2022-10-03,0.0
566349,2025-07-24,0.0
566615,2025-06-16,3400000.0
566666,2025-06-24,200000.0
566965,2025-06-23,400000.0
567129,2025-06-01,5000000.0
567217,2025-06-09,2000000.0
567309,2025-06-01,3000000.0
567470,2025-06-01,1700000.0
567472,2025-06-01,1500000.0
568158,2025-06-08,7500000.0
568177,2025-05-29,120000000.0
568617,2025-06-16,2500000.0
568696,2025-06-01,4000000.0
568835,2025-06-23,2000000.0
569033,2025-06-04,3000000.0
569375,2025-06-09,4500000.0
569383,2025-06-04,22000000.0
569388,2025-06-01,1000000.0
569939,2025-06-01,2500000.0
570421,2025-06-23,4000000.0
571604,2025-06-16,35000000.0
572265,2025-06-16,22000000.0
573775,2025-06-08,14000000.0
573979,2025-05-27,100000.0
574385,2025-06-02,4000000.0
574420,2025-06-29,250000.0
574448,2025-06-17,400000.0
577869,2025-06-22,600000.0
578539,2025-05-29,14000000.0
578872,2025-09-04,10000000.0
579928,2025-06-02,18000000.0
581330,2025-05-29,8000000.0
581445,2025-06-29,75000.0
581674,2025-06-23,600000.0
581677,2025-06-16,500000.0
581678,2025-06-08,180000000.0
582717,2025-06-24,200000.0
582718,2023-03-06,0.0
583199,2025-05-29,20000000.0
583404,2025-06-16,3000000.0
583510,2025-06-23,2000000.0
583990,2024-12-26,0.0
584452,2025-06-22,700000.0
585700,2025-06-08,5000000.0
585973,2025-06-02,6000000.0
586853,2025-06-16,8000000.0
586980,2023-10-18,0.0
587003,2025-06-17,750000.0
588426,2025-06-16,10000000.0
588989,2025-06-05,17000000.0
590690,2025-06-23,800000.0
592534,2025-06-04,3000000.0
593412,2025-06-23,2500000.0
593480,2025-05-27,600000.0
594505,2025-06-16,1000000.0
594993,2024-12-03,100000.0
596186,2025-06-10,200000.0
596240,2025-05-28,700000.0
596446,2025-05-29,22000000.0
596821,2025-06-04,500000.0
596884,2025-06-23,300000.0
596901,2025-03-20,0.0
599263,2025-06-24,400000.0
599829,2023-06-13,150000.0
600041,2025-06-16,2800000.0
601877,2025-06-18,100000.0
602105,2025-06-08,35000000.0
603676,2025-05-14,150000.0
603696,2025-06-23,1500000.0
603891,2025-06-17,550000.0
604239,2025-06-01,400000.0
605225,2025-05-26,150000.0
605268,2025-06-04,5000000.0
606576,2025-06-18,175000.0
606614,2024-03-18,0.0
606848,2025-06-23,800000.0
606849,2025-05-26,3000000.0
607586,2025-06-09,50000.0
607720,2025-06-04,12000000.0
608739,2025-06-02,0.0
608832,2025-06-04,12000000.0
609361,2025-05-29,2000000.0
609556,2025-05-29,7000000.0
609883,2025-06-17,1000000.0
610335,2025-06-08,5000000.0
610400,2025-06-05,8000000.0
610431,2025-06-10,700000.0
610706,2025-05-26,200000.0
611198,2025-06-24,200000.0
611906,2025-06-29,200000.0
612059,2025-06-16,50000.0
612065,2025-06-01,400000.0
612749,2025-05-26,3000000.0
613192,2025-06-18,6000000.0
613393,2025-06-16,6000000.0
613781,2025-05-27,700000.0
614603,2025-06-17,900000.0
614742,2025-06-16,1500000.0
616169,2025-06-01,600000.0
616344,2025-06-04,12000000.0
616369,2025-06-08,15000000.0
616667,2025-06-18,100000.0
617059,2025-06-23,1500000.0
617060,2025-06-08,10000000.0
617074,2025-06-08,6000000.0
617178,2025-06-18,50000.0
618341,2025-06-16,30000000.0
618805,2025-06-24,25000.0
619353,2025-06-24,400000.0
620313,2025-06-16,8000000.0
620319,2025-02-02,0.0
621122,2025-06-01,400000.0
621153,2025-06-18,150000.0
621193,2025-05-29,2000000.0
621997,2025-05-29,300000.0
622031,2025-06-18,450000.0
622623,2025-06-24,50000.0
622801,2025-06-01,700000.0
623024,2025-06-08,3000000.0
623526,2025-06-23,300000.0
623773,2025-06-01,2700000.0
623851,2025-04-03,50000.0
624258,2025-05-29,30000000.0
624920,2025-06-09,500000.0
625014,2025-06-08,15000000.0
625651,2025-06-08,5000000.0
627248,2025-05-26,2500000.0
627442,2025-06-04,70000000.0
628366,2025-06-16,18000000.0
628461,2025-06-23,200000.0
628472,2025-06-24,100000.0
628645,2025-05-26,150000.0
628835,2025-06-22,550000.0
629020,2025-06-24,25000.0
629511,2025-06-08,100000.0
629588,2025-06-04,4000000.0
630989,2025-05-27,750000.0
630998,2025-06-23,300000.0
631007,2025-06-16,3200000.0
632471,2025-02-18,0.0
632741,2025-06-08,1500000.0
632872,2025-06-23,500000.0
632896,2025-06-08,2000000.0
633377,2025-06-05,3000000.0
633992,2025-05-26,18000000.0
634116,2025-06-24,100000.0
634122,2025-06-24,300000.0
634460,2025-05-27,250000.0
634461,2025-05-26,14000000.0
635346,2025-06-24,150000.0
635881,2025-06-22,1100000.0
636092,2025-06-24,25000.0
636703,2025-06-08,50000000.0
638588,2025-06-24,400000.0
638589,2025-06-23,800000.0
638649,2025-05-26,3500000.0
639733,2025-06-08,3500000.0
639758,2025-06-09,300000.0
640245,2025-05-26,600000.0
640544,2025-06-18,200000.0
641441,2025-06-17,100000.0
641458,2025-05-29,4000000.0
642002,2025-06-16,1700000.0
642689,2025-06-26,275000.0
645601,2024-04-21,0.0
646333,2024-03-06,0.0
646698,2025-06-08,1000000.0
646710,2024-12-15,150000.0
646735,2025-06-24,250000.0
646743,2025-06-24,100000.0
646745,2025-06-24,200000.0
647435,2025-05-26,7000000.0
647484,2025-06-01,1000000.0
648812,2025-06-26,200000.0
649016,2025-06-04,15000000.0
649024,2025-06-17,900000.0
649033,2025-06-23,6000000.0
650249,2025-06-18,700000.0
650255,2025-06-18,300000.0
650256,2025-06-18,700000.0
650993,2025-06-01,1300000.0
651727,2023-03-06,0.0
652054,2025-06-16,11000000.0
652331,2025-06-23,800000.0
652797,2024-12-29,3200000.0
654539,2025-06-02,15000000.0
654543,2025-06-24,100000.0
654872,2025-06-10,300000.0
655006,2025-06-02,18000000.0
655012,2025-06-02,18000000.0
655217,2025-06-05,8000000.0
655880,2025-06-19,100000.0
655895,2025-05-26,1500000.0
656441,2025-06-16,1800000.0
657724,2024-03-06,0.0
658115,2025-06-08,4000000.0
658269,2025-06-23,1500000.0
658586,2025-05-14,50000.0
659331,2025-06-29,200000.0
659513,2025-06-02,8000000.0
659520,2025-06-02,5000000.0
659521,2025-05-27,1800000.0
660438,2025-06-08,15000000.0
660581,2025-09-01,100000.0
661053,2025-05-29,50000000.0
661257,2023-10-18,0.0
661427,2025-05-27,9000000.0
662242,2025-06-02,2000000.0
662334,2025-06-05,200000.0
662808,2025-06-10,400000.0
663939,2025-06-01,750000.0
664973,2025-06-05,400000.0
666168,2025-06-10,225000.0
666268,2025-06-16,3000000.0
666545,2025-06-05,1000000.0
666975,2025-04-23,150000.0
667121,2025-05-29,15000000.0
667287,2025-05-29,22000000.0
667640,2025-06-09,100000.0
668041,2025-06-17,1000000.0
668265,2025-06-05,6000000.0
668268,2025-09-04,5000000.0
668277,2025-06-24,300000.0
668951,2025-06-16,30000000.0
669793,2025-06-18,50000.0
670688,2025-05-29,8000000.0
670713,2025-05-26,400000.0
670717,2025-06-08,20000000.0
670845,2025-06-16,2000000.0
670847,2025-06-02,15000000.0
670850,2025-05-26,1000000.0
670882,2025-06-04,50000000.0
670883,2025-05-29,2000000.0
670988,2025-06-08,300000.0
671074,2025-06-17,700000.0
672381,2025-06-02,12000000.0
672830,2025-06-01,800000.0
672953,2025-06-24,150000.0
675565,2025-06-10,400000.0
676042,2025-06-08,12000000.0
676190,2023-07-12,0.0
677311,2023-10-18,0.0
678406,2025-06-08,10000000.0
678479,2025-06-18,2800000.0
681615,2025-05-29,0.0
682032,2025-06-09,1800000.0
683571,2025-06-11,18000000.0
683620,2025-05-27,18000000.0
683812,2025-06-04,2500000.0
684210,2025-05-26,9000000.0
684253,2025-06-23,700000.0
684315,2025-06-04,10000000.0
685487,2025-06-10,250000.0
688707,2025-05-26,5500000.0
689505,2025-06-08,25000000.0
690429,2025-06-04,3000000.0
691841,2025-06-02,800000.0
691958,2025-06-01,1200000.0
692208,2025-06-08,500000.0
693352,2025-06-08,900000.0
694901,2025-06-29,200000.0
696181,2025-05-26,6000000.0
696506,2025-06-23,600000.0
696589,2025-05-29,9000000.0
696851,2025-06-01,0.0
696890,2025-06-24,250000.0
698548,2025-06-11,800000.0
698560,2025-06-16,1800000.0
699702,2025-06-22,125000.0
700643,2025-06-05,400000.0
701057,2025-05-29,40000000.0
702332,2025-04-03,150000.0
702662,2025-06-24,150000.0
703626,2025-06-08,225000.0
704337,2025-06-18,225000.0
704423,2025-06-18,125000.0
704693,2025-06-08,225000.0
704710,2023-06-30,0.0
704712,2025-05-14,50000.0
706797,2025-06-24,100000.0
707230,2025-06-01,4000000.0
707271,2025-06-24,50000.0
707274,2025-06-08,10000000.0
707279,2025-06-24,300000.0
707295,2025-06-01,2500000.0
707317,2025-08-08,0.0
707572,2025-06-08,4000000.0
707809,2025-06-16,3500000.0
708072,2025-06-16,12000000.0
709187,2025-06-08,70000000.0
709336,2025-06-24,100000.0
709380,2025-06-23,700000.0
709445,2025-05-31,0.0
709500,2025-06-18,400000.0
709966,2025-06-24,500000.0
709970,2025-06-08,50000.0
709985,2025-06-16,250000.0
709986,2025-06-18,75000.0
709997,2025-06-24,100000.0
709998,2025-06-24,300000.0
710677,2025-06-08,3000000.0
711367,2025-06-24,50000.0
711380,2025-06-24,300000.0
711382,2025-06-23,2500000.0
711980,2025-06-02,18000000.0
712099,2025-06-17,1300000.0
712107,2025-06-08,10000000.0
712117,2025-06-05,4500000.0
713787,2025-06-02,3500000.0
715470,2025-06-11,300000.0
715628,2025-06-08,3000000.0
715650,2025-03-20,0.0
715683,2025-06-23,300000.0
717411,2025-05-29,15000000.0
717465,2025-06-10,1700000.0
717585,2025-06-02,4000000.0
717952,2025-06-24,600000.0
718032,2025-06-08,100000.0
718035,2024-09-26,0.0
718460,2025-06-04,250000.0
718580,2025-06-24,100000.0
720038,2025-06-08,6000000.0
720162,2025-06-04,3000000.0
720532,2025-06-24,400000.0
720948,2025-06-10,900000.0
723614,2025-06-01,500000.0
724099,2025-06-16,150000.0
724178,2025-06-16,1000000.0
724520,2025-06-08,12000000.0
725201,2025-06-24,100000.0
725352,2025-06-18,100000.0
726526,2025-06-11,1500000.0
726701,2025-05-29,2500000.0
727086,2025-06-02,50000.0
728695,2023-03-06,0.0
729264,2025-05-29,3000000.0
730484,2025-06-18,6000000.0
730581,2025-06-08,25000000.0
731467,2025-06-01,200000.0
731469,2025-03-20,0.0
732120,2025-05-29,200000.0
732165,2025-05-26,3800000.0
733371,2025-05-28,1200000.0
733430,2023-08-31,0.0
733494,2025-06-17,400000.0
734375,2023-10-18,0.0
734898,2025-06-18,350000.0
735568,2025-06-08,9000000.0
736034,2025-06-11,400000.0
736251,2025-09-10,0.0
738476,2025-06-18,1400000.0
739769,2025-06-01,5000000.0
740517,2025-06-03,50000.0
741257,2025-06-16,15000000.0
741258,2025-06-24,1000000.0
741285,2025-06-24,50000.0
742297,2025-06-04,1800000.0
743387,2025-06-08,2500000.0
743413,2025-05-29,18000000.0
743520,2024-12-09,0.0
743522,2025-07-23,0.0
743523,2025-06-02,100000.0
744149,2025-05-29,45000000.0
745177,2025-05-25,75000.0
745191,2025-05-29,12000000.0
745436,2025-06-18,25000.0
746554,2025-06-17,600000.0
746734,2023-10-18,0.0
747153,2025-06-17,800000.0
748382,2025-06-16,5000000.0
763079,2025-05-29,35000000.0
769063,2025-05-25,4000000.0
770895,2025-06-01,1000000.0
774772,2025-05-25,100000.0
777308,2025-05-29,200000.0
780147,2025-06-01,2000000.0
782632,2025-04-23,100000.0
783094,2025-06-02,5000000.0
785353,2025-06-08,2000000.0
786438,2025-06-24,300000.0
788445,2025-06-15,2000000.0
789082,2025-06-02,20000000.0
789091,2025-05-25,50000.0
789898,2025-06-18,7000000.0
790620,2025-05-25,50000.0
795724,2025-06-22,125000.0
796024,2025-05-29,200000.0
796037,2025-05-29,500000.0
796221,2025-06-04,1000000.0
796429,2025-04-23,700000.0
796865,2025-06-01,500000.0
797572,2025-06-16,1700000.0
798114,2025-06-05,2000000.0
798893,2025-06-01,50000.0
798925,2025-06-01,700000.0
798929,2025-06-16,6000000.0
800176,2025-05-29,28000000.0
800272,2025-03-17,0.0
801577,2022-10-03,0.0
802512,2025-06-15,650000.0
804711,2025-06-02,400000.0
804817,2024-09-26,0.0
804933,2025-06-01,3000000.0
805696,2025-04-23,500000.0
806948,2025-06-04,500000.0
807170,2025-01-08,0.0
807386,2025-05-29,24000000.0
807691,2024-09-26,0.0
808224,2025-06-09,400000.0
808348,2025-06-05,6000000.0
808664,2025-06-04,500000.0
809639,2025-04-03,50000.0
810096,2025-05-29,7500000.0
812625,2025-06-23,4000000.0
813137,2025-06-16,13000000.0
814445,2025-06-01,2000000.0
814453,2025-06-18,300000.0
814473,2025-06-18,500000.0
814811,2024-09-26,0.0
815346,2025-06-01,700000.0
815445,2025-02-06,0.0
815483,2025-06-18,75000.0
815543,2025-06-18,200000.0
815550,2025-06-18,50000.0
816308,2025-06-01,2500000.0
816585,2025-06-04,18000000.0
817180,2025-06-01,500000.0
817270,2025-05-14,50000.0
817611,2025-05-29,300000.0
818880,2025-06-01,1500000.0
818882,2025-06-18,200000.0
819590,2025-06-23,3000000.0
820620,2025-06-18,500000.0
821820,2025-06-23,700000.0
822116,2025-06-08,350000.0
825437,2025-06-02,1500000.0
825481,2025-06-26,25000.0
827583,2023-09-12,0.0
829873,2023-12-17,0.0
830265,2025-06-01,700000.0
830890,2025-06-09,1800000.0
834397,2025-06-11,12000000.0
834485,2025-06-23,600000.0
834487,2025-06-23,2000000.0
834492,2025-06-24,300000.0
834756,2025-06-24,50000.0
837329,2025-05-28,400000.0
840640,2025-05-29,300000.0
845289,2025-05-29,2000000.0
847759,2025-05-27,900000.0
847772,2025-09-11,6000000.0
848682,2025-06-04,10000000.0
849410,2025-06-02,12000000.0
852517,2025-06-17,250000.0
854056,2025-06-24,150000.0
854097,2025-06-02,200000.0
854930,2025-05-29,200000.0
855056,2025-06-01,500000.0
855215,2025-06-02,100000.0
855606,2024-09-26,0.0
856136,2025-06-24,250000.0
856479,2025-05-29,200000.0
857818,2025-06-08,15000000.0
857830,2025-06-23,500000.0
857964,2025-06-18,75000.0
859396,2025-06-09,3000000.0
859536,2025-06-01,400000.0
859951,2025-05-26,2800000.0
860051,2025-06-01,900000.0
860056,2025-04-23,500000.0
860062,2025-06-24,200000.0
861192,2025-06-05,200000.0
861981,2025-06-16,7000000.0
864496,2025-06-17,500000.0
866541,2025-06-24,50000.0
866655,2025-05-29,25000000.0
867137,2025-06-16,8000000.0
867700,2025-05-29,400000.0
872171,2025-06-02,25000000.0
873981,2025-05-25,1200000.0
875581,2025-05-27,750000.0
877139,2025-06-16,10000000.0
877672,2025-05-27,550000.0
878150,2025-05-26,2000000.0
879868,2025-06-26,250000.0
880330,2025-06-02,1000000.0
881250,2025-06-02,50000.0
882995,2025-05-14,150000.0
883865,2025-06-02,800000.0
885226,2025-06-01,1000000.0
885228,2025-06-26,400000.0
885230,2025-06-26,400000.0
885623,2025-06-01,750000.0
886047,2025-06-24,500000.0
887638,2025-06-18,1800000.0
890719,2025-05-29,55000000.0
891312,2025-06-24,200000.0
891379,2025-06-01,1000000.0
891869,2025-06-16,250000.0
892101,2025-06-26,500000.0
892221,2025-06-08,4000000.0
892421,2025-06-24,50000.0
892926,2025-06-24,300000.0
892973,2025-06-05,1500000.0
894205,2023-10-18,0.0
894456,2025-06-01,100000.0
894585,2025-06-02,75000.0
896424,2025-06-26,200000.0
897505,2025-06-11,2000000.0
898751,2025-06-24,300000.0
902573,2025-06-16,300000.0
903666,2025-06-02,5000000.0
904662,2025-06-02,700000.0
904974,2025-06-10,700000.0
906160,2025-06-16,8000000.0
907219,2025-05-19,175000.0
907813,2025-06-08,8000000.0
908621,2025-06-01,700000.0
910176,2025-06-01,2000000.0
911424,2025-05-29,3000000.0
911512,2022-10-03,0.0
913539,2025-06-16,1800000.0
914562,2025-06-02,90000000.0
916014,2025-06-24,200000.0
916920,2025-06-02,2500000.0
917375,2025-06-16,1000000.0
920218,2025-06-01,25000.0
921995,2025-05-29,250000.0
922685,2025-05-25,800000.0
922769,2025-05-29,22000000.0
923838,2025-06-11,800000.0
924857,2025-06-16,8000000.0
925848,2025-06-18,700000.0
925864,2025-06-09,100000.0
443331,2025-06-04,10000000.0
444208,2025-05-26,1700000.0
444523,2025-05-29,28000000.0
444641,2024-12-26,0.0
447730,2025-06-10,225000.0
448554,2025-06-30,0.0
448844,2025-06-23,1500000.0
449592,2025-05-26,13000000.0
449796,2025-06-08,3000000.0
451276,2025-05-29,80000000.0
451906,2025-06-04,4000000.0
452192,2025-06-04,50000.0
452392,2025-06-04,1000000.0
452477,2025-06-04,5000000.0
453704,2025-06-08,2000000.0
453865,2025-06-10,300000.0
454386,2025-06-16,4500000.0
455349,2025-06-23,1500000.0
456535,2025-06-05,600000.0
457107,2025-06-24,100000.0
457235,2025-06-01,400000.0
457444,2025-06-01,750000.0
457673,2025-06-16,6000000.0
459504,2025-05-14,75000.0
459535,2025-06-18,200000.0
459661,2025-05-22,1000000.0
459697,2025-06-01,300000.0
459945,2025-06-01,700000.0
460035,2025-06-15,10000.0
460245,2025-06-04,5000000.0
460602,2025-05-14,10000.0
460629,2025-06-11,700000.0
460660,2025-05-25,150000.0
460898,2025-05-20,200000.0
460939,2025-06-16,60000000.0
461833,2025-05-29,10000000.0
461883,2025-05-29,25000000.0
461909,2023-03-06,0.0
462809,2025-05-27,125000.0
462823,2025-06-16,20000000.0
463601,2025-06-11,250000.0
463603,2025-05-29,22000000.0
463617,2025-06-05,400000.0
463620,2025-06-09,10000000.0
463665,2025-06-16,18000000.0
464195,2025-06-11,900000.0
464303,2021-06-23,0.0
465967,2025-06-08,3500000.0
466808,2025-06-24,200000.0
467720,2025-06-02,10000000.0
467994,2025-06-01,700000.0
468066,2025-05-29,12000000.0
468198,2025-05-29,6000000.0
469050,2025-05-29,28000000.0
469211,2025-06-16,3000000.0
469787,2025-06-17,3200000.0
469858,2025-04-03,150000.0
469860,2025-06-04,2000000.0
470594,2025-06-17,350000.0
470596,2025-05-29,800000.0
471474,2025-06-23,800000.0
471690,2025-06-08,6000000.0
471897,2025-06-10,175000.0
472234,2025-06-22,100000.0
472242,2025-06-18,1000000.0
472246,2025-06-10,175000.0
474662,2025-06-02,6000000.0
474701,2025-05-29,22000000.0
475410,2025-06-01,7000000.0
475411,2025-05-29,25000000.0
476079,2025-05-25,50000.0
476352,2025-05-26,13000000.0
476915,2025-06-05,800000.0
478107,2024-06-27,0.0
479709,2025-05-14,150000.0
480116,2025-06-16,16000000.0
480692,2025-05-29,70000000.0
481084,2025-06-08,1000000.0
481176,2022-10-03,0.0
481344,2025-06-01,300000.0
481836,2025-06-18,150000.0
482072,2025-06-04,14000000.0
482107,2025-06-15,450000.0
482145,2025-06-11,400000.0
483348,2025-05-29,20000000.0
483974,2025-05-28,600000.0
484992,2025-06-02,2500000.0
484994,2025-05-25,75000.0
485585,2025-05-29,28000000.0
485706,2025-05-29,50000000.0
485747,2025-06-04,500000.0
485963,2025-06-08,15000000.0
486046,2025-06-04,8000000.0
486144,2025-05-29,1000000.0
487333,2025-06-01,500000.0
487829,2025-06-01,400000.0
487834,2025-05-22,6000000.0
487839,2025-06-01,1700000.0
487846,2025-06-18,175000.0
487969,2025-06-16,30000000.0
488935,2025-05-29,2500000.0
489359,2025-05-26,10000000.0
489463,2025-06-02,9000000.0
490384,2025-06-16,22000000.0
490606,2025-05-29,700000.0
490760,2025-05-29,1000000.0
495601,2025-05-29,6000000.0
495625,2025-06-23,2000000.0
495629,2025-06-08,2500000.0
495669,2025-06-05,500000.0
495993,2025-05-26,2500000.0
496094,2025-06-04,45000000.0
496357,2025-06-25,650000.0
497225,2023-06-30,0.0
497291,2025-05-29,18000000.0
498237,2025-05-22,10000000.0
500164,2025-06-18,100000.0
500191,2025-06-23,200000.0
500689,2025-06-02,25000000.0
501418,2025-06-08,7000000.0
503160,2025-06-04,24000000.0
503482,2025-06-04,40000000.0
503680,2025-05-29,20000000.0
503743,2025-05-29,55000000.0
503749,2025-05-29,32000000.0
503976,2025-05-29,200000.0
503980,2025-05-26,3000000.0
504085,2025-06-01,2300000.0
504147,2025-06-05,2000000.0
504153,2025-06-04,10000000.0
504215,2025-06-04,7000000.0
505493,2025-06-23,1200000.0
505512,2025-06-24,250000.0
505673,2025-06-24,300000.0
507235,2025-06-17,100000.0
507341,2025-06-04,6000000.0
508371,2025-06-17,2000000.0
510385,2025-03-20,0.0
511401,2025-05-26,1500000.0
511550,2025-05-26,6000000.0
511813,2025-05-29,800000.0
512344,2025-06-05,250000.0
514514,2025-06-23,700000.0
517372,2025-06-01,100000.0
517894,2025-05-29,60000000.0
518505,2025-06-04,20000000.0
520468,2025-06-05,3500000.0
520840,2025-06-08,3000000.0
520857,2025-06-05,350000.0
521407,2025-06-08,2500000.0
522084,2025-06-18,500000.0
522681,2025-06-01,500000.0
522784,2025-06-16,25000000.0
523977,2025-05-29,400000.0
524285,2025-06-04,6000000.0
524290,2025-06-18,8000000.0
524318,2023-03-06,0.0
524925,2025-06-02,3000000.0
525247,2025-05-29,25000000.0
525287,2025-05-29,3500000.0
525438,2025-06-01,2200000.0
526050,2025-06-23,1500000.0
526466,2025-06-04,4000000.0
526845,2025-06-04,18000000.0
528178,2025-05-27,250000.0
528894,2025-06-17,300000.0
530879,2025-06-17,200000.0
531273,2025-06-05,1000000.0
531338,2025-06-12,250000.0
531461,2025-06-09,400000.0
531824,2025-06-05,350000.0
531957,2025-05-26,3000000.0
532775,2025-06-02,15000000.0
533007,2025-06-22,125000.0
533916,2025-05-26,2000000.0
534033,2025-05-29,100000000.0
534082,2025-06-01,600000.0
534174,2025-05-14,50000.0
535469,2025-06-16,3000000.0
535706,2025-04-23,450000.0
535959,2025-06-08,1000000.0
536477,2025-06-08,900000.0
536508,2025-06-02,5000000.0
536519,2025-06-09,750000.0
536794,2025-06-29,125000.0
536835,2025-05-29,45000000.0
537142,2023-09-20,0.0
537382,2025-06-08,15000000.0
537490,2025-04-03,0.0
537509,2025-06-01,400000.0
537760,2025-06-24,250000.0
537765,2025-06-23,1800000.0
538006,2025-06-23,1000000.0
538072,2025-06-11,800000.0
538874,2025-06-02,15000000.0
538918,2025-06-16,8500000.0
538998,2025-06-02,2500000.0
539632,2025-06-01,250000.0
539665,2025-06-02,600000.0
540056,2025-06-15,2500000.0
540333,2025-06-16,6000000.0
540641,2025-07-03,50000.0
540676,2025-06-24,400000.0
540941,2025-05-29,28000000.0
541231,2025-05-29,22000000.0
541595,2025-06-23,125000.0
541628,2025-05-26,2700000.0
542452,2025-06-17,3500000.0
542572,2025-06-18,225000.0
543537,2025-06-08,3000000.0
543666,2025-06-16,6500000.0
543729,2025-05-27,700000.0
544148,2025-06-04,3000000.0
545332,2025-06-18,1200000.0
546926,2025-06-16,7500000.0
547818,2025-06-15,100000.0
548254,2025-06-11,3500000.0
548347,2025-06-02,300000.0
548470,2025-05-26,5500000.0
548650,2025-06-04,5000000.0
548716,2025-06-01,250000.0
549069,2025-06-24,200000.0
550829,2025-06-04,5000000.0
551001,2025-05-26,1300000.0
551182,2025-06-08,2000000.0
551752,2025-06-01,750000.0
552059,2025-06-16,150000.0
552912,2025-05-25,4500000.0
553757,2025-06-05,300000.0
553875,2025-05-29,38000000.0
553905,2025-06-18,200000.0
555143,2025-06-08,9000000.0
555557,2025-06-05,150000.0
555820,2025-06-16,5500000.0
556173,2025-06-18,225000.0
556566,2025-06-18,125000.0
556567,2025-06-18,150000.0
557407,2025-06-16,10000000.0
557609,2024-09-26,0.0
557614,2025-06-08,1000000.0
558709,2024-09-24,0.0
559794,2025-05-29,15000000.0
559800,2025-06-17,600000.0
560593,2025-06-02,15000000.0
562030,2025-06-15,850000.0
563140,2025-08-26,0.0
564795,2025-06-18,300000.0
565093,2025-05-29,30000000.0
565821,2025-06-02,30000000.0
565822,2025-05-29,30000000.0
565846,2025-06-16,100000.0
566043,2025-06-17,900000.0
566574,2025-06-08,1000000.0
566832,2024-09-05,0.0
566861,2025-06-11,700000.0
566888,2024-09-26,0.0
566931,2025-06-04,70000000.0
567444,2025-06-18,300000.0
567597,2024-12-26,600000.0
568117,2024-02-19,0.0
568154,2025-06-22,400000.0
568183,2025-06-24,200000.0
568701,2025-06-01,300000.0
568702,2025-05-22,550000.0
569361,2025-06-19,200000.0
569374,2023-10-18,0.0
569376,2025-05-29,3500000.0
569389,2025-06-02,10000000.0
569866,2025-06-08,1000000.0
569876,2025-06-23,300000.0
570160,2025-06-10,350000.0
570336,2025-05-26,7500000.0
570466,2025-06-09,2500000.0
570817,2025-05-27,1000000.0
571299,2025-06-05,2000000.0
573978,2025-06-10,225000.0
574569,2025-06-18,1000000.0
574772,2025-06-23,2000000.0
575319,2025-06-01,400000.0
575998,2025-06-02,20000000.0
576121,2025-05-26,4000000.0
579205,2025-06-01,500000.0
579206,2025-05-14,75000.0
579263,2025-06-02,2500000.0
579287,2025-06-04,12000000.0
579746,2025-05-14,25000.0
580195,2025-06-04,140000000.0
580276,2025-04-23,350000.0
580747,2025-06-02,1800000.0
581598,2025-06-17,300000.0
581604,2025-06-18,300000.0
581640,2025-06-24,200000.0
581669,2025-05-26,16000000.0
581672,2025-05-26,10000000.0
581675,2025-05-26,1500000.0
581701,2025-06-23,1000000.0
581781,2025-06-08,1200000.0
582131,2025-05-27,400000.0
582302,2025-06-18,125000.0
582354,2025-06-18,75000.0
582698,2025-06-24,50000.0
583189,2025-05-29,42000000.0
583607,2025-06-24,50000.0
585323,2025-05-29,18000000.0
585550,2025-05-29,9000000.0
585949,2025-06-16,28000000.0
585959,2025-06-02,22000000.0
585982,2025-06-16,26000000.0
586659,2025-06-04,500000.0
586984,2025-06-16,500000.0
587019,2025-06-04,500000.0
587106,2025-06-22,225000.0
587646,2025-06-01,400000.0
589459,2025-06-24,200000.0
589737,2025-06-04,6000000.0
591375,2025-06-09,50000.0
591916,2025-06-08,22000000.0
591957,2025-06-23,500000.0
592387,2025-06-15,2500000.0
592474,2025-06-16,175000.0
592924,2025-06-11,1500000.0
593279,2025-06-12,400000.0
593322,2023-06-20,0.0
594276,2025-06-08,400000.0
594926,2025-06-08,1500000.0
594997,2025-06-01,1000000.0
595650,2025-06-11,4000000.0
597000,2025-06-18,6000000.0
598575,2025-06-08,225000.0
598765,2025-06-23,1000000.0
599231,2025-06-11,8000000.0
600942,2025-06-18,1800000.0
604113,2025-06-18,4000000.0
604320,2025-06-04,3500000.0
604914,2022-10-03,0.0
605306,2025-06-05,125000.0
605528,2025-06-24,100000.0
606308,2022-08-02,0.0
606450,2025-06-02,300000.0
606451,2025-06-01,150000.0
606752,2025-05-29,18000000.0
606872,2025-06-04,2500000.0
607224,2025-05-26,12000000.0
607225,2025-05-25,400000.0
607227,2025-06-01,700000.0
607854,2025-06-16,50000000.0
608175,2025-05-26,6500000.0
608531,2025-04-03,400000.0
609692,2025-06-18,150000.0
609887,2025-05-26,1500000.0
610442,2025-05-29,35000000.0
610621,2025-05-26,500000.0
610622,2025-06-23,2000000.0
610649,2025-06-16,500000.0
610665,2025-06-17,175000.0
610849,2025-05-29,40000000.0
610863,2025-06-29,800000.0
611650,2022-10-03,0.0
614195,2025-06-24,150000.0
614464,2025-09-05,800000.0
614500,2025-06-18,175000.0
616341,2025-06-02,70000000.0
617021,2025-06-02,700000.0
617755,2025-05-26,2000000.0
617808,2025-06-18,400000.0
618350,2025-06-05,4000000.0
618425,2025-06-02,1500000.0
618494,2025-05-29,7000000.0
618809,2025-06-08,6000000.0
620316,2025-04-03,100000.0
620318,2025-06-15,350000.0
620912,2023-10-18,0.0
621123,2025-06-18,150000.0
621223,2025-06-18,150000.0
621277,2025-05-14,50000.0
621282,2024-06-17,0.0
621554,2023-06-30,0.0
621802,2025-06-11,3000000.0
622380,2025-06-16,15000000.0
622988,2025-06-08,3000000.0
623040,2025-06-18,400000.0
623521,2025-06-08,2000000.0
623872,2025-05-07,100000.0
624690,2025-06-16,40000000.0
624942,2025-06-08,7500000.0
625655,2025-06-23,600000.0
625657,2025-06-08,600000.0
625658,2025-06-23,400000.0
625882,2025-06-24,150000.0
627207,2025-05-27,16000000.0
627226,2025-06-23,1500000.0
627294,2025-06-23,2000000.0
627464,2025-05-25,350000.0
627924,2025-05-25,150000.0
628451,2025-05-29,40000000.0
628473,2025-06-24,150000.0
628488,2023-11-12,0.0
628494,2025-06-24,200000.0
628558,2025-06-01,700000.0
628834,2025-06-04,2000000.0
629032,2025-06-05,250000.0
629585,2025-06-01,2000000.0
629587,2025-06-01,50000.0
629637,2025-06-09,1000000.0
631222,2025-06-08,4000000.0
631693,2025-06-08,900000.0
632349,2025-05-29,20000000.0
632497,2025-06-24,50000.0
633169,2024-09-26,0.0
633530,2025-06-16,4500000.0
633659,2025-06-17,350000.0
634117,2025-06-24,200000.0
634125,2025-06-24,250000.0
635347,2025-06-23,800000.0
635645,2025-06-04,7500000.0
635772,2020-06-02,0.0
636119,2025-06-24,200000.0
636229,2023-03-06,0.0
636898,2025-06-10,600000.0
638235,2025-06-23,800000.0
639582,2025-05-29,250000.0
639712,2025-06-02,7000000.0
640026,2025-05-22,2500000.0
642967,2025-06-04,1500000.0
643574,2025-06-04,20000000.0
644401,2025-05-29,23000000.0
645686,2025-05-29,6000000.0
645774,2025-06-04,8000000.0
646214,2024-12-26,200000.0
646402,2025-06-02,7000000.0
646739,2025-06-22,1500000.0
646782,2025-05-27,400000.0
647534,2025-06-16,300000.0
647787,2025-06-17,2400000.0
648886,2025-06-18,600000.0
649672,2025-06-05,5000000.0
650104,2025-06-02,400000.0
650582,2025-05-29,250000.0
650997,2025-06-18,150000.0
650999,2025-06-18,400000.0
651005,2025-06-16,5000000.0
651206,2025-05-14,175000.0
651735,2025-06-04,2500000.0
651973,2025-06-01,700000.0
652332,2025-05-29,4000000.0
652979,2025-06-17,300000.0
653610,2025-05-27,35000000.0
654253,2025-05-29,5000000.0
654412,2025-06-01,2500000.0
654949,2025-06-18,50000.0
654982,2025-05-29,28000000.0
655009,2025-06-16,2000000.0
655815,2025-06-16,50000.0
655912,2025-06-24,1000000.0
656681,2025-06-04,40000000.0
657817,2025-05-26,300000.0
657919,2024-06-27,0.0
657994,2025-06-29,125000.0
658244,2025-06-18,125000.0
658534,2025-06-02,1200000.0
659416,2025-06-18,350000.0
659542,2025-06-04,22000000.0
659813,2025-06-04,50000000.0
660342,2025-06-16,1300000.0
660860,2025-06-16,10000000.0
661145,2025-06-08,15000000.0
661171,2025-06-02,65000000.0
661208,2025-05-26,2000000.0
661212,2025-06-16,5000000.0
662142,2023-10-18,0.0
662562,2025-06-18,250000.0
663237,2025-06-16,8000000.0
663264,2025-05-26,1800000.0
663900,2025-06-01,3000000.0
665390,2025-05-29,16000000.0
666169,2025-06-10,150000.0
666953,2025-09-07,450000.0
666974,2025-06-02,6000000.0
667060,2025-06-18,150000.0
668179,2025-06-23,6000000.0
668212,2025-06-24,300000.0
668276,2025-06-08,1500000.0
668313,2025-06-24,500000.0
668495,2025-05-25,1200000.0
668503,2023-10-18,0.0
668547,2025-06-16,12000000.0
669511,2025-06-23,1200000.0
669915,2025-06-01,1400000.0
670558,2024-12-26,0.0
670846,2025-05-26,1500000.0
670848,2025-05-29,4000000.0
670858,2025-05-29,32000000.0
671145,2025-06-05,5000000.0
671915,2025-06-08,10000000.0
672202,2025-06-05,1200000.0
672792,2025-02-26,0.0
673492,2025-05-29,14000000.0
673495,2025-05-01,300000.0
674501,2025-05-22,800000.0
676525,2025-05-25,100000.0
677057,2025-05-25,450000.0
677794,2025-06-10,275000.0
678194,2025-06-15,500000.0
684318,2025-06-04,500000.0
685484,2025-06-10,250000.0
686837,2025-06-17,800000.0
686845,2025-05-27,4000000.0
686965,2025-06-16,9000000.0
687035,2025-06-19,1200000.0
687626,2025-05-29,90000000.0
688593,2025-09-04,8000000.0
688641,2025-06-08,275000.0
689091,2023-12-17,0.0
690799,2025-06-02,10000000.0
691316,2025-06-02,25000000.0
691786,2025-06-04,4000000.0
692070,2025-06-18,4000000.0
694507,2025-06-18,3500000.0
695422,2025-06-02,300000.0
696324,2025-06-16,500000.0
696617,2023-06-30,0.0
696764,2025-05-26,4000000.0
698164,2025-05-26,1400000.0
699704,2025-05-26,18000000.0
699771,2025-06-24,200000.0
700053,2025-06-01,750000.0
701819,2025-06-16,5000000.0
701842,2025-06-18,275000.0
703474,2025-06-17,200000.0
704079,2025-06-18,100000.0
704260,2025-06-18,50000.0
704270,2025-06-01,2500000.0
704692,2025-06-18,100000.0
704709,2025-06-18,100000.0
704711,2024-12-29,0.0
704714,2025-06-12,50000.0
704825,2025-06-01,3000000.0
705063,2025-06-01,5500000.0
705395,2025-06-08,12000000.0
705815,2025-06-24,100000.0
706380,2025-06-23,75000.0
706947,2025-06-23,800000.0
707063,2025-06-01,500000.0
707231,2024-06-27,0.0
707245,2025-05-25,50000.0
707246,2022-10-03,0.0
707276,2025-06-24,200000.0
707350,2025-06-23,400000.0
707359,2025-02-22,200000.0
707456,2025-06-18,175000.0
708086,2025-06-01,1500000.0
708186,2025-06-01,700000.0
708265,2025-06-02,70000000.0
708388,2024-09-26,0.0
708678,2025-06-16,7000000.0
708681,2025-06-09,400000.0
708868,2025-05-14,100000.0
709726,2025-06-04,75000000.0
709957,2025-06-16,6000000.0
709999,2025-06-22,750000.0
710484,2025-06-24,200000.0
710671,2025-06-08,2500000.0
711394,2025-06-23,500000.0
711628,2025-06-24,250000.0
711996,2025-06-02,3000000.0
712181,2025-06-24,200000.0
715616,2025-06-01,150000.0
715622,2025-06-24,300000.0
715635,2025-06-24,100000.0
716411,2025-06-01,100000.0
717118,2025-06-01,4000000.0
717345,2025-06-18,250000.0
717346,2025-06-18,400000.0
717421,2023-10-18,0.0
718088,2024-09-24,0.0
718195,2025-06-24,200000.0
718201,2025-06-09,4500000.0
718232,2025-05-26,700000.0
718312,2025-06-02,1800000.0
719737,2025-06-23,400000.0
720530,2025-06-24,25000.0
720868,2024-09-24,0.0
723416,2025-06-01,500000.0
724129,2025-06-02,15000000.0
725912,2025-05-29,15000000.0
726120,2025-06-18,600000.0
726698,2024-06-27,0.0
727865,2025-06-18,75000.0
728516,2025-05-26,300000.0
728734,2025-06-11,3500000.0
729677,2025-03-13,0.0
730408,2025-06-10,300000.0
731491,2025-06-16,1000000.0
735570,2025-05-29,40000000.0
735571,2025-05-29,20000000.0
735700,2025-06-01,1000000.0
740253,2025-06-23,1800000.0
740674,2025-06-12,1200000.0
741090,2025-06-16,2000000.0
741228,2025-06-29,300000.0
741289,2025-06-24,500000.0
742770,2025-06-15,900000.0
743414,2024-12-26,1500000.0
743589,2025-06-23,1000000.0
743597,2025-05-29,10000000.0
743600,2025-06-02,35000000.0
744074,2025-06-16,1000000.0
744728,2025-06-16,4000000.0
744857,2025-06-18,8000000.0
744934,2025-05-25,800000.0
744941,2025-05-26,200000.0
745075,2025-06-04,400000.0
745200,2025-06-02,45000000.0
745201,2025-08-25,100000.0
745202,2025-06-16,800000.0
745341,2025-06-02,100000.0
745427,2025-06-01,1500000.0
745689,2025-06-29,250000.0
746695,2025-05-29,13000000.0
746833,2025-05-26,8000000.0
746908,2025-06-24,150000.0
747598,2025-06-16,200000.0
747720,2025-05-27,1500000.0
747951,2025-05-26,10000000.0
748679,2025-06-26,200000.0
748720,2025-06-01,1000000.0
749552,2025-06-16,4500000.0
764683,2025-05-25,600000.0
765467,2025-06-23,1000000.0
766552,2025-06-24,300000.0
766839,2025-06-09,500000.0
768384,2024-03-18,0.0
768439,2025-06-01,300000.0
770436,2025-05-25,150000.0
775605,2025-06-08,55000000.0
780136,2025-06-09,11000000.0
785967,2025-04-23,500000.0
786436,2025-06-02,18000000.0
787152,2025-06-22,150000.0
787618,2025-06-16,12000000.0
789252,2025-06-04,12000000.0
789328,2025-06-24,200000.0
790992,2025-05-26,8000000.0
795274,2025-05-27,3000000.0
795387,2025-06-04,100000.0
796297,2025-05-26,22000000.0
796298,2025-05-26,700000.0
796303,2025-06-17,1000000.0
796305,2025-06-17,1500000.0
798894,2023-10-18,0.0
800246,2024-03-06,0.0
800946,2025-06-10,2500000.0
802747,2025-06-01,600000.0
802986,2025-06-11,400000.0
802987,2025-06-02,50000.0
804547,2025-01-08,0.0
804548,2025-05-25,600000.0
804829,2025-05-25,500000.0
804884,2025-06-01,600000.0
805908,2025-06-02,9000000.0
806306,2022-03-08,0.0
806310,2025-06-17,750000.0
806496,2025-06-01,500000.0
806524,2025-09-07,500000.0
806955,2025-06-08,400000.0
807128,2025-06-02,6000000.0
810093,2025-03-23,1000000.0
810411,2025-06-01,3500000.0
810894,2025-06-02,150000.0
811430,2025-06-01,1500000.0
811778,2025-05-29,35000000.0
812654,2025-06-01,1800000.0
813730,2025-06-04,200000.0
814015,2025-06-18,200000.0
814438,2025-06-18,150000.0
814820,2025-05-29,300000.0
814976,2025-06-01,700000.0
815078,2025-06-04,6000000.0
815529,2025-06-18,300000.0
815567,2025-06-16,75000.0
818888,2025-06-01,3800000.0
818892,2025-06-16,200000.0
819636,2025-06-18,4000000.0
820957,2025-06-18,4000000.0
822458,2025-06-02,3000000.0
822959,2025-06-04,30000000.0
823486,2025-05-29,18000000.0
823525,2025-06-18,150000.0
825438,2025-06-02,50000.0
827440,2025-06-29,75000.0
829838,2025-06-10,350000.0
830108,2025-06-04,2500000.0
831161,2025-06-01,3800000.0
834468,2025-06-16,250000.0
834470,2025-06-24,200000.0
834486,2025-06-24,150000.0
834491,2025-06-24,300000.0
834764,2025-06-08,25000000.0
838947,2025-05-25,25000.0
840149,2025-06-11,7500000.0
841121,2025-06-02,1200000.0
845566,2025-06-11,3500000.0
845654,2025-06-16,50000000.0
845809,2025-05-29,400000.0
846302,2025-06-05,300000.0
846310,2025-06-04,7500000.0
847279,2025-06-02,6000000.0
854325,2025-06-11,1800000.0
854988,2025-06-02,0.0
855050,2025-09-01,0.0
855142,2025-07-13,0.0
855160,2025-05-25,50000.0
855308,2025-06-16,8000000.0
855890,2025-06-29,175000.0
856156,2025-06-24,100000.0
856274,2025-06-23,1500000.0
857148,2025-06-01,700000.0
857154,2025-04-23,200000.0
857832,2025-06-08,1500000.0
858677,2025-06-18,150000.0
860992,2025-06-16,6000000.0
862628,2025-05-29,750000.0
862880,2025-05-25,75000.0
863204,2025-06-05,4000000.0
863741,2025-05-29,600000.0
864121,2025-05-29,11000000.0
864480,2025-06-17,400000.0
865557,2022-10-03,0.0
866246,2025-05-29,38000000.0
866247,2025-06-26,1200000.0
866250,2025-06-08,1300000.0
867357,2025-06-11,2200000.0
867545,2025-05-18,10000.0
872184,2025-06-04,2000000.0
874080,2025-05-26,1600000.0
874538,2025-06-17,275000.0
875638,2025-05-25,300000.0
876034,2025-09-03,300000.0
876400,2025-06-16,5000000.0
877620,2025-06-18,125000.0
878160,2025-05-26,3000000.0
879768,2025-05-26,3000000.0
883051,2025-06-26,600000.0
883349,2025-06-16,4000000.0
884072,2025-06-05,5000000.0
884820,2025-06-04,1000000.0
885235,2025-06-18,150000.0
885236,2025-05-27,75000.0
885445,2025-06-16,7000000.0
887433,2025-06-11,300000.0
888738,2025-06-01,450000.0
888823,2024-09-26,0.0
890290,2025-05-29,60000000.0
890532,2025-09-04,75000.0
890721,2025-05-29,45000000.0
891998,2025-06-02,2500000.0
892217,2025-06-24,150000.0
892929,2025-06-08,7500000.0
893198,2025-06-26,200000.0
894914,2025-06-04,28000000.0
895074,2025-06-17,1200000.0
895331,2025-06-24,500000.0
895334,2025-06-08,7500000.0
895480,2025-06-23,1600000.0
897423,2025-06-04,1500000.0
898356,2025-06-26,325000.0
926763,2025-06-08,1500000.0
926766,2025-06-24,300000.0
926849,2025-06-24,800000.0
926952,2025-05-29,25000000.0
927353,2025-06-04,8000000.0
927906,2025-05-27,75000.0
928323,2025-06-02,3000000.0
929864,2025-06-24,25000.0
930415,2025-06-24,150000.0
930767,2025-06-26,1500000.0
930780,2025-06-26,1500000.0
930781,2025-06-01,25000000.0
931160,2025-06-02,8000000.0
931567,2025-06-01,1500000.0
931841,2025-05-27,450000.0
932187,2025-06-09,100000.0
932350,2025-06-24,100000.0
933908,2025-06-08,2500000.0
934154,2025-06-25,275000.0
934420,2025-06-24,250000.0
934461,2025-05-27,175000.0
934863,2025-06-18,150000.0
934876,2025-06-26,250000.0
935342,2025-06-24,200000.0
935508,2025-06-26,250000.0
936503,2025-06-18,300000.0
936595,2025-04-03,0.0
936750,2025-06-18,200000.0
936867,2025-06-29,75000.0
936874,2025-05-29,10000000.0
937713,2025-06-23,700000.0
937945,2025-06-24,300000.0
940462,2025-06-24,150000.0
942083,2023-10-18,0.0
943795,2025-06-11,1000000.0
944124,2025-06-24,150000.0
947360,2025-06-02,7000000.0
947439,2025-06-24,25000.0
948047,2025-06-26,200000.0
948278,2025-06-24,1000000.0
950593,2025-06-16,3200000.0
951579,2025-06-02,7000000.0
951957,2025-06-10,350000.0
954104,2025-05-26,500000.0
954688,2025-06-26,200000.0
955070,2025-06-02,15000000.0
955263,2025-06-02,50000.0
955355,2025-05-25,100000.0
957295,2025-06-16,300000.0
961022,2025-06-16,15000000.0
961945,2025-06-24,200000.0
962125,2025-06-16,1000000.0
963878,2025-05-29,150000.0
964087,2025-06-16,1000000.0
964239,2025-06-26,25000.0
964580,2025-06-05,20000000.0
966905,2025-05-27,175000.0
967049,2025-06-09,300000.0
967319,2025-05-29,12000000.0
969154,2025-09-03,800000.0
969192,2025-06-01,2000000.0
969447,2025-06-11,3000000.0
970364,2025-06-02,600000.0
970633,2025-05-26,1500000.0
972479,2024-09-26,0.0
975347,2025-08-31,800000.0
979235,2025-06-23,300000.0
979760,2025-05-25,400000.0
982097,2025-05-29,800000.0
982393,2025-06-02,900000.0
982864,2025-06-01,100000.0
986310,2025-06-02,50000.0
988272,2025-06-02,700000.0
988468,2025-05-25,400000.0
988964,2025-06-26,4000000.0
989112,2025-06-11,1000000.0
991751,2025-06-26,500000.0
994536,2025-05-29,18000000.0
996897,2025-05-29,14000000.0
997906,2025-05-27,75000.0
1000135,2025-06-24,100000.0
1000675,2025-06-04,800000.0
1004681,2025-06-01,400000.0
1009596,2025-06-01,4000000.0
1010854,2025-05-29,10000000.0
1011738,2025-05-29,5000000.0
1012534,2025-05-29,30000000.0
1013774,2025-06-24,200000.0
1015822,2025-09-08,1500000.0
1019950,2025-06-02,150000.0
1020544,2025-06-01,100000.0
1021422,2024-06-02,0.0
1028125,2025-05-29,125000.0
1029293,2024-03-06,0.0
1030153,2025-06-02,800000.0
1033005,2025-06-08,3000000.0
1047257,2025-07-03,100000.0
1049151,2025-06-11,500000.0
1052420,2025-06-18,1800000.0
1052885,2024-09-26,0.0
1053240,2025-06-01,1000000.0
1053908,2025-06-15,350000.0
1054322,2025-06-26,700000.0
1054347,2025-06-26,450000.0
1054429,2025-06-24,300000.0
1054931,2025-06-24,200000.0
1054933,2025-06-24,200000.0
1055220,2025-06-24,400000.0
1058369,2025-06-26,1000000.0
1058515,2025-06-04,200000.0
1058520,2025-06-18,2000000.0
1059771,2025-06-26,50000.0
1060454,2025-06-24,1000000.0
1061820,2025-06-16,1500000.0
1064105,2025-06-24,150000.0
1065832,2025-06-24,200000.0
1066196,2025-06-26,500000.0
1069512,2025-06-23,2500000.0
1071430,2025-06-02,50000.0
1071956,2025-06-02,4000000.0
1073023,2025-06-26,175000.0
1075580,2025-08-25,500000.0
1082519,2025-06-01,450000.0
1089202,2025-06-02,10000000.0
1101641,2025-06-02,400000.0
1102761,2025-06-26,100000.0
1104725,2025-06-23,150000.0
1106860,2025-06-02,100000.0
1108466,2025-08-25,10000000.0
1110645,2025-06-16,800000.0
1111589,2025-06-16,18000000.0
1113451,2025-06-17,1000000.0
1118086,2025-06-16,200000.0
1121298,2025-06-02,6000000.0
1131161,2025-06-02,150000.0
1134717,2025-06-02,175000.0
1137980,2025-06-23,250000.0
1141560,2025-06-02,5000000.0
1145504,2025-05-29,8000000.0
1166534,2025-06-24,300000.0
1169436,2025-06-08,200000.0
1173480,2025-05-27,50000.0
1176345,2025-06-02,800000.0
1178488,2025-06-01,4000000.0
1180809,2025-06-02,50000.0
1189292,2025-06-24,50000.0
1190411,2025-06-08,30000000.0
1191444,2025-08-25,2000000.0
1208520,2025-05-04,1000000.0
1222050,2025-06-01,250000.0
1230201,2025-06-24,200000.0
1237306,2025-06-02,500000.0
1241211,2025-06-02,300000.0
1249340,2025-06-24,200000.0
1271065,2025-05-04,100000.0
1314671,2025-06-02,100000.0
1363293,2025-06-02,100000.0
1367276,2025-06-08,500000.0
912601,2023-07-31,0.0
914934,2025-06-01,2800000.0
916497,2025-06-01,500000.0
917015,2025-06-10,400000.0
917120,2025-06-09,1800000.0
917817,2025-06-02,800000.0
918250,2025-08-04,0.0
918969,2025-06-02,22000000.0
919173,2025-06-11,1200000.0
919515,2025-06-04,15000000.0
920939,2025-05-25,600000.0
921513,2025-06-17,200000.0
921532,2025-06-17,150000.0
921655,2025-06-02,9000000.0
922462,2025-05-26,2000000.0
922563,2025-05-29,8000000.0
923595,2025-06-04,7000000.0
923759,2025-06-02,10000000.0
923831,2025-05-29,55000000.0
924349,2025-06-16,2400000.0
924610,2025-06-24,150000.0
924800,2025-05-25,500000.0
925845,2025-06-18,700000.0
926978,2025-06-15,3500000.0
928037,2025-06-26,600000.0
929899,2025-06-23,1200000.0
929943,2025-06-04,500000.0
931838,2025-06-04,40000000.0
932349,2025-06-23,100000.0
933017,2025-05-29,300000.0
933018,2025-05-26,8000000.0
933900,2025-06-02,4000000.0
934159,2025-06-16,1800000.0
935198,2024-03-06,0.0
935230,2025-06-24,8000000.0
935231,2025-06-24,1000000.0
935777,2025-06-16,1000000.0
936755,2025-06-18,900000.0
936842,2025-05-29,2000000.0
936901,2025-05-29,150000.0
937042,2025-06-26,300000.0
937342,2025-06-26,200000.0
937891,2025-05-14,125000.0
938145,2025-06-24,300000.0
938146,2025-06-08,4000000.0
938158,2025-05-29,8000000.0
938722,2025-06-24,150000.0
939445,2024-01-29,0.0
939964,2025-06-04,17000000.0
941869,2025-06-08,900000.0
941883,2025-06-08,500000.0
942099,2024-09-24,0.0
943560,2025-05-29,75000.0
945709,2025-06-24,400000.0
946883,2025-05-29,8000000.0
947432,2025-06-24,25000.0
948273,2025-06-08,1500000.0
948537,2025-06-04,3000000.0
949111,2025-09-09,1000000.0
954105,2025-05-29,300000.0
955357,2025-06-01,15000000.0
955359,2025-06-09,1000000.0
955449,2025-06-02,100000.0
957822,2025-06-26,275000.0
958647,2025-06-02,600000.0
961297,2025-06-23,1000000.0
961954,2025-06-24,50000.0
962555,2025-06-02,10000000.0
967346,2025-05-26,12000000.0
973949,2025-06-01,1500000.0
977464,2025-06-04,7000000.0
977877,2025-06-02,1500000.0
982855,2025-06-16,10000000.0
983989,2025-05-29,20000000.0
984708,2025-06-23,1500000.0
984964,2025-06-01,8500000.0
986288,2025-06-02,800000.0
988862,2025-06-09,1000000.0
988987,2025-06-26,1500000.0
989621,2025-06-01,4500000.0
989824,2025-06-01,400000.0
990637,2025-06-09,5000000.0
990732,2025-05-25,500000.0
991054,2025-06-17,2500000.0
991649,2024-09-26,0.0
991800,2025-05-29,15000000.0
996453,2025-06-16,2000000.0
999229,2025-06-01,700000.0
1003925,2025-06-26,75000.0
1004295,2025-06-24,50000.0
1004344,2025-06-16,900000.0
1004723,2025-06-16,1400000.0
1005240,2025-06-02,15000000.0
1005649,2025-05-29,55000000.0
1009030,2025-09-04,9000000.0
1009658,2025-05-29,8000000.0
1009765,2025-06-24,200000.0
1011200,2025-06-02,6000000.0
1016015,2025-06-02,15000000.0
1018259,2025-06-04,10000000.0
1018920,2025-06-08,5000000.0
1020191,2025-06-01,1000000.0
1030425,2025-06-24,250000.0
1031774,2025-06-10,1700000.0
1034853,2025-06-24,4000000.0
1035659,2025-06-02,50000.0
1038133,2025-06-24,50000.0
1038308,2025-06-01,1200000.0
1041614,2025-06-16,500000.0
1042886,2025-05-29,5000000.0
1043646,2025-06-01,7000000.0
1045121,2025-05-29,350000.0
1049598,2025-06-26,300000.0
1051756,2025-05-29,150000.0
1054934,2025-06-08,10000000.0
1055833,2024-12-26,100000.0
1056971,2025-06-24,500000.0
1058368,2025-06-18,10000000.0
1061122,2025-06-23,2000000.0
1061282,2025-06-16,30000000.0
1061336,2025-06-08,3000000.0
1061656,2025-05-26,1300000.0
1063329,2025-05-29,7000000.0
1063333,2025-06-23,700000.0
1064471,2025-06-08,5000000.0
1064538,2025-06-24,150000.0
1064871,2025-06-23,7000000.0
1065441,2025-06-24,150000.0
1069038,2025-05-25,150000.0
1069459,2025-06-02,100000.0
1074628,2025-06-01,5000000.0
1075147,2025-06-15,1500000.0
1075575,2025-06-02,300000.0
1075579,2025-06-04,600000.0
1075589,2025-04-23,1500000.0
1077175,2025-06-16,5000000.0
1078163,2025-05-29,5000000.0
1078326,2025-06-02,800000.0
1080215,2025-06-02,50000.0
1081219,2025-06-02,600000.0
1085031,2025-06-20,250000.0
1086375,2025-05-29,10000000.0
1086619,2025-06-16,18000000.0
1091562,2024-12-26,800000.0
1096744,2025-08-25,300000.0
1099652,2025-04-23,300000.0
1099726,2025-06-01,4000000.0
1103958,2025-06-02,50000.0
1105124,2025-06-16,300000.0
1108478,2025-06-02,100000.0
1110406,2025-05-27,10000000.0
1119655,2025-06-20,250000.0
1120228,2025-06-24,300000.0
1129800,2025-05-27,200000.0
1137808,2025-06-02,1200000.0
1141628,2025-05-29,4500000.0
1146029,2025-06-08,2500000.0
1158985,2025-06-24,200000.0
1159022,2025-06-01,400000.0
1159864,2025-06-01,4000000.0
1160260,2025-06-18,1200000.0
1164331,2025-06-08,300000.0
1168222,2025-06-10,250000.0
1176519,2025-06-24,500000.0
1176520,2025-06-24,300000.0
1178475,2025-05-29,3000000.0
1179130,2025-06-02,50000.0
1179588,2025-06-24,25000.0
1180835,2025-05-25,200000.0
1182738,2025-06-17,2000000.0
1183575,2025-06-02,800000.0
1186789,2025-06-02,300000.0
1198243,2025-08-15,600000.0
1200289,2025-06-02,300000.0
1213681,2025-06-18,2000000.0
1226357,2025-08-19,4000000.0
1230202,2025-06-24,50000.0
1245948,2025-09-04,5000000.0
1251220,2025-06-18,1000000.0
1275040,2025-06-02,500000.0
1310513,2025-06-02,100000.0
880245,2025-05-29,15000000.0
881610,2025-06-09,850000.0
882772,2025-06-24,200000.0
886503,2025-06-02,50000.0
888493,2025-06-08,2500000.0
890385,2025-06-16,2000000.0
892160,2025-06-11,12000000.0
894580,2024-09-24,0.0
895326,2025-06-23,1000000.0
895330,2025-06-24,50000.0
895937,2025-06-16,3500000.0
897479,2025-06-04,500000.0
900195,2025-06-09,12000000.0
903359,2025-06-17,7000000.0
905015,2025-06-24,200000.0
906214,2025-05-29,800000.0
907489,2025-06-10,400000.0
910175,2025-06-16,500000.0
910905,2025-06-02,20000000.0
911224,2025-06-26,500000.0
913323,2025-06-01,300000.0
913495,2025-06-05,500000.0
913645,2025-06-01,50000.0
914539,2025-06-01,900000.0
914880,2025-05-14,10000.0
915071,2025-06-23,75000.0
917101,2025-06-24,400000.0
917778,2025-06-02,2000000.0
917792,2025-06-18,300000.0
918268,2025-06-01,100000.0
918414,2025-06-11,1500000.0
918957,2025-06-16,100000.0
922693,2025-05-29,38000000.0
922698,2025-05-29,700000.0
923608,2025-06-10,25000.0
923758,2024-06-02,0.0
924117,2025-06-04,20000000.0
924447,2025-05-29,500000.0
925584,2025-06-17,400000.0
925838,2025-06-18,2500000.0
926135,2025-05-29,1500000.0
926850,2025-06-24,100000.0
927768,2025-05-26,5000000.0
927933,2025-06-26,200000.0
928726,2025-06-24,300000.0
928873,2025-06-01,100000.0
930004,2025-09-04,50000.0
931172,2025-05-25,100000.0
934169,2025-06-24,200000.0
934386,2025-06-01,500000.0
934527,2025-06-16,2500000.0
934838,2024-07-25,0.0
935456,2025-06-24,250000.0
936183,2025-06-01,700000.0
936684,2025-06-16,400000.0
936745,2025-06-16,1000000.0
937631,2025-06-26,125000.0
937840,2025-05-26,150000.0
937941,2025-06-08,20000000.0
937942,2025-06-24,50000.0
937955,2025-06-08,10000000.0
937956,2025-06-24,500000.0
937958,2025-06-08,200000000.0
938144,2025-06-24,500000.0
938678,2025-06-01,800000.0
940135,2025-06-18,700000.0
940553,2025-06-18,800000.0
941080,2025-06-24,300000.0
941867,2025-06-24,150000.0
943549,2025-05-26,500000.0
944570,2025-06-16,4000000.0
947411,2025-05-26,20000000.0
948294,2025-06-16,35000000.0
950091,2025-06-18,22000000.0
950727,2025-05-25,100000.0
952282,2025-05-29,400000.0
952436,2025-06-02,50000.0
953135,2025-06-17,1800000.0
955281,2025-06-02,2500000.0
955356,2025-06-02,300000.0
956588,2025-06-18,1800000.0
957874,2025-06-17,11000000.0
958649,2025-09-07,900000.0
960655,2025-06-02,100000.0
962110,2025-06-08,80000000.0
962111,2025-06-24,200000.0
963835,2024-06-02,0.0
964264,2024-07-22,0.0
965940,2025-05-26,700000.0
970279,2025-06-02,800000.0
971570,2025-06-08,35000000.0
972473,2023-10-18,0.0
973085,2025-05-29,40000000.0
973314,2025-06-24,50000.0
973690,2025-06-24,150000.0
974327,2025-06-16,200000.0
975689,2025-06-16,3000000.0
979551,2025-06-01,2500000.0
979850,2025-06-26,400000.0
980632,2025-06-16,1500000.0
982267,2025-06-16,7000000.0
982859,2023-10-18,0.0
983248,2025-05-29,600000.0
986180,2025-06-18,300000.0
986261,2025-06-01,400000.0
986262,2025-06-02,150000.0
986291,2025-06-12,1000000.0
988248,2025-05-25,75000.0
989826,2025-06-01,200000.0
991268,2025-05-29,50000000.0
991744,2025-06-26,1500000.0
993645,2025-06-16,4000000.0
994604,2025-05-29,1000000.0
1003534,2025-06-04,200000.0
1004618,2025-05-25,900000.0
1004708,2025-05-29,8000000.0
1005165,2025-06-05,3000000.0
1006411,2025-06-02,4000000.0
1009633,2025-06-16,1000000.0
1009766,2025-06-24,500000.0
1011131,2025-05-29,1000000.0
1011147,2025-05-29,18000000.0
1014243,2025-06-22,800000.0
1015619,2025-05-26,1000000.0
1015624,2025-06-02,2000000.0
1017912,2025-06-02,50000.0
1017950,2025-06-16,200000.0
1019408,2025-06-24,150000.0
1027216,2025-05-22,400000.0
1028162,2025-06-02,2000000.0
1030144,2024-06-27,0.0
1031293,2025-05-26,500000.0
1032280,2025-06-24,200000.0
1035765,2025-06-18,4000000.0
1038512,2025-06-24,500000.0
1043634,2025-05-29,700000.0
1045123,2025-05-29,4500000.0
1045124,2025-08-10,1000000.0
1045767,2025-06-24,150000.0
1047097,2025-06-02,2500000.0
1047256,2025-06-29,75000.0
1048147,2025-06-18,800000.0
1050120,2025-06-24,3000000.0
1053147,2025-06-02,2000000.0
1053148,2025-08-25,1000000.0
1054839,2025-06-02,3000000.0
1054922,2025-06-24,150000.0
1056096,2025-06-24,50000.0
1059298,2025-06-18,175000.0
1059730,2025-06-16,250000.0
1060087,2025-05-22,12000000.0
1060339,2025-05-27,75000.0
1060740,2025-05-29,4000000.0
1063338,2025-06-23,2000000.0
1063990,2025-06-24,150000.0
1064103,2025-06-23,800000.0
1065440,2025-06-24,200000.0
1065442,2025-06-24,200000.0
1066206,2025-06-24,3000000.0
1067904,2025-06-04,9000000.0
1072898,2024-12-18,0.0
1075582,2025-06-02,200000.0
1075590,2025-06-02,800000.0
1077670,2025-06-02,2000000.0
1082850,2025-09-04,7000000.0
1086636,2025-06-02,8000000.0
1088110,2025-06-01,600000.0
1088199,2025-06-01,1500000.0
1088817,2025-06-29,100000.0
1107733,2025-05-26,800000.0
1111777,2025-06-01,5000000.0
1111820,2025-06-16,300000.0
1118685,2025-06-24,0.0
1119456,2025-06-02,4000000.0
1124005,2025-06-08,15000000.0
1130445,2025-06-02,400000.0
1130514,2025-06-02,50000.0
1131973,2025-05-29,400000.0
1132634,2025-06-02,300000.0
1144700,2025-06-16,3400000.0
1144999,2025-06-02,2500000.0
1160813,2025-05-25,50000.0
1183719,2025-06-02,100000.0
1185888,2025-06-02,3000000.0
1188619,2025-05-11,500000.0
1194286,2025-05-14,125000.0
1200419,2025-06-02,800000.0
1200427,2025-08-25,100000.0
1201530,2025-06-24,500000.0
1203026,2025-06-02,200000.0
1209287,2025-06-24,500000.0
1228320,2025-06-02,100000.0
1230661,2025-05-29,200000.0
1234988,2025-05-21,400000.0
1237907,2025-06-02,50000.0
1254786,2025-05-25,600000.0
1271612,2025-06-26,200000.0
1283997,2025-05-12,4000000.0
902467,2025-06-11,50000.0
902862,2025-04-23,800000.0
903189,2025-06-29,300000.0
904712,2025-06-08,300000.0
904802,2025-05-27,35000000.0
905011,2025-06-18,12000000.0
907215,2025-06-29,750000.0
907619,2025-06-18,200000.0
910541,2025-06-18,2000000.0
911328,2025-06-16,2000000.0
911985,2025-06-11,1200000.0
912902,2025-06-02,20000000.0
913660,2025-06-08,350000.0
913669,2024-09-26,0.0
915849,2025-04-23,300000.0
916451,2025-05-27,25000.0
917104,2025-06-01,400000.0
918157,2025-06-02,50000.0
919620,2025-06-01,400000.0
920283,2025-06-05,2500000.0
921662,2025-05-29,200000.0
921734,2025-06-24,200000.0
922488,2025-06-02,50000.0
922764,2025-05-29,250000.0
923499,2025-06-04,125000.0
923832,2025-06-02,15000000.0
926235,2025-06-02,50000.0
926694,2025-06-04,22000000.0
928051,2025-05-27,250000.0
928900,2025-06-16,900000.0
929612,2025-05-22,150000.0
929743,2025-06-26,375000.0
930768,2025-06-26,750000.0
930998,2025-06-08,200000.0
932733,2025-06-26,200000.0
932740,2025-06-26,900000.0
933215,2025-05-27,800000.0
933350,2025-06-24,300000.0
934514,2025-06-26,600000.0
934878,2025-06-16,5000000.0
935245,2025-06-08,40000000.0
935281,2025-06-24,400000.0
935457,2025-06-23,400000.0
936536,2025-05-26,2800000.0
936584,2025-06-18,100000.0
936739,2025-06-18,1500000.0
936753,2025-06-18,250000.0
938009,2025-07-31,0.0
938148,2025-06-24,300000.0
938150,2025-06-24,200000.0
938729,2025-06-08,30000000.0
938734,2025-09-02,0.0
939290,2025-05-26,800000.0
939374,2025-06-08,1000000.0
939745,2025-06-16,500000.0
942497,2025-05-29,5000000.0
942814,2025-06-16,1200000.0
944427,2025-06-02,50000.0
944847,2024-06-27,0.0
945496,2025-05-27,900000.0
945500,2025-06-24,600000.0
945702,2025-06-24,25000.0
947431,2025-06-08,500000.0
947460,2025-06-24,25000.0
948275,2025-06-08,2500000.0
948279,2025-06-24,800000.0
949116,2025-06-24,100000.0
949489,2025-06-24,200000.0
951211,2025-05-14,50000.0
953901,2025-06-08,3000000.0
954265,2025-06-26,950000.0
955253,2025-05-29,2500000.0
960571,2025-06-24,1500000.0
960941,2025-03-24,800000.0
961948,2025-06-24,400000.0
962124,2025-06-24,150000.0
962145,2025-06-08,700000.0
964190,2025-06-24,300000.0
967318,2025-05-26,100000.0
967340,2025-06-16,50000.0
971774,2025-06-24,100000.0
971775,2025-06-24,150000.0
972465,2025-06-04,5000000.0
974894,2025-06-04,1000000.0
976271,2023-12-12,0.0
978442,2025-06-26,850000.0
979766,2025-06-16,800000.0
979859,2025-05-27,50000.0
980343,2025-05-26,200000.0
980576,2025-06-16,1500000.0
981977,2025-06-02,300000.0
982863,2025-06-01,500000.0
983702,2025-05-26,800000.0
983798,2023-10-18,0.0
984096,2025-06-05,13000000.0
984699,2025-06-02,150000.0
985546,2025-05-29,500000.0
985849,2025-06-26,100000.0
986286,2025-06-02,50000.0
986298,2025-05-29,1500000.0
986300,2025-05-25,250000.0
988275,2025-04-23,100000.0
989574,2025-06-01,1500000.0
989817,2025-06-01,25000.0
989819,2025-06-01,200000.0
991459,2025-06-05,500000.0
991487,2025-06-02,1200000.0
992686,2025-05-29,600000.0
997861,2025-06-04,2500000.0
999127,2025-06-04,5000000.0
999402,2025-06-18,450000.0
1004297,2025-05-21,50000.0
1004301,2025-06-02,10000000.0
1004327,2025-05-26,3500000.0
1004619,2025-06-02,200000.0
1004834,2025-06-02,15000000.0
1005575,2025-05-29,30000000.0
1010855,2025-06-22,200000.0
1018938,2025-06-08,8000000.0
1026255,2025-05-27,700000.0
1027993,2025-06-23,500000.0
1038950,2025-06-24,5000000.0
1040080,2025-06-26,800000.0
1041555,2025-04-23,300000.0
1041934,2025-06-24,200000.0
1042600,2025-06-17,150000.0
1044893,2025-06-02,4000000.0
1045344,2025-06-04,800000.0
1046867,2025-06-05,4000000.0
1047104,2025-06-02,200000.0
1047261,2025-05-29,1000000.0
1052287,2025-06-02,200000.0
1052290,2024-12-09,0.0
1052291,2025-05-25,350000.0
1052439,2025-06-15,10000000.0
1054909,2025-06-24,300000.0
1055860,2025-06-24,300000.0
1056655,2025-06-23,200000.0
1056993,2025-06-05,60000000.0
1057820,2025-06-02,5000000.0
1058354,2025-06-16,1000000.0
1061277,2025-06-24,50000.0
1061283,2025-06-08,1000000.0
1063553,2025-06-08,800000.0
1064121,2025-06-24,500000.0
1064506,2025-06-23,500000.0
1068110,2025-06-02,2500000.0
1072902,2025-06-22,125000.0
1073032,2025-06-02,100000.0
1075574,2025-06-02,200000.0
1075577,2025-06-05,15000000.0
1076815,2025-06-08,15000000.0
1083024,2025-05-25,300000.0
1087022,2025-05-25,150000.0
1088818,2025-05-26,300000.0
1089802,2025-05-29,300000.0
1093482,2025-06-02,700000.0
1101719,2025-06-01,50000.0
1108022,2025-06-10,1500000.0
1108049,2025-05-29,1000000.0
1108203,2025-06-08,300000.0
1111663,2025-06-16,600000.0
1111776,2025-06-01,600000.0
1111912,2025-06-09,1000000.0
1119453,2025-06-02,1000000.0
1126894,2025-06-02,2000000.0
1134251,2025-06-01,500000.0
1155608,2025-06-05,1500000.0
1160814,2025-06-02,50000.0
1168219,2025-06-10,3000000.0
1170286,2025-06-02,200000.0
1170813,2025-06-18,400000.0
1178474,2025-06-02,4000000.0
1178489,2025-06-01,400000.0
1178748,2025-06-24,150000.0
1186245,2025-06-24,500000.0
1193867,2025-05-29,5000000.0
1204959,2025-06-24,50000.0
1210422,2024-12-12,100000.0
1231401,2025-06-02,400000.0
1268764,2025-06-24,300000.0
1280281,2025-06-04,500000.0
1301775,2025-06-24,3000000.0
1305564,2025-06-24,200000.0
1364454,2025-06-23,5000000.0
1390649,2025-06-08,1500000.0
